date,interval,timestamp,slot,weekday,weekday_name,month,day_of_year,grid,charge_cap,discharge_cap,soc_reserve_kwh,net_kwh,initial_soc,price,charge,discharge,emergency,unused,soc,planned_cost,emergency_cost
2025-06-01,00:00-00:10,2025-06-01 00:10:00,1,7,星期日,6,152,627.53043108322083,84.187698095167917,833.33333333333326,1647.4340731567586,718.92688333333331,9457.6230255799437,0.42480000000000001,0,91.396452250112475,0,0,9356.0714119687073,266.57492712415223,0
2025-06-01,00:10-00:20,2025-06-01 00:20:00,2,7,星期日,6,152,678.20529867574112,138.28402234972398,833.33333333333326,1656.9031063174307,681.87834999999995,9457.6230255799437,0.42449999999999999,0,3.6730513242588358,0,0,9351.9902438306417,287.89814928785211,0
2025-06-01,00:20-00:30,2025-06-01 00:30:00,3,7,星期日,6,152,640.0899158540725,69.320616243653234,833.33333333333326,1653.6843290572997,673.10833333333335,9457.6230255799437,0.4269,0,33.018417479260847,0,0,9315.3031132981305,273.25438507810355,0
2025-06-01,00:30-00:40,2025-06-01 00:40:00,4,7,星期日,6,152,592.02034447540893,38.889615630458024,833.33333333333326,1667.7941968435409,683.15264999999999,9457.6230255799437,0.42720000000000002,0,91.132305524591061,0,0,9214.0449960485857,252.91109115989471,0
2025-06-01,00:40-00:50,2025-06-01 00:50:00,5,7,星期日,6,152,588.27841848748039,36.059514139236569,73.342961277411106,1708.2103425879361,693.08809999999994,9457.6230255799437,0.42709999999999998,0,73.342961277411106,31.46672023510844,0,9132.5528168514629,251.25371253600287,67.197181062074065
2025-06-01,00:50-01:00,2025-06-01 01:00:00,6,7,星期日,6,152,615.12325244842873,72.312817653464521,12.303104355570099,1741.7378039022533,684.74666666666656,9457.6230255799437,0.42849999999999999,0,12.303104355570099,57.320309862667727,0,9118.8827009008291,263.58031367415168,122.80876388076561
2025-06-01,01:00-01:10,2025-06-01 01:10:00,7,7,星期日,6,152,561.23790350610523,16.687156555056958,60.777155638203226,1742.923974245027,656.15228333333334,9457.6230255799437,0.43109999999999998,0,60.777155638203226,34.137224189024892,0,9051.3525279694913,241.94966020148195,73.582786739443151
2025-06-01,01:10-01:20,2025-06-01 01:20:00,8,7,星期日,6,152,582.26400323736527,49.018875247109889,44.257730151327678,1748.766072355914,658.03883333333329,9457.6230255799437,0.43020000000000003,0,44.257730151327678,31.517099944640336,0,9002.1772722457936,250.48997419271456,67.793281980921364
2025-06-01,01:20-01:30,2025-06-01 01:30:00,9,7,星期日,6,152,614.92136646560039,30.763689191823005,46.397166499913624,1764.3814323902452,671.07999999999993,9457.6230255799437,0.4279,0,46.397166499913624,9.7614670344859178,0,8950.6248650236666,263.12485271063042,20.884658720282619
2025-06-01,01:30-01:40,2025-06-01 01:40:00,10,7,星期日,6,152,606.69116236390073,38.794819791439764,28.779787915214381,1726.3747107319352,634.89059999999995,9457.6230255799437,0.43120000000000003,0,28.199437636099219,0,0,8919.2921565391116,261.605229211314,0
2025-06-01,01:40-01:50,2025-06-01 01:50:00,11,7,星期日,6,152,582.43124874348484,16.541918880404911,44.637689433642812,1705.6408549387709,650.6849166666666,9457.6230255799437,0.43330000000000002,0,44.637689433642812,23.615978489538939,0,8869.694723835064,252.36746008055201,51.164017397586115
2025-06-01,01:50-02:00,2025-06-01 02:00:00,12,7,星期日,6,152,577.0940337785911,15.730542386895745,67.110818213590733,1705.4249626361666,701.22166666666658,9457.6230255799437,0.43109999999999998,0,67.110818213590733,57.016814674484749,0,8795.1271480421856,248.7852379619506,122.89974403085188
2025-06-01,02:00-02:10,2025-06-01 02:10:00,13,7,星期日,6,152,652.52226590578573,80.386547797991213,0,1698.6312408516123,666.54781666666668,9457.6230255799437,0.42930000000000001,0,0,14.025550760880947,0,8795.1271480421856,280.1278087533538,30.105844708230954
2025-06-01,02:10-02:20,2025-06-01 02:20:00,14,7,星期日,6,152,666.08783806848248,98.892172313119588,0,1662.9512922445551,648.88696666666669,9457.6230255799437,0.43240000000000001,17.200871401815789,0,0,0,8810.6079323038193,288.01638118081183,0
2025-06-01,02:20-02:30,2025-06-01 02:30:00,15,7,星期日,6,152,603.81908656756661,68.205794542910894,34.979011557955836,1629.9549203809943,669.99499999999989,9457.6230255799437,0.43669999999999998,0,34.979011557955836,31.19690187447744,0,8771.7423639060908,263.68779510405631,68.118435242921493
2025-06-01,02:30-02:40,2025-06-01 02:40:00,16,7,星期日,6,152,592.98123143487192,31.829017735652975,45.881666437781064,1611.6278994753573,649.28188333333333,9457.6230255799437,0.43480000000000002,0,45.881666437781064,10.418985460680346,0,8720.7627345307792,257.82823942788229,22.650874391519071
2025-06-01,02:40-02:50,2025-06-01 02:50:00,17,7,星期日,6,152,592.23696146032898,9.2991240127219736,44.936432078151789,1578.5307911903501,644.07835,9457.6230255799437,0.4335,0,44.936432078151789,6.9049564615192267,0,8670.8333655550541,256.73472279305264,14.966493130342924
2025-06-01,02:50-03:00,2025-06-01 03:00:00,18,7,星期日,6,152,592.97809085968561,13.207334613146823,67.9735494584055,1599.4899277648601,662.03166666666664,9457.6230255799437,0.43569999999999998,0,67.9735494584055,1.0800263485755295,0,8595.3071994901584,258.36055418756501,2.3528374003717905
2025-06-01,03:00-03:10,2025-06-01 03:10:00,19,7,星期日,6,152,594.31613032011808,13.606487022711139,66.680411512786804,1600.2744013763584,647.2992999999999,9457.6230255799437,0.43740000000000001,0,52.983169679881826,0,0,8536.4370109569572,259.95387540201966,0
2025-06-01,03:10-03:20,2025-06-01 03:20:00,20,7,星期日,6,152,603.08178924268293,14.321750532104847,57.54748282295683,1619.9723351282155,630.97863333333328,9457.6230255799437,0.43709999999999999,0,27.896844090650347,0,0,8505.4405175229022,263.60705007797668,0
2025-06-01,03:20-03:30,2025-06-01 03:30:00,21,7,星期日,6,152,622.18216394544072,20.802216050538348,46.336173246701151,1609.1813786791588,625.60166666666669,9457.6230255799437,0.43559999999999999,0,3.4195027212259674,0,0,8501.6410700548731,271.02255061463399,0
2025-06-01,03:30-03:40,2025-06-01 03:40:00,22,7,星期日,6,152,621.71561634367561,28.263202856706044,52.958516684976871,1599.662320506736,612.75394999999992,9457.6230255799437,0.43530000000000002,8.961666343675688,0,0,0,8509.706569764181,270.63280779440203,0
2025-06-01,03:40-03:50,2025-06-01 03:50:00,23,7,星期日,6,152,637.62095376589457,58.066563676696092,40.697639543934692,1585.1254226999354,613.62318333333326,9457.6230255799437,0.436,23.99777043256131,0,0,0,8531.304563153486,278.00273584193002,0
2025-06-01,03:50-04:00,2025-06-01 04:00:00,24,7,星期日,6,152,625.71819209063028,36.428692123584597,44.174349610762015,1570.221627236077,623.49166666666656,9457.6230255799437,0.43780000000000002,2.2265254239637216,0,0,0,8533.3084360350531,273.93942449727797,0
2025-06-01,04:00-04:10,2025-06-01 04:10:00,25,7,星期日,6,152,624.49229151704287,40.911204154931049,27.864390162217813,1598.0641866256265,615.58169999999996,9457.6230255799437,0.44009999999999999,8.9105915170429171,0,0,0,8541.3279684003919,274.83905749665058,0
2025-06-01,04:10-04:20,2025-06-01 04:20:00,26,7,星期日,6,152,608.90845101050456,27.254875928087131,61.127583901673951,1626.5013313548307,618.24658333333332,9457.6230255799437,0.43890000000000001,0,9.3381323228287556,0,0,8530.952265819471,267.24991914851046,0
2025-06-01,04:20-04:30,2025-06-01 04:30:00,27,7,星期日,6,152,604.23653967761174,21.055237903469902,76.191719892118883,1595.5125731770931,631.58500000000004,9457.6230255799437,0.43640000000000001,0,27.348460322388291,0,0,8500.5650876834843,263.68882591530979,0
2025-06-01,04:30-04:40,2025-06-01 04:40:00,28,7,星期日,6,152,618.69215505472926,52.838024341543097,60.458565270186391,1512.7076044885987,624.44706666666661,9457.6230255799437,0.43930000000000002,0,5.7549116119373593,0,0,8494.1707414479988,271.79146371554259,0
2025-06-01,04:40-04:50,2025-06-01 04:50:00,29,7,星期日,6,152,637.46119353055826,50.131498682807852,12.920190525971856,1508.2013619113295,612.45958333333328,9457.6230255799437,0.44219999999999998,25.001610197224977,0,0,0,8516.6721906255007,281.88533977921287,0
2025-06-01,04:50-05:00,2025-06-01 05:00:00,30,7,星期日,6,152,660.43557923278865,96.817020864873854,28.743956572480101,1517.409980714247,606.28499999999997,9457.6230255799437,0.4395,54.150579232788687,0,0,0,8565.4077119350113,290.26143707281062,0
2025-06-01,05:00-05:10,2025-06-01 05:10:00,31,7,星期日,6,152,628.60120057439121,67.230933342326892,28.983454283072319,1537.916317892194,589.84013333333337,9457.6230255799437,0.43330000000000002,38.761067241057845,0,0,0,8600.2926724519639,272.37290020888372,0
2025-06-01,05:10-05:20,2025-06-01 05:20:00,32,7,星期日,6,152,598.58026728043944,79.820601745788082,29.918283906267106,1603.8476628199151,569.21704999999997,9457.6230255799437,0.44390000000000002,29.363217280439471,0,0,0,8626.7195680043587,265.70978064578708,0
2025-06-01,05:20-05:30,2025-06-01 05:30:00,33,7,星期日,6,152,575.60292117994175,71.877619884996278,0,1702.2991536666843,534.86041666666665,9457.6230255799437,0.43009999999999998,40.742504513275094,0,0,0,8663.3878220663064,247.56681639949292,0
2025-06-01,05:30-05:40,2025-06-01 05:40:00,34,7,星期日,6,152,1303.0748129206909,833.33333333333326,0,1745.5202839231692,486.61158333333333,9457.6230255799437,0.37130000000000002,816.46322958735755,0,0,0,9398.2047286949273,483.83167803745255,0
2025-06-01,05:40-05:50,2025-06-01 05:50:00,35,7,星期日,6,152,531.40645214680978,25.51197688330393,43.890820150191473,1705.7734137790142,529.0291166666666,9457.6230255799437,0.57079999999999997,2.3773354801431879,0,0,0,9400.3443306270565,303.32680288539899,0
2025-06-01,05:50-06:00,2025-06-01 06:00:00,36,7,星期日,6,152,22.426767566686788,0,661.65421347851884,1624.0549404773926,620.84208333333333,9457.6230255799437,0.90990000000000004,0,598.41531576664659,0,0,8735.438424219672,20.406115808928309,0
2025-06-01,06:00-06:10,2025-06-01 06:10:00,37,7,星期日,6,152,21.279741162272536,0,614.39054539864821,1609.7694657983172,602.31861666666657,9457.6230255799437,0.93679999999999997,0,581.03887550439401,0,0,8089.839673659234,19.934861520816913,0
2025-06-01,06:10-06:20,2025-06-01 06:20:00,38,7,星期日,6,152,23.45299904163997,0,559.7847886744911,1596.2314673269443,526.62103333333323,9457.6230255799437,0.87580000000000002,0,503.16803429169329,0,0,7530.7640800017971,20.540136560668287,0
2025-06-01,06:20-06:30,2025-06-01 06:30:00,39,7,星期日,6,152,23.669893098199942,0,500.55357621622539,1588.1589183683707,453.84791666666672,9457.6230255799437,0.87590000000000001,0,430.17802356846676,0,0,7052.7884982590567,20.732459364713328,0
2025-06-01,06:30-06:40,2025-06-01 06:40:00,40,7,星期日,6,152,24.122453114104793,0,479.9281473545214,1622.9966425825464,396.94233333333329,9457.6230255799437,0.86009999999999998,0,372.81988021922848,0,0,6638.5441869043589,20.747721923441532,0
2025-06-01,06:40-06:50,2025-06-01 06:50:00,41,7,星期日,6,152,25.016040978211581,0,461.39335480274184,1658.3750869445153,371.22969999999998,9457.6230255799437,0.84419999999999995,0,346.21365902178837,0,0,6253.8623435468162,21.118541793806216,0
2025-06-01,06:50-07:00,2025-06-01 07:00:00,42,7,星期日,6,152,25.486661917353292,0,413.08176703813535,1705.6882250249585,354.14249999999993,9457.6230255799437,0.83340000000000003,0,328.65583808264665,0,0,5888.6891901216532,21.240584041922233,0
2025-06-01,07:00-07:10,2025-06-01 07:10:00,43,7,星期日,6,152,26.518559277458309,0,391.69761722613646,1739.8655920026588,305.0148333333334,9457.6230255799437,0.80920000000000003,0,278.49627405587512,0,0,5579.2488856151249,21.458818167319265,0
2025-06-01,07:10-07:20,2025-06-01 07:20:00,44,7,星期日,6,152,27.030243918832706,0,373.42269445943242,1737.0437393762259,263.55873333333329,9457.6230255799437,0.79720000000000002,0,236.5284894145006,0,0,5316.4394529323463,21.548510452093435,0
2025-06-01,07:20-07:30,2025-06-01 07:30:00,45,7,星期日,6,152,28.203138129065561,0,315.94895137894179,1741.4862028484795,214.92708333333331,9457.6230255799437,0.76439999999999997,0,186.72394520426775,0,0,5108.9684027053818,21.558478785857712,0
2025-06-01,07:30-07:40,2025-06-01 07:40:00,46,7,星期日,6,152,31.379846944264909,0,311.31733801607078,1818.0840561261571,130.62508333333341,9457.6230255799437,0.68989999999999996,0,99.245236389068495,0,0,4998.6959178286388,21.64895640684836,0
2025-06-01,07:40-07:50,2025-06-01 07:50:00,47,7,星期日,6,152,24.126717152782916,0,335.75412636503194,1847.245412595385,213.36703333333335,9457.6230255799437,0.85999999999999999,0,189.24031618055045,0,0,4788.4288998502498,20.748976751393307,0
2025-06-01,07:50-08:00,2025-06-01 08:00:00,48,7,星期日,6,152,11.496641984704631,0,515.68788502908274,1794.4338537556412,393.9595833333334,9457.6230255799437,1.1617,0,382.46294134862876,0,0,4363.4700761295508,13.35564899363137,0
2025-06-01,08:00-08:10,2025-06-01 08:10:00,49,7,星期日,6,152,11.201844003377289,0,449.79455987418692,1739.1346591541396,381.16266666666661,9457.6230255799437,1.1682999999999999,0,369.96082266328932,0,0,3952.4024953925627,13.087114349145686,0
2025-06-01,08:10-08:20,2025-06-01 08:20:00,50,7,星期日,6,152,14.30635250332287,0,395.66295306117456,1797.3261557734884,311.11193333333341,9457.6230255799437,1.0955999999999999,0,296.80558083001051,0,0,3622.6185166925511,15.674039802640536,0
2025-06-01,08:20-08:30,2025-06-01 08:30:00,51,7,星期日,6,152,15.094362952054343,0,394.45041287444639,1852.6576202301337,280.76041666666663,9457.6230255799437,1.0849,0,265.6660537146123,0,0,3327.4340125652043,16.375874366683757,0
2025-06-01,08:30-08:40,2025-06-01 08:40:00,52,7,星期日,6,152,15.523240301055559,0,264.71179498669835,1852.2141026628997,249.84925000000004,9457.6230255799437,1.0609999999999999,0,234.32600969894449,0,0,3067.0717795663772,16.470157959419947,0
2025-06-01,08:40-08:50,2025-06-01 08:50:00,53,7,星期日,6,152,15.122183194770169,24.26094239398228,267.24982466618741,1881.1096981947762,227.28963333333331,9457.6230255799437,1.0429999999999999,0,0,212.16745013856314,0,3067.0717795663772,15.772437072145285,1106.4532524726067
2025-06-01,08:50-09:00,2025-06-01 09:00:00,54,7,星期日,6,152,15.8077718936973,0,245.03520661875459,1915.7497634324463,221.87916666666661,9457.6230255799437,1.036,0,0,206.07139477296931,0,3067.0717795663772,16.376851681870402,1067.4498249239809
2025-06-01,09:00-09:10,2025-06-01 09:10:00,55,7,星期日,6,152,15.891578516981291,23.065010513287383,182.6092763772167,1919.2341779630578,225.67189999999997,9457.6230255799437,1.0146999999999999,0,0,209.78032148301867,0,3067.0717795663772,16.125184721180915,1064.3204610440951
2025-06-01,09:10-09:20,2025-06-01 09:20:00,56,7,星期日,6,152,7.6195087427564925,47.082689493108923,116.83650352483815,1920.8327672936668,221.11123333333336,9457.6230255799437,0.99219999999999997,0,0,213.49172459057687,0,3067.0717795663772,7.5600765745629914,1059.1324456938519
2025-06-01,09:20-09:30,2025-06-01 09:30:00,57,7,星期日,6,152,8.3960823025211351,76.693870895607375,117.27641868840556,1886.7353114404355,214.78291666666669,9457.6230255799437,0.96999999999999997,0,0,206.38683436414556,0,3067.0717795663772,8.1441998334455015,1000.9761466661059
2025-06-01,09:30-09:40,2025-06-01 09:40:00,58,7,星期日,6,152,0,135.86297375475547,161.41623524823171,1910.3028260135909,223.01879999999997,9457.6230255799437,0.94220000000000004,0,0,223.01879999999997,0,3067.0717795663772,0,1050.6415668
2025-06-01,09:40-09:50,2025-06-01 09:50:00,59,7,星期日,6,152,0,176.64427853690842,110.72882566984799,1964.1491567323328,198.62799999999999,9457.6230255799437,0.95689999999999997,0,0,198.62799999999999,0,3067.0717795663772,0,950.33566599999983
2025-06-01,09:50-10:00,2025-06-01 10:00:00,60,7,星期日,6,152,0,173.90254998271212,66.683645825173841,1948.5362262340132,147.77333333333337,9457.6230255799437,0.99770000000000003,0,0,147.77333333333337,0,3067.0717795663772,0,737.16727333333358
2025-06-01,10:00-10:10,2025-06-01 10:10:00,61,7,星期日,6,152,0,155.76433556454276,88.047807822473857,1893.8406931638574,127.42089999999992,9457.6230255799437,0.9919,0,0,127.42089999999992,0,3067.0717795663772,0,631.94395354999961
2025-06-01,10:10-10:20,2025-06-01 10:20:00,62,7,星期日,6,152,0,163.40909331930635,88.060994722769919,1776.3827384264632,120.34010000000004,9457.6230255799437,0.95879999999999999,0,81.620137025922631,38.719962974077404,0,2976.3827384264632,0,185.62350249772706
2025-06-01,10:20-10:30,2025-06-01 10:30:00,63,7,星期日,6,152,0,253.21733655788921,69.297466466317232,1759.7153278077533,105.64208333333332,9457.6230255799437,0.95489999999999997,0,15.000669556838943,90.641413776494375,0,2959.7153278077531,0,432.76743007587237
2025-06-01,10:30-10:40,2025-06-01 10:40:00,64,7,星期日,6,152,0,295.73323737983583,61.788760701491313,1766.2959091815126,91.107516666666612,9457.6230255799437,0.9839,0,0,91.107516666666612,0,2959.7153278077531,0,448.20342824166642
2025-06-01,10:40-10:50,2025-06-01 10:50:00,65,7,星期日,6,152,0,329.53971456141801,84.372525255930967,1727.5683636105196,131.90079999999989,9457.6230255799437,0.79900000000000004,0,28.932267777510152,102.96853222248974,0,2927.5683636105196,0,411.35928622884654
2025-06-01,10:50-11:00,2025-06-01 11:00:00,66,7,星期日,6,152,0,318.74749571448621,0,1595.6183850916689,188.52958333333328,9457.6230255799437,0.50249999999999995,0,0,188.52958333333328,0,2927.5683636105196,0,473.68057812499978
2025-06-01,11:00-11:10,2025-06-01 11:10:00,67,7,星期日,6,152,71.790144139753806,357.47335392552452,0,1514.0644432181602,158.89023333333321,9457.6230255799437,0.4662,0,0,87.100089193579407,0,2927.5683636105196,33.468565197953225,203.0303079102336
2025-06-01,11:10-11:20,2025-06-01 11:20:00,68,7,星期日,6,152,0,439.14760740532893,0,1501.369401970938,111.79858333333337,9457.6230255799437,0.50070000000000003,0,0,111.79858333333337,0,2927.5683636105196,0,279.8877533750001
2025-06-01,11:20-11:30,2025-06-01 11:30:00,69,7,星期日,6,152,0,482.34225666126576,0,1456.7665771215143,69.930833333333339,9457.6230255799437,0.48270000000000002,0,0,69.930833333333339,0,2927.5683636105196,0,168.77806625000002
2025-06-01,11:30-11:40,2025-06-01 11:40:00,70,7,星期日,6,152,0,489.47275515740694,0,1354.3529225118646,0.055233333333338422,9457.6230255799437,0.47849999999999998,0,0,0.055233333333338422,0,2927.5683636105196,0,0.13214575000001219
2025-06-01,11:40-11:50,2025-06-01 11:50:00,71,7,星期日,6,152,334.53873870344353,833.33333333333326,0,1272.719483707906,-2.0422499999999673,9457.6230255799437,0.4662,336.5809887034435,0,0,0,3230.4912534436189,155.96195998354537,0
2025-06-01,11:50-12:00,2025-06-01 12:00:00,72,7,星期日,6,152,239.77520842197845,833.33333333333326,0,1207.7848317651162,21.992083333333387,9457.6230255799437,0.44319999999999998,217.78312508864505,0,0,0,3426.4960660233996,106.26837237262085,0
2025-06-01,12:00-12:10,2025-06-01 12:10:00,73,7,星期日,6,152,232.74384141716769,833.33333333333326,0,1182.3261376996077,-76.00319999999995,9457.6230255799437,0.44109999999999999,308.74704141716762,0,0,0,3704.3684032988504,102.66330844911266,0
2025-06-01,12:10-12:20,2025-06-01 12:20:00,74,7,星期日,6,152,328.15626731477101,833.33333333333326,0,1012.8582791644909,-189.84418333333329,9457.6230255799437,0.4551,518.00045064810433,0,0,0,4170.5688088821444,149.34391725495229,0
2025-06-01,12:20-12:30,2025-06-01 12:30:00,75,7,星期日,6,152,410.702973732131,833.33333333333326,0,960.32162628319361,-200.18666666666664,9457.6230255799437,0.44629999999999997,610.88964039879761,0,0,0,4720.3694852410626,183.29673717665005,0
2025-06-01,12:30-12:40,2025-06-01 12:40:00,76,7,星期日,6,152,374.1331152748935,833.33333333333326,0,958.10132081295706,-81.766266666666667,9457.6230255799437,0.4113,455.89938194156014,0,0,0,5130.6789289884664,153.8809503125637,0
2025-06-01,12:40-12:50,2025-06-01 12:50:00,77,7,星期日,6,152,0,580.94180884550155,0,864.09919976210062,27.854666666666617,9457.6230255799437,0.56820000000000004,0,0,27.854666666666617,0,5130.6789289884664,0,79.13510799999986
2025-06-01,12:50-13:00,2025-06-01 13:00:00,78,7,星期日,6,152,0,543.49701313722016,0,900.04994859842134,48.497083333333343,9457.6230255799437,0.82789999999999997,0,0,48.497083333333343,0,5130.6789289884664,0,200.75367645833336
2025-06-01,13:00-13:10,2025-06-01 13:10:00,79,7,星期日,6,152,0,499.36754305318266,0,879.2193955123571,10.199749999999918,9457.6230255799437,0.86360000000000003,0,0,10.199749999999918,0,5130.6789289884664,0,44.042520499999654
2025-06-01,13:10-13:20,2025-06-01 13:20:00,80,7,星期日,6,152,0,431.00997481099705,0,869.38724538631948,-9.1886666666667516,9457.6230255799437,0.84160000000000001,9.1886666666667516,0,0,0,5138.9487289884664,0,0
2025-06-01,13:20-13:30,2025-06-01 13:30:00,81,7,星期日,6,152,0,433.27644051330054,0,830.35938118269314,10.802083333333332,9457.6230255799437,0.86180000000000001,0,0,10.802083333333332,0,5138.9487289884664,0,46.546177083333333
2025-06-01,13:30-13:40,2025-06-01 13:40:00,82,7,星期日,6,152,0,429.66323514051794,0,767.02634536411927,31.163183333333411,9457.6230255799437,0.86229999999999996,0,0,31.163183333333411,0,5138.9487289884664,0,134.36006494166699
2025-06-01,13:40-13:50,2025-06-01 13:50:00,83,7,星期日,6,152,0,434.67404938475039,9.6349367044342156,704.90216768858477,48.577233333333268,9457.6230255799437,0.90259999999999996,0,9.6349367044342156,38.942296628899051,0,5128.243243761317,0,175.74658468622141
2025-06-01,13:50-14:00,2025-06-01 14:00:00,84,7,星期日,6,152,0,336.45722198213707,35.790954523261661,636.36520319979672,82.403749999999945,9457.6230255799437,0.97540000000000004,0,35.790954523261661,46.612795476738285,0,5088.4755165132483,0,227.33060354005264
2025-06-01,14:00-14:10,2025-06-01 14:10:00,85,7,星期日,6,152,0,312.70768647288344,25.413435358758527,574.67369112208689,140.65963333333335,9457.6230255799437,1.0002,0,25.413435358758527,115.24619797457481,0,5060.2383661146278,0,576.34623607084859
2025-06-01,14:10-14:20,2025-06-01 14:20:00,86,7,星期日,6,152,0,307.29244021582446,74.590304890498999,587.70505352693033,139.62950000000001,9457.6230255799437,0.99780000000000002,0,74.590304890498999,65.039195109501009,0,4977.3602495696286,0,324.48054440130051
2025-06-01,14:20-14:30,2025-06-01 14:30:00,87,7,星期日,6,152,0,272.15414510985784,134.92976933688738,504.47237246552157,101.15041666666669,9457.6230255799437,1.0270999999999999,0,101.15041666666669,0,0,4864.970897717777,0,0
2025-06-01,14:30-14:40,2025-06-01 14:40:00,88,7,星期日,6,152,0,262.80047930603371,112.53553754701902,492.6240613777386,128.15949999999989,9457.6230255799437,1.0906,0,112.53553754701902,15.623962452980876,0,4739.9314115544221,0,85.19746725610473
2025-06-01,14:40-14:50,2025-06-01 14:50:00,89,7,星期日,6,152,0,195.7710002976934,159.09254902429439,424.74678797040639,139.07844999999998,9457.6230255799437,0.93759999999999999,0,139.07844999999998,0,0,4585.3998004433106,0,0
2025-06-01,14:50-15:00,2025-06-01 15:00:00,90,7,星期日,6,152,27.159713701510363,185.93792252270222,169.8664655861117,379.52543241328431,132.14416666666676,9457.6230255799437,0.6694,0,104.98445296515641,0,0,4468.7504082598034,18.180712351791037,0
2025-06-01,15:00-15:10,2025-06-01 15:10:00,91,7,星期日,6,152,75.718771636955893,226.93647162051667,65.851549412960878,339.57051926593658,196.11880000000002,9457.6230255799437,0.66000000000000003,0,65.851549412960878,54.548478950083251,0,4395.5820200231801,49.974389280390895,180.00998053527474
2025-06-01,15:10-15:20,2025-06-01 15:20:00,92,7,星期日,6,152,74.552778856773273,164.10858940432837,78.8321874808627,311.56337828110634,274.66448333333329,9457.6230255799437,0.72170000000000001,0,78.8321874808627,121.27951699569732,0,4307.9907005999994,53.804740500933271,437.63713707897381
2025-06-01,15:20-15:30,2025-06-01 15:30:00,93,7,星期日,6,152,145.30516805780724,136.3484394043283,16.753351107550746,332.48774838363954,324.48958333333331,9457.6230255799437,0.73080000000000001,0,16.753351107550746,162.43106416797534,0,4289.3758660360545,106.18901681664553,593.52310846978185
2025-06-01,15:30-15:40,2025-06-01 15:40:00,94,7,星期日,6,152,161.69097137005798,83.300885424051856,146.07647715067347,324.2925386709959,359.79740000000004,9457.6230255799437,0.75339999999999996,0,146.07647715067347,52.02995147926859,0,4127.0686692019726,121.81797783020167,195.99682722240476
2025-06-01,15:40-15:50,2025-06-01 15:50:00,95,7,星期日,6,152,230.40586422748282,109.32955606640067,120.51365490850395,276.57033472434654,418.99366666666674,9457.6230255799437,0.7823,0,120.51365490850395,68.074147530679966,0,3993.1646081925237,180.2465075851598,266.27202806625468
2025-06-01,15:50-16:00,2025-06-01 16:00:00,96,7,星期日,6,152,313.18176553580457,117.19490770738986,68.401363093215423,258.11767684096861,480.13583333333327,9457.6230255799437,0.80549999999999999,0,68.401363093215423,98.552704704313271,0,3917.1630936445067,252.26791213909058,396.92101819662167
2025-06-01,16:00-16:10,2025-06-01 16:10:00,97,7,星期日,6,152,366.15038128273733,109.63537874309867,67.555801634564745,260.06845734946739,489.1550166666666,9457.6230255799437,0.82709999999999995,0,67.555801634564745,55.448833749364525,0,3842.1010918283237,302.84298035895205,229.30865197049695
2025-06-01,16:10-16:20,2025-06-01 16:20:00,98,7,星期日,6,152,393.90738974946242,80.545928277207054,99.929852818269026,263.94207578776883,523.03711666666663,9457.6230255799437,0.85189999999999999,0,99.929852818269026,29.199874098935183,0,3731.0679220302468,335.56970532756702,124.37686372441442
2025-06-01,16:20-16:30,2025-06-01 16:30:00,99,7,星期日,6,152,436.18496054775142,125.33804089614773,115.26643760329739,199.42539820568905,605.68416666666667,9457.6230255799437,0.87909999999999999,0,115.26643760329739,54.232768515617863,0,3602.9941024710274,383.45019881752825,238.38013401039834
2025-06-01,16:30-16:40,2025-06-01 16:40:00,100,7,星期日,6,152,536.32333613325409,184.32557699054405,29.519063519022893,173.41584167062445,684.38611666666657,9457.6230255799437,0.90239999999999998,0,29.519063519022893,118.54371701438959,0,3570.1951430054464,483.97817852664849,534.86925116892576
2025-06-01,16:40-16:50,2025-06-01 16:50:00,101,7,星期日,6,152,565.50628683887885,142.57151629432701,48.657794617110525,199.44574638531091,745.65260000000001,9457.6230255799437,0.9163,0,48.657794617110525,131.48851854401062,0,3516.1309267642123,518.17341063046467,602.41464770938467
2025-06-01,16:50-17:00,2025-06-01 17:00:00,102,7,星期日,6,152,627.42643081059384,166.81867443592648,73.842131268572984,219.21227910962787,772.70666666666659,9457.6230255799437,0.9264,0,73.842131268572984,71.438104587499765,0,3434.0841142435756,581.24784550293418,330.9013004492989
2025-06-01,17:00-17:10,2025-06-01 17:10:00,103,7,星期日,6,152,680.48930965889906,139.699341214269,20.661036955957833,218.414346046996,758.95328333333327,9457.6230255799437,0.94620000000000004,0,20.661036955957833,57.802936718476381,0,3411.1274065147336,643.87898479925036,273.46569361511177
2025-06-01,17:10-17:20,2025-06-01 17:20:00,104,7,星期日,6,152,731.38615527162744,136.56354609355162,50.98220567265286,209.96681186171276,790.52185000000009,9457.6230255799437,0.97419999999999995,0,50.98220567265286,8.1534890557197812,0,3354.4805113228972,712.51639246561945,39.715645190411053
2025-06-01,17:20-17:30,2025-06-01 17:30:00,105,7,星期日,6,152,786.49019177171692,202.93037990478058,55.832406431307469,208.30350640217571,881.88166666666677,9457.6230255799437,0.98619999999999997,0,55.832406431307469,39.559068463642383,0,3292.444504177,775.63662712526718,195.06576659422061
2025-06-01,17:30-17:40,2025-06-01 17:40:00,106,7,星期日,6,152,847.56989349228479,146.39376301225261,65.868084039052036,199.54951415703962,940.89143333333323,9457.6230255799437,0.97599999999999998,0,65.868084039052036,27.453455801996398,0,3219.2577441336089,827.2282160484699,133.97286431374241
2025-06-01,17:40-17:50,2025-06-01 17:50:00,107,7,星期日,6,152,787.48092228566838,112.05498272028046,37.033145188181791,202.02641005670171,838.73209999999995,9457.6230255799437,1.0742,0,37.033145188181791,14.21803252614977,0,3178.1098050356291,845.91200671926504,76.365052697950418
2025-06-01,17:50-18:00,2025-06-01 18:00:00,108,7,星期日,6,152,606.31220888666417,69.273383329199305,48.490303731845437,200.91708511910414,661.03124999999989,9457.6230255799437,1.2313000000000001,0,48.490303731845437,6.2287373814902836,0,3124.2316897780229,746.55222280214957,38.347221689144931
2025-06-01,18:00-18:10,2025-06-01 18:10:00,109,7,星期日,6,152,628.06413005833053,96.996303269315376,92.649325136058692,209.45493087975348,640.78096666666659,9457.6230255799437,1.2561,0,12.716836608336052,0,0,3110.1018713243161,788.91135376626903,0
2025-06-01,18:10-18:20,2025-06-01 18:20:00,110,7,星期日,6,152,692.81482069863512,86.71212643308138,74.82229161380107,197.1120889800616,712.67224999999985,9457.6230255799437,1.2446999999999999,0,19.857429301364732,0,0,3088.0380609894664,862.34660732359112,0
2025-06-01,18:20-18:30,2025-06-01 18:30:00,111,7,星期日,6,152,727.09015652797359,110.60720457568334,55.534446016298205,207.80672342405211,791.90999999999997,9457.6230255799437,1.2544999999999999,0,55.534446016298205,9.2853974557281731,0,3026.3331209713574,912.13460136434287,58.242655541054965
2025-06-01,18:30-18:40,2025-06-01 18:40:00,112,7,星期日,6,152,799.88892368931749,99.507943492610025,45.39027252778471,210.7565923667843,854.62646666666672,9457.6230255799437,1.2522,0,45.39027252778471,9.3472704495645118,0,2975.8994848293746,1001.6209102437633,58.523260284723406
2025-06-01,18:40-18:50,2025-06-01 18:50:00,113,7,星期日,6,152,808.54612267594507,73.452717251896729,89.384737926162984,209.87898301718459,890.8069999999999,9457.6230255799437,1.2881,0,82.260877324054832,0,0,2884.4985100248691,1041.4882606188849,0
2025-06-01,18:50-19:00,2025-06-01 19:00:00,114,7,星期日,6,152,39.258254583875782,0,833.06758095238092,213.33534230756499,899.73333333333323,9457.6230255799437,1.3466,0,833.06758095238092,27.40749779707653,0,1958.8678645222237,52.865165622647126,184.53468266771628
2025-06-01,19:00-19:10,2025-06-01 19:10:00,115,7,星期日,6,152,34.825869198081534,0,833.06758095238092,218.82217137426701,891.44934999999998,9457.6230255799437,1.3523000000000001,0,486.04112383316107,370.58235696875744,0,1418.8221713742669,47.095022916565661,2505.6926066442534
2025-06-01,19:10-19:20,2025-06-01 19:20:00,116,7,星期日,6,152,32.280009473799524,0,833.05429333333325,212.09581112046834,901.49849999999992,9457.6230255799437,1.3445,0,6.0537242284186794,863.16476629778174,0,1412.0958111204684,43.400472737523458,5802.625141436838
2025-06-01,19:20-19:30,2025-06-01 19:30:00,117,7,星期日,6,152,43.114212021923308,0,833.33333333333326,193.81411545532643,903.09333333333336,9457.6230255799437,1.3483000000000001,0,16.453526098627773,843.52559521278226,0,1393.8141154553264,58.130892069159195,5686.627800126972
2025-06-01,19:30-19:40,2025-06-01 19:40:00,118,7,星期日,6,152,40.899453028531582,0,833.05429333333325,185.12259944803114,853.79029999999989,9457.6230255799437,1.349,0,7.8223644065657112,805.06848256490264,0,1385.1225994480312,55.1733621354891,5430.1869149002687
2025-06-01,19:40-19:50,2025-06-01 19:50:00,119,7,星期日,6,152,63.861867801438855,0,833.05429333333325,178.57171510112832,856.20275000000004,9457.6230255799437,1.3472999999999999,0,5.8957959122126145,786.44508628634856,0,1378.5717151011283,86.041094488878571,5297.8873237679863
2025-06-01,19:50-20:00,2025-06-01 20:00:00,120,7,星期日,6,152,29.032934360966415,0,833.05429333333325,175.83317809995276,906.84499999999991,9457.6230255799437,1.3482000000000001,0,2.4646833010580282,875.34738233797543,0,1375.8331780999529,39.142202105454921,5900.7167043402933
2025-06-01,20:00-20:10,2025-06-01 20:10:00,121,7,星期日,6,152,58.62335640319781,0,833.33333333333326,173.24308783550214,902.0009,9457.6230255799437,1.3512999999999999,0,2.3310812380056634,841.04646235879648,0,1373.2430878355021,79.217741507641193,5682.5304229272087
2025-06-01,20:10-20:20,2025-06-01 20:20:00,122,7,星期日,6,152,565.14651325456828,0,337.8220066511293,161.40980701460785,901.85381666666672,9457.6230255799437,1.3400000000000001,0,10.64995273880486,326.05735067329357,0,1361.4098070146078,757.29632776112157,2184.5842495110669
2025-06-01,20:20-20:30,2025-06-01 20:30:00,123,7,星期日,6,152,84.051748765978431,0,833.33333333333326,154.84716950691484,912.5766666666666,9457.6230255799437,1.3489,0,5.9063737569237107,822.61854414376444,0,1354.8471695069147,113.3774039104283,5548.1507709776197
2025-06-01,20:30-20:40,2025-06-01 20:40:00,124,7,星期日,6,152,35.522495817358916,0,833.33333333333326,147.66925676134801,879.03641666666658,9457.6230255799437,1.3952,0,6.4601214710100434,837.05379937829753,0,1347.6692567613479,49.560986164379159,5839.2873044630032
2025-06-01,20:40-20:50,2025-06-01 20:50:00,125,7,星期日,6,152,796.81367571663361,49.665958873998648,111.52208604087002,152.87729404551925,881.85866666666664,9457.6230255799437,1.2225999999999999,0,0,85.044990950033025,0,1347.6692567613479,974.18439993115624,519.88002967755187
2025-06-01,20:50-21:00,2025-06-01 21:00:00,126,7,星期日,6,152,901.70332763127408,90.194573150292854,40.635759216627939,149.9906134600887,922.56333333333328,9457.6230255799437,0.93320000000000003,0,0,20.860005702059198,0,1347.6692567613479,841.46954534550503,97.332786605808224
2025-06-01,21:00-21:10,2025-06-01 21:10:00,127,7,星期日,6,152,824.24786278477325,55.87636771110715,46.258622836767906,148.68045428701825,917.08875,9457.6230255799437,0.90680000000000005,0,0,92.840887215226758,0,1347.6692567613479,747.42796197323241,420.94058263383818
2025-06-01,21:10-21:20,2025-06-01 21:20:00,128,7,星期日,6,152,810.45786773090538,94.350393109563356,31.064163985962821,140.21740364729067,894.72194999999988,9457.6230255799437,0.93710000000000004,0,6.7066678026515323,77.557414466442964,0,1340.2174036472907,759.48006785063149,363.39526548251854
2025-06-01,21:20-21:30,2025-06-01 21:30:00,129,7,星期日,6,152,809.59835343857799,62.748429923493745,55.122991946452657,134.80900726407938,897.63666666666654,9457.6230255799437,0.93710000000000004,0,4.8675567448901544,83.170756483198403,0,1334.8090072640794,758.67461700729143,389.69657950202611
2025-06-01,21:30-21:40,2025-06-01 21:40:00,130,7,星期日,6,152,775.6720017675292,0,107.84058984235776,132.82052555315028,918.17573333333326,9457.6230255799437,0.98709999999999998,0,1.7896335398361713,140.7140980259679,0,1332.8205255531502,765.66583294472809,694.49443080716458
2025-06-01,21:40-21:50,2025-06-01 21:50:00,131,7,星期日,6,152,731.34842933665436,0,72.435529703167347,111.20212398302792,826.15751666666665,9457.6230255799437,0.77639999999999998,0,19.456561413110073,75.352525916902209,0,1311.2021239830278,567.81892053697845,292.51850560941438
2025-06-01,21:50-22:00,2025-06-01 22:00:00,132,7,星期日,6,152,646.5780277230358,59.065551789424831,43.267675500091549,123.01876677177964,688.08500000000004,9457.6230255799437,0.4209,0,0,41.506972276964234,0,1311.2021239830278,272.14469186862578,87.35142315687122
2025-06-01,22:00-22:10,2025-06-01 22:10:00,133,7,星期日,6,152,655.30451648142036,57.341249656595764,0.40126407967042138,115.97796771093002,706.64996666666661,9457.6230255799437,0.38590000000000002,0,0,51.34545018524625,0,1311.2021239830278,252.88201291018012,99.071046132432642
2025-06-01,22:10-22:20,2025-06-01 22:20:00,134,7,星期日,6,152,636.96660728180404,56.573991884241764,15.112850961110016,119.36466019289502,728.52565000000004,9457.6230255799437,0.43680000000000002,0,0,91.559042718195997,0,1311.2021239830278,278.227014060692,199.96494929654008
2025-06-01,22:20-22:30,2025-06-01 22:30:00,135,7,星期日,6,152,607.93402990182551,52.472229851987436,57.771822156270972,115.2406364889568,685.31666666666661,9457.6230255799437,0.41980000000000001,0,0,77.382636764841095,0,1311.2021239830278,255.21070575278637,162.42615456940146
2025-06-01,22:30-22:40,2025-06-01 22:40:00,136,7,星期日,6,152,632.17755190662569,65.787118244623116,37.270288198181007,101.77227025241135,659.39423333333332,9457.6230255799437,0.41860000000000003,0,8.4868683575548385,18.729813069152783,0,1301.7722702524113,264.62952322811356,39.201498753736772
2025-06-01,22:40-22:50,2025-06-01 22:50:00,137,7,星期日,6,152,630.44689932815379,77.437510874845429,28.295115027846688,100.11545462042493,633.2945166666666,9457.6230255799437,0.42409999999999998,0,1.4911340687877512,1.3564832697250537,0,1300.115454620425,267.37253000507002,2.8764227734519761
2025-06-01,22:50-23:00,2025-06-01 23:00:00,138,7,星期日,6,152,597.93520967791233,65.147023766992078,44.416086314364954,84.421702518930886,626.96000000000004,9457.6230255799437,0.42370000000000002,0,14.124376891344701,14.90041343074301,0,1284.4217025189309,253.34514834053147,31.566525853029066
2025-06-01,23:00-23:10,2025-06-01 23:10:00,139,7,星期日,6,152,609.77396838165612,43.939151996778037,27.110055620646964,82.074468401392465,689.50045,9457.6230255799437,0.42480000000000001,0,2.1125107057846293,77.613970912559253,0,1282.0744684013926,259.03198176852754,164.85207421827587
2025-06-01,23:10-23:20,2025-06-01 23:20:00,140,7,星期日,6,152,593.59512954605771,43.649597816008622,35.067734030286687,76.883748750026527,733.32268333333332,9457.6230255799437,0.42399999999999999,0,4.6716476862294218,135.05590610104619,0,1276.8837487500266,251.68433492752845,286.31852093421793
2025-06-01,23:20-23:30,2025-06-01 23:30:00,141,7,星期日,6,152,580.93501433725578,54.813925378140183,29.883658951697736,71.344572423794034,723.3933333333332,9457.6230255799437,0.42199999999999999,0,4.9852586936093077,137.47306030246813,0,1271.344572423794,245.15457605032194,290.06815723820773
2025-06-01,23:30-23:40,2025-06-01 23:40:00,142,7,星期日,6,152,558.27728325935402,24.712501151702781,78.427354760242281,56.56317796680915,703.65274999999997,9457.6230255799437,0.42399999999999999,0,13.303255011286396,132.07221172935954,0,1256.5631779668092,236.70956810196608,279.99308886624226
2025-06-01,23:40-23:50,2025-06-01 23:50:00,143,7,星期日,6,152,581.93153035312639,19.088784616621183,64.919957726538257,46.483899962556229,684.66883333333328,9457.6230255799437,0.42709999999999998,0,9.0713502038277056,93.665952776379186,0,1246.4838999625563,248.54295661382028,200.02364215395775
2025-06-01,23:50-24:00,2025-06-02 00:00:00,144,7,星期日,6,152,551.08173561753904,0,61.262820828978583,21.327675783619284,679.11500000000001,9457.6230255799437,0.42759999999999998,0,22.640601761043296,105.39266262141767,0,1221.3276757836193,235.64255015005969,225.32951268459098
