date,g0,grid,planned_cost,adjustment_cost,emergency_cost,total_cost,emergency,charge,discharge,spill,unused,cost_q95_component,soc_start,soc_end
2025-02-01,55820.686626325682,55820.686626325682,23588.786832063044,0,228.9226160321025,23817.709448095145,75.12372297269286,26778.627448561034,17910.68823333444,6577.566681242296,6072.1285194961556,23817.709448095145,6000,10199.999999999993
2025-02-02,93820.75695206692,93820.75695206692,66805.648569501354,0,521.55459836311024,67327.203167864471,96.405922738621598,24000.000000000007,21465,3788.3992707261523,9237.4856540793844,67327.203167864471,10199.999999999993,7950.0000000000018
2025-02-03,101689.24394746577,101689.24394746577,72483.366758477176,0,714.78322643641059,73198.149984913587,151.48651902806205,29886.824569246186,21643.327901089418,4102.0257735536425,9278.2915247834262,73198.149984913587,7950.0000000000018,10799.999999999996
2025-02-04,99271.284614830918,99271.284614830918,72654.588891812891,0,290.20809811647769,72944.796989929368,94.618890419324089,25862.298217018775,21623.461555785208,3832.4456760255644,10099.757217991115,72944.796989929368,10799.999999999996,10049.999999999996
2025-02-05,91336.955330153578,91336.955330153578,66047.228751176925,0,1433.9810251702397,67481.209776347154,366.20259383316363,23399.871124466757,20843.895610818072,2614.8470400457545,5783.9083869589822,67481.209776347154,10049.999999999996,7950.0000000000018
2025-02-06,92138.095865170282,92138.095865170282,69148.933344201054,0,494.98206687193692,69643.915411072987,160.34472359762907,20855.901131271636,22968.27991633003,3793.1096749734756,10346.652482186168,69643.915411072987,7950.0000000000018,1200
2025-02-07,59944.339389847082,59944.339389847082,24795.285880805841,0,223.24786052925751,25018.533741335097,59.949837684484123,30193.324150001958,17706.59256150158,8204.3909286624203,7507.4870437021018,25018.533741335097,1200,8700.0000000000036
2025-02-08,42520.565357751781,42520.565357751781,17467.91870575531,0,2135.1418504539247,19603.060556209235,715.38654055763038,24567.127641841354,18090,3533.9869735894804,1647.6745662119104,19603.060556209235,8700.0000000000036,10710.414877657222
2025-02-09,86679.464545256429,86679.464545256429,62999.271531167004,0,1162.835781446408,64162.107312613407,288.67731035714621,20320.839463112225,20969.253355012399,2797.0024956426123,5264.1372852044815,64162.107312613407,10710.414877657222,5700.0000000000018
2025-02-10,90757.074934520177,90757.074934520177,61670.283378947148,0,1359.1937092545968,63029.477088201747,387.21811016150525,26197.404187660082,19329.897392004674,3559.9573218562145,6390.1913438367374,63029.477088201747,5700.0000000000018,7800
2025-02-11,86785.920200493565,86785.920200493565,60988.375642801082,0,2646.3257263385935,63634.701369139664,550.57536939612783,22731.472190809927,20302.492474556038,3071.5824353268376,6615.3362849756459,63634.701369139664,7800,5700
2025-02-12,90133.593496637986,90133.593496637986,62056.662564626342,0,1352.1030663718514,63408.765630998183,302.32652448202384,25667.29378051086,20115.507962213793,3241.7473250557141,6375.650744433904,63408.765630998183,5700,6450.0000000000036
2025-02-13,78748.194511989132,78748.194511989132,54464.871891803741,0,1917.07709293172,56381.948984735463,495.49148979900849,18166.666666666661,19440.000000000004,3641.9699962611771,5545.5703221936383,56381.948984735463,6450.0000000000036,1199.9999999999982
2025-02-14,49698.384389119208,49698.384389119208,19783.989819906081,0,1122.7397385863378,20906.729558492421,416.62155186396592,27568.358082432351,16255.370046770207,6731.8829401970188,2268.3331484573473,20906.729558492421,1199.9999999999982,7950.0000000000009
2025-02-15,45848.048953217432,45848.048953217432,19368.647716370542,0,3015.6120038194636,22384.259720190006,797.76837448799813,23775.836364779701,16693.427455471556,7087.8051576936277,3195.5121607036622,22384.259720190006,7950.0000000000009,10800.000000000004
2025-02-16,80243.653769180717,80243.653769180717,58206.329932350032,0,2253.2953772944411,60459.625309644463,574.63043662233326,14313.732036763024,19019.122949778051,2398.6794385474604,7747.6165802706255,60459.625309644463,10800.000000000004,2549.9999999999964
2025-02-17,91747.925528902255,91747.925528902255,62515.14918771138,0,1198.4159347086052,63713.565122419983,287.17538994154916,25833.333333333336,19440,3800.248326180581,10657.656092663219,63713.565122419983,2549.9999999999964,4199.9999999999991
2025-02-18,79716.513620736921,79716.513620736921,53494.966891379037,0,1789.4700699677851,55284.436961346822,525.82180594386557,22495.306134216757,18896.197968715573,1672.4808322092697,2879.3586456370017,55284.436961346822,4199.9999999999991,3449.9999999999982
2025-02-19,80034.427900883369,80034.427900883369,53997.474069237753,0,2446.6318575086543,56444.105926746401,714.70666862155554,23276.127412954327,19528.663204493008,1551.7236904184119,2570.6192872918741,56444.105926746401,3449.9999999999982,2699.9999999999982
2025-02-20,82728.666192445671,82728.666192445671,56713.798321172493,0,2081.1780208117975,58794.976341984286,465.55527266784765,21986.645519810998,19159.182871046913,2952.8953785945746,6420.7297044215193,58794.976341984286,2699.9999999999982,1199.9999999999959
2025-02-21,46590.041767979594,46590.041767979594,18903.046060394012,0,1029.3612564568202,19932.407316850833,355.866918923593,29000.000000000004,16739.999999999996,7548.8110478295221,1576.8356057403334,19932.407316850833,1199.9999999999959,8700.0000000000018
2025-02-22,41527.094628583291,41527.094628583291,17427.228227587781,0,922.28498492755307,18349.513212515336,323.4965888876232,22534.497561779779,16362.943025041624,5418.6577576210348,2415.6160397783974,18349.513212515336,8700.0000000000018,10800.000000000002
2025-02-23,73810.325474808444,73810.325474808444,51411.215246056439,0,3884.5399198495902,55295.755165906026,839.26607578859284,15014.106959648874,19451.426637315592,2459.9870916205068,5095.0704533099124,55295.755165906026,10800.000000000002,2700
2025-02-24,78955.497637531022,78955.497637531022,52964.826338861101,0,2449.3376950509237,55414.164033912028,615.10598818176663,22890.981889922936,19005.167795627567,2840.1771067847635,4641.5788079660015,55414.164033912028,2700,2185.0305946777903
2025-02-25,87031.612367316615,87031.612367316615,56065.694165487919,0,1325.5766672712844,57391.270832759197,357.80396883648586,28095.024227713839,19053.497159658218,4854.3491286472099,7672.2169061169425,57391.270832759197,2185.0305946777903,6300.0000000000018
2025-02-26,74539.386299440288,74539.386299440288,49278.666440419373,0,3852.2634283519751,53130.929868771345,932.06336542349447,20977.995523344194,18207.176373908802,1573.4916933165146,2312.2907887785341,53130.929868771345,6300.0000000000018,4949.9999999999973
2025-02-27,72665.434754623479,72665.434754623479,47815.502838209148,0,1639.3230965508396,49454.825934759981,325.49194510184975,19225.146989490077,18947.36906148697,1773.9546461459718,3982.6099255762429,49454.825934759981,4949.9999999999973,1199.9999999999927
2025-02-28,39751.901453924002,39751.901453924002,16220.758747772439,0,825.80357074737253,17046.562318519813,276.42967756984592,21806.755541159946,14288.471988339556,7435.5683953852058,1781.885633288241,17046.562318519813,1199.9999999999927,4950.0000000000018
2025-03-01,49534.667854694846,49534.667854694846,19490.214477145018,0,355.92509770011009,19846.139574845125,80.765691333021948,25084.651434585867,15053.567662014559,10677.38633688472,5248.1975032385071,19846.139574845125,4950.0000000000018,10800.000000000002
2025-03-02,75551.104283901455,75551.104283901455,53616.689298723257,0,1405.5193253943721,55022.208624117629,301.32376694955769,13333.801063680894,18765.378861581528,1504.5757571616427,7421.1230249233404,55022.208624117629,10800.000000000002,1950
2025-03-03,88412.57339936019,88412.57339936019,59489.191776237887,0,2067.6981161426856,61556.889892380568,461.15662169521613,24985.548393577606,19563.294198797863,2661.9753527592634,8772.3538401830701,61556.889892380568,1950,2700
2025-03-04,82284.967929885403,82284.967929885403,52987.045969884435,0,1824.9120668754999,54811.958036759934,598.07414345654479,27046.815440859194,17992.920507095951,1256.4667619796146,3373.2224442657534,54811.958036759934,2700,7049.9999999999982
2025-03-05,79668.767641729675,79668.767641729675,51624.64921553585,0,555.83359864393833,52180.482814179792,133.63204307557419,22393.684973704225,18813.884828700422,2740.8470094160439,7351.2805137187434,52180.482814179792,7049.9999999999982,6299.9999999999982
2025-03-06,70706.942192161165,70706.942192161165,46784.980768821071,0,2529.8579220184447,49314.838690839519,661.60371411573101,17875.06148396185,19068.799802009104,2217.9056667199125,4403.7244242709021,49314.838690839519,6299.9999999999982,1199.9999999999945
2025-03-07,43840.608760397561,43840.608760397561,17776.236135433526,0,56.694630840164137,17832.930766273694,26.64209842312971,23317.677097350534,14358.435888368302,9593.0354649761193,4392.6886515290134,17832.930766273694,1199.9999999999945,6232.091733872915
2025-03-08,38040.424475829182,38040.424475829182,15250.083395733916,0,936.19885442636928,16186.282250160286,353.47308593447224,22973.462966620224,14497.387563448005,9685.3741610347133,1169.3084808900558,16186.282250160286,6232.091733872915,10800
2025-03-09,68303.412285698985,68303.412285698985,44697.693853079625,0,6036.5257198043546,50734.219572883987,1271.7472697175442,15589.360239885509,20052.381794307257,3638.153723262405,7066.5023365758834,50734.219572883987,10800,2550.0000000000073
2025-03-10,79067.708751315717,79067.708751315717,50349.039665131415,0,9577.3574501500989,59926.397115281521,2047.7070152776346,26775.686673299344,18178.306205372472,1502.2577179838154,2973.7061306826572,59926.397115281521,2550.0000000000073,6450.0000000000036
2025-03-11,61511.323658403606,61511.323658403606,39979.468445400998,0,17292.016168736609,57271.484614137611,4256.4152441585111,17215.158676058785,17994.278527607621,523.59356060429127,2084.3463935066566,57271.484614137611,6450.0000000000036,1950.0000000000027
2025-03-12,80007.154138902275,80007.154138902275,49847.45886274262,0,2066.8609617949128,51914.319824537524,587.22478490697506,27256.981154615387,18838.154735238466,4083.5670309545571,5656.4507901444485,51914.319824537524,1950.0000000000027,5550
2025-03-13,71788.205670478375,71788.205670478375,47552.795377388953,0,4887.0759775978613,52439.871354986812,1055.3348397780878,18396.38460934853,18816.071533572314,1955.7743903707315,3761.8350274428485,52439.871354986812,5550,1199.9999999999991
2025-03-14,40342.745713595818,40342.745713595818,15673.456629480354,0,726.21640841869657,16399.673037899051,235.71351440416919,24277.166576138232,13044.086850484628,11757.350967920658,1558.6025510923905,16399.673037899051,1199.9999999999991,8556.0200846525986
2025-03-15,34721.464627196896,34721.464627196896,14059.252546667596,0,1411.768288805534,15471.020835473128,525.33117115570258,21333.333333333336,15260.418076187338,7451.3300165529645,798.42537465363819,15471.020835473128,8556.0200846525986,10800.000000000005
2025-03-16,69029.133335195569,69029.133335195569,44998.982311381769,0,2346.2612967613099,47345.243608143079,609.13342774711418,18429.705108123882,18978.061137580353,2926.1543381848946,3909.4215208809333,47345.243608143079,10800.000000000005,6300
2025-03-17,66968.080453976174,66968.080453976174,41037.580945398287,0,3109.2397404704843,44146.820685868777,692.18765823548222,17739.578066057627,17069.058233506679,4065.8341655030408,5065.7826808243335,44146.820685868777,6300,3300.0000000000009
2025-03-18,79375.138673607769,79375.138673607769,50240.539040836462,0,906.58677540952851,51147.125816245985,300.63905929853649,23525.471791657001,18765,5199.7886421011717,8589.5589324814682,51147.125816245985,3300.0000000000009,3622.924612491302
2025-03-19,67321.232301460157,67321.232301460157,40884.160428761359,0,7671.6592005603407,48555.819629321704,2027.0861754313958,24522.264485184052,17453.666384241253,761.25915069359439,2052.9907752551694,48555.819629321704,3622.924612491302,6300
2025-03-20,67295.424786374846,67295.424786374846,43603.174945125065,0,8092.4050011722557,51695.579946297323,1903.5791054325246,18107.722027688407,19257.25484242761,3061.2395126761835,5078.3353772037326,51695.579946297323,6300,1200.0000000000018
2025-03-21,41641.216891900724,41641.216891900724,15810.865882057968,0,853.93650361640289,16664.802385674371,327.31860708600027,26043.293020549565,12455.067346645152,14929.401858306557,1417.4434501090923,16664.802385674371,1200.0000000000018,10800.000000000005
2025-03-22,32501.696927881138,32501.696927881138,13304.930498153102,0,240.30096354064827,13545.231461693751,138.46980865347041,20672.721578805722,17284.904478832643,11613.154646086103,1757.9952571420963,13545.231461693751,10800.000000000005,10199.999999999998
2025-03-23,69021.937172087812,69021.937172087812,43993.726297226131,0,1852.6506665438264,45846.376963769952,429.52633233701545,15840.116108791604,18230.494048121196,5485.6618694011122,7586.4594576866511,45846.376963769952,10199.999999999998,4200.0000000000036
2025-03-24,74002.413271638448,74002.413271638448,45019.000300721877,0,852.10447640046198,45871.104777122338,330.42336859749639,25116.783321766106,18319.594490630552,5048.8652171978192,4488.2855085692472,45871.104777122338,4200.0000000000036,6449.9999999999991
2025-03-25,76703.83921275138,76703.83921275138,48020.299857336053,0,1368.4161084357656,49388.715965771815,430.16679269319832,22702.983577874169,19064.416698078079,4814.9036956570781,7730.4107133247435,49388.715965771815,6449.9999999999991,5699.9999999999991
2025-03-26,66239.578275305787,66239.578275305787,40597.248911193834,0,3604.5955432731148,44201.844454466947,837.10323987946072,22409.403392199129,18961.616747681292,3406.3594358346049,4629.9805681661437,44201.844454466947,5699.9999999999991,4799.9999999999982
2025-03-27,67601.921304474003,67601.921304474003,42292.443897204619,0,1107.1428381518162,43399.586735356424,356.73630270587847,19349.662094179221,18913.226296285167,4715.6549659638977,4089.5774433219362,43399.586735356424,4799.9999999999982,1200.0000000000005
2025-03-28,39352.635288141711,39352.635288141711,15271.001550251533,0,538.70320147929499,15809.704751730827,188.42481442950245,23997.561236132744,13424.113208752608,16636.430280985158,1509.3010275392539,15809.704751730827,1200.0000000000005,7882.1237694610172
2025-03-29,34084.500956010394,34084.500956010394,13122.840452804083,0,1411.6433207447315,14534.483773548814,454.76344435545508,21428.890069493315,14731.3123488045,19287.687724837095,846.78977150660239,14534.483773548814,7882.1237694610172,10800
2025-03-30,61293.074811872866,61293.074811872866,38210.720180938195,0,1882.3701202666284,40093.090301204822,539.32918181384764,12954.951263132134,18458.510523137033,5402.951419041322,6587.3921346502902,40093.090301204822,10800,1950
2025-03-31,65619.819557298048,65619.819557298048,39044.466267340045,0,8541.8390953043709,47586.305362644416,2409.6696311350038,25230.620517032796,17061.802618796566,1205.8339725164151,1703.4478343470837,47586.305362644416,1950,5700
2025-04-01,71519.923679479078,71519.923679479078,44941.630586578794,0,1849.0299851117284,46790.660571690525,531.59650326772487,19668.005221023763,17956.084229029246,4760.2021311022581,5370.5455429833628,46790.660571690525,5700,3450.0000000000009
2025-04-02,76141.514053578721,76141.514053578721,45531.764597336587,0,1922.1021280162204,47453.866725352804,468.95740791901306,27267.200849059485,18036.432687738183,2906.5433049237959,4037.8245952526358,47453.866725352804,3450.0000000000009,7950
2025-04-03,65846.930278728236,65846.930278728236,42215.529474872354,0,1244.1075942060388,43459.637069078395,332.60922995587583,17324.642249686996,20107.960222246464,6671.4362766934364,6427.8909378834815,43459.637069078395,7950,1200.0000000000036
2025-04-04,35951.441797155938,35951.441797155938,13574.877754893467,0,435.96645940345695,14010.844214296923,152.59229727801372,21534.979560084532,12540.176486529224,19123.049701016873,1555.3790698617754,14010.844214296923,1200.0000000000036,6647.9521745991624
2025-04-05,34331.988315159775,34331.988315159775,13393.405566303814,0,4157.0732196837216,17550.478785987536,1426.9639084710107,21333.333333333332,13543.156957139243,14894.817199185825,1029.843664917538,17550.478785987536,6647.9521745991624,10800.000000000007
2025-04-06,62910.627947798625,62910.627947798625,38381.746535404847,0,1052.2826084586673,39434.029143863518,205.2969996752376,16861.504165707858,18247.81837422337,5272.3038232223062,4819.8590661004046,39434.029143863518,10800.000000000007,5700
2025-04-07,62201.720289863319,62201.720289863319,36642.766744027525,0,5773.1647087124029,42415.931452739926,1471.1756647590812,23061.713385954212,17329.987842622904,3258.9322975409304,1439.5188304168341,42415.931452739926,5700,7200.0000000000109
2025-04-08,67077.513346079766,67077.513346079766,40602.111052148044,0,1485.5747194960027,42087.685771644043,323.82979942608335,20850.743062794783,19049.101880863782,5555.9244757838833,5690.5838711243086,42087.685771644043,7200.0000000000109,4800
2025-04-09,69006.858470274849,69006.858470274849,41488.090250552814,0,4934.0063548296575,46422.096605382474,1333.6251628702796,23727.331849731294,18544.138798282351,2803.869609866998,3219.1099551625202,46422.096605382474,4800,5550
2025-04-10,62102.332773595226,62102.332773595226,38461.026359425588,0,1342.4950861965431,39803.521445622129,288.49412863885527,16857.176310125509,17569.312811201664,3155.9296928645222,5486.3958104457161,39803.521445622129,5550,1200.0000000000036
2025-04-11,35318.375333265998,35318.375333265998,13543.747336688495,0,1582.7978342137567,15126.545170902253,570.65576286699786,21574.79140022603,11709.029009573766,19619.059456263814,1087.5590825502507,15126.545170902253,1200.0000000000036,7607.2800273436969
2025-04-12,33640.432402113191,33640.432402113191,13094.508656556611,0,246.8186303999284,13341.327286956537,136.5350626017426,21344.872947740227,14415.899112278908,15918.271498007463,1904.5615812461463,13341.327286956537,7607.2800273436969,10800.000000000002
2025-04-13,56718.790282425929,56718.790282425929,35106.529502057987,0,1575.3637286916933,36681.89323074968,390.54211944534097,13999.999999999996,17280.000000000004,2830.4524793851747,3282.5214391527716,36681.89323074968,10800.000000000002,4199.9999999999964
2025-04-14,70054.215841525409,70054.215841525409,41421.971621607634,0,1232.8803988294594,42654.852020437087,274.56702310584967,24476.148745392369,17800.680483767821,5462.770589947836,5662.512213058867,42654.852020437087,4199.9999999999964,6450.0000000000009
2025-04-15,60979.243055506871,60979.243055506871,35210.951770159867,0,4208.7196916890407,39419.671461848913,1009.7733494912775,23043.054338074864,17314.874013840636,3786.8646433069712,2334.5426041236151,39419.671461848913,6450.0000000000009,7950.0000000000055
2025-04-16,61390.764334671403,61390.764334671403,37196.281463667154,0,1874.7214384395979,39071.002902106746,488.73430817224255,17070.999445391106,17202.509550766801,3481.3850129030834,2750.0317853162528,39071.002902106746,7950.0000000000055,4200.0000000000036
2025-04-17,57641.678989987297,57641.678989987297,35046.315376903513,0,1755.7315026153206,36802.046879518835,581.20755014567908,18078.747534552887,17343.785502987845,1801.5597638079732,2818.0223947599598,36802.046879518835,4200.0000000000036,1200
2025-04-18,33542.722782145538,33542.722782145538,12865.02348669029,0,1006.1502293103863,13871.173716000678,365.72696745474616,19300.977295421337,11215.010367245886,17894.304138607964,1574.0614994835412,13871.173716000678,1200,6109.7569356059994
2025-04-19,33611.07791634294,33611.07791634294,12562.660566512113,0,1098.2297819519297,13660.890348464041,412.04792360931185,22190.769365265511,13753.304427910463,17556.573858852258,1244.4077937449476,13660.890348464041,6109.7569356059994,10799.999999999998
2025-04-20,52390.351789943619,52390.351789943619,32441.711598785729,0,1848.0441932396236,34289.755792025353,531.68247567203093,12351.863607940317,17295.009522431654,3120.5581578403162,2786.8771389333428,34289.755792025353,10799.999999999998,2699.9999999999982
2025-04-21,68557.50628349834,68557.50628349834,39344.774092725136,0,1316.8940315196685,40661.668124244803,401.42057175726518,24401.702663060347,17200.379157078874,7692.9333282854623,5547.7596376553356,40661.668124244803,2699.9999999999982,5550.0000000000055
2025-04-22,61612.002150917804,61612.002150917804,36194.911925682834,0,6980.5841815029726,43175.496107185812,2187.1323416980081,24779.670660059812,17371.53323464845,2768.6169993255235,1469.4507512122609,43175.496107185812,5550.0000000000055,8550.0000000000055
2025-04-23,50079.182130399771,50079.182130399771,31155.697694340779,0,8128.0124523831491,39283.710146723926,2340.1192566361919,14078.911361810384,16128.91820306642,1785.6478847119872,1283.7436269133445,39283.710146723926,8550.0000000000055,3299.9999999999973
2025-04-24,56648.739576923224,56648.739576923224,33918.527579302296,0,2012.486920299064,35931.014499601362,493.66000877345425,19000,17280,6181.4386681652977,2150.8542175313823,35931.014499601362,3299.9999999999973,1200.0000000000014
2025-04-25,31642.195250256271,31642.195250256271,11921.81121274975,0,737.82654493091388,12659.637757680663,210.93623757388065,17387.306312205663,10512.030910240277,20995.96519253029,1981.5332433344761,12659.637757680663,1200.0000000000014,5168.5413362736817
2025-04-26,34061.01659617493,34061.01659617493,13016.150666852784,0,887.82658706007726,13903.977253912861,238.52608670529369,21645.809581183647,12464.792963405067,23687.603770419963,1360.7286613483461,13903.977253912861,5168.5413362736817,10800.000000000004
2025-04-27,47932.117799627493,47932.117799627493,29470.596548872207,0,5589.9462126194476,35060.542761491655,1149.5940997895916,11843.843747106446,16883.513435156223,3526.8586861392387,2021.0517179942974,35060.542761491655,10800.000000000004,2700.0000000000073
2025-04-28,73353.97713827432,73353.97713827432,43057.908090131532,0,1700.8881466285316,44758.796236760063,381.0204533724949,26483.292819732473,17401.46718398331,3230.4771068542759,4800.7275323767153,44758.796236760063,2700.0000000000073,7199.9999999999982
2025-04-29,59717.483949262925,59717.483949262925,34419.902968764116,0,2353.3425987013034,36773.245567465419,543.70883865722635,19871.667234497105,15421.050459942653,5553.9427413351277,2823.4195553639029,36773.245567465419,7199.9999999999982,7950.0000000000055
2025-04-30,55577.882370193358,55577.882370193358,32600.535155764483,0,5270.6929047164731,37871.228060480957,1510.8809796207227,18601.480696275696,15202.199363983318,2808.4937080595428,2624.1338761288252,37871.228060480957,7950.0000000000055,7800.0000000000009
2025-05-01,51269.800408960407,51269.800408960407,32234.823922819101,0,12484.145373421963,44718.969296241063,2566.4675079879994,13222.839757720747,16650.500203753803,3937.1660468966338,2315.3835160848375,44718.969296241063,7800.0000000000009,1200.0000000000045
2025-05-02,35273.981498633657,35273.981498633657,14267.785868247753,0,5627.851818500073,19895.637686747825,1416.3286338034609,20251.725590693903,11678.897728462063,12872.178682576661,954.98350429528807,19895.637686747825,1200.0000000000045,6450.0000000000082
2025-05-03,34728.140519611334,34728.140519611334,13905.870287617623,0,5031.6097148313247,18937.480002448949,1130.1728651478811,22166.666666666664,14040.000000000004,17639.152511016211,1225.3225570763384,18937.480002448949,6450.0000000000082,10800
2025-05-04,58263.186450176821,58263.186450176821,36443.866771605979,0,4380.1442621996803,40824.011033805655,995.9041995706873,16048.738011842106,17049.477789592107,5605.0404974396897,2920.1225967244891,40824.011033805655,10800,6299.9999999999982
2025-05-05,65063.41369099536,65063.41369099536,40685.829388273101,0,4438.7801194332415,45124.609507706336,1181.4537350604232,21333.784109089735,17280.365128362686,3884.9103418838313,3230.5313034449068,45124.609507706336,6299.9999999999982,6299.9999999999973
2025-05-06,57146.283573875829,57146.283573875829,35839.65867617786,0,10994.379900477388,46834.03857665525,2599.6760094809224,19869.767005062455,15959.511274100589,1786.4391757150686,1179.1823100131578,46834.03857665525,6299.9999999999973,6449.9999999999982
2025-05-07,61024.105868163701,61024.105868163701,38538.729490895232,0,6423.8454659626241,44962.574956857854,1916.6230621286145,21554.230903098731,16918.927031509971,1583.8280466831282,1653.7510620204255,44962.574956857854,6449.9999999999982,7050.0000000000018
2025-05-08,62569.5581969021,62569.5581969021,39916.807606358583,0,2435.4524126869751,42352.260019045556,518.80503571086615,15162.332770704543,17546.489544270677,4903.0941577668436,4742.9134484122633,42352.260019045556,7050.0000000000018,1200.0000000000045
2025-05-09,34357.610365517365,34357.610365517365,14636.337778156683,0,908.88748114105897,15545.225259297742,275.51037600807138,17310.312481297038,11321.353109850601,17465.230591925414,2679.5449281535803,15545.225259297742,1200.0000000000045,4200.0000000000036
2025-05-10,38634.240334351198,38634.240334351198,16614.35543054005,0,1322.1471461931417,17936.50257673319,470.41470831362437,22585.201461258297,12354.013183619227,14624.980596522073,2127.4408851703442,17936.50257673319,4200.0000000000036,10800
2025-05-11,55973.910020510972,55973.910020510972,36207.127872792145,0,1562.0156318467839,37769.143504638931,401.90162274091989,11382.235604267926,17859.610839457022,4133.2993360912978,3235.8084590163589,37769.143504638931,10800,1199.9999999999982
2025-05-12,64480.870265294107,64480.870265294107,39569.652507141582,0,5307.5946224752815,44877.247129616866,1456.6398822377641,23079.08991637584,14644.062832264428,3118.2503638719536,2453.037466215178,44877.247129616866,1199.9999999999982,5700
2025-05-13,69244.885472114402,69244.885472114402,42219.531150030176,0,1328.0437583496941,43547.574908379873,347.55918591339082,22323.034333933283,17406.657810485958,6428.7857971221038,5118.0695707917166,43547.574908379873,5700,6449.9999999999982
2025-05-14,64512.73945675802,64512.73945675802,40378.101447069101,0,1998.8313600675747,42376.932807136676,595.63887267534199,19001.63516314829,16741.324482150121,4687.6043682539785,5146.3144968478846,42376.932807136676,6449.9999999999982,4949.9999999999973
2025-05-15,60354.094177889165,60354.094177889165,39276.265112250272,0,2296.8893393607686,41573.154451611044,807.32365958964249,16309.631621216895,16585.801613185686,3527.3555387054212,5145.1740074088439,41573.154451611044,4949.9999999999973,1199.9999999999945
2025-05-16,32896.234373353705,32896.234373353705,14267.867150516286,0,561.41783023546259,14829.284980751752,232.76576894024413,16571.395062983109,11397.830001016311,22594.785305968275,2645.1432410255393,14829.284980751752,1199.9999999999945,3450.0000000000036
2025-05-17,37867.584449143622,37867.584449143622,16121.377967033308,0,541.75683694154793,16663.134803974855,243.39912997640215,22033.696214000585,11907.293933340479,15376.76360423083,2159.018610895755,16663.134803974855,3450.0000000000036,10049.999999999996
2025-05-18,60629.512475353018,60629.512475353018,38927.342339955794,0,404.63699918514135,39331.979339140933,188.43410436887871,12215.658403599384,17319.6833069155,6455.2228738723243,5790.5805091656903,39331.979339140933,10049.999999999996,1800
2025-05-19,66727.443545466173,66727.443545466173,39851.177599818802,0,1018.1968628920976,40869.374462710897,197.69054260915033,24001.14169746753,16605.9247749487,7134.6635700569932,4880.0370454995063,40869.374462710897,1800,4949.9999999999964
2025-05-20,61351.029315916763,61351.029315916763,37842.620381206536,0,6218.7803148189123,44061.400696025448,1576.4666708477416,17703.070821380195,15689.487365317949,3550.4756254995973,2836.0420885360054,44061.400696025448,4949.9999999999964,3450.0000000000027
2025-05-21,58393.239789032588,58393.239789032588,36991.143902918957,0,4117.0580320889458,41108.201935007906,1158.5615147088497,17440.257834578908,14126.608846008918,2424.8022313845058,2450.7348004536179,41108.201935007906,3450.0000000000027,3450
2025-05-22,59087.726721987798,59087.726721987798,36993.722964999361,0,3224.7172206636778,40218.440185663043,1282.8886726741598,18046.573145813803,16642.724248109182,4623.4299657576712,3526.7057145329968,40218.440185663043,3450,1200
2025-05-23,32980.394281048313,32980.394281048313,13893.14354151614,0,663.92044399650536,14557.063985512646,234.79643395595249,16549.959694569778,10705.467352601514,18673.080265759683,2276.6692239429872,14557.063985512646,1200,4200.0000000000027
2025-05-24,37128.227037897945,37128.227037897945,15879.246064395764,0,160.53073450489828,16039.776798900662,70.954018062689045,21500,12015.000000000004,21292.636219526452,2667.0434531008505,16039.776798900662,4200.0000000000027,10200.000000000004
2025-05-25,54015.301129570093,54015.301129570093,34423.190348071308,0,1286.658271244926,35709.848619316232,319.25694396125243,9974.3180621138636,15504.197630312236,6674.2625542652586,4645.1649041311248,35709.848619316232,10200.000000000004,1949.9999999999982
2025-05-26,63694.436561499351,63694.436561499351,39069.569957204963,0,6461.440575589213,45531.010532794178,2037.6690471262079,21926.331450323039,15735.328474761662,1511.1545306220651,3450.1151524421239,45531.010532794178,1949.9999999999982,4199.9999999999982
2025-05-27,59545.774112778039,59545.774112778039,37080.366448392604,0,3168.6322801357146,40248.99872852832,780.90798350841862,19626.458176893084,14547.431123283393,2514.5528627462836,3342.7348799304814,40248.99872852832,4199.9999999999982,5700.0000000000036
2025-05-28,61736.813637029962,61736.813637029962,38832.715600245312,0,1259.5897456928296,40092.305345938148,342.97267984466038,17166.666666666661,17279.999999999996,5927.0258361187553,3992.2697140892069,40092.305345938148,5700.0000000000036,1950.0000000000009
2025-05-29,64044.90659181236,64044.90659181236,39766.220637973245,0,3665.9049960086936,43432.125633981937,912.13831241796902,20500,17280,4187.3046414551181,3439.6167627752129,43432.125633981937,1950.0000000000009,1200.0000000000007
2025-05-30,33552.981874711928,33552.981874711928,14581.680315075409,0,651.17444570044927,15232.854760775859,244.26269391057491,17326.607460729974,11334.552043191281,18735.756084062588,2473.1998003545536,15232.854760775859,1200.0000000000007,4200.0000000000009
2025-05-31,39533.7038005461,39533.7038005461,16403.214903118551,0,976.24828132049413,17379.463184439042,345.45884131749312,22103.484025755803,12026.011474353014,17440.908903806991,3971.5996366538166,17379.463184439042,4200.0000000000009,10730.900651676875
2025-06-01,73208.485331393866,73208.485331393866,51759.73037232193,0,12037.592694432944,63797.323066754878,3160.8880284979141,17903.84458041015,20379.924696641407,3226.2685085406811,4394.358667582369,63797.323066754878,10730.900651676875,4200.0000000000036
2025-06-02,83603.623112196801,83603.623112196801,55852.334161217681,0,15812.260852170908,71664.595013388578,3851.5156260807462,27012.876376798664,19855.429865206923,5313.9741285942564,6342.910648091548,71664.595013388578,4200.0000000000036,6449.9999999999964
2025-06-03,75085.502191276493,75085.502191276493,50197.252275196093,0,11570.756220184943,61768.008495381036,2415.6929351182916,21121.375558240219,18593.314202174573,3859.8338566392686,2920.9330803565408,61768.008495381036,6449.9999999999964,4800.0000000000027
2025-06-04,87723.51522078368,87723.51522078368,61016.309576493637,0,4547.0036066479679,65563.31318314161,1376.4229435485126,22500,19440,6175.8382352831804,10218.839112382338,65563.31318314161,4800.0000000000027,3450.0000000000036
2025-06-05,78210.794104071887,78210.794104071887,53600.766421690707,0,6432.3174851691811,60033.083906859887,1375.745509196898,19958.173919658784,18191.120874923618,2748.4533532193796,3921.7151986475819,60033.083906859887,3450.0000000000036,1200
2025-06-06,39923.131341177766,39923.131341177766,19260.178598993669,0,7772.0945202089915,27032.273119202659,1852.0936356199054,16918.640520236957,11704.598728849382,4316.3057034078229,1389.8820820022786,27032.273119202659,1200,3421.6667694917296
2025-06-07,50335.160526489999,50335.160526489999,23132.519212932144,0,7357.1196998336936,30489.638912765837,1811.6987551141542,24318.020111074577,13597.096382512966,6919.5081334280057,3379.9142529478704,30489.638912765837,3421.6667694917296,10200
2025-06-08,69617.054929908467,69617.054929908467,49444.549246578317,0,3504.1572411771213,52948.706487755437,830.52821894913825,10714.066191235137,16778.393614900648,5293.1345541214787,6033.8527517349776,52948.706487755437,10200,1199.9999999997945
2025-06-09,89165.845009369863,89165.845009369863,62937.942300613926,0,750.38445340216708,63688.326754016096,245.62368932920003,21847.354963796741,17696.357520675178,4228.2360369518283,10099.522485292342,63688.326754016096,1199.9999999997945,1200.0000000000016
2025-06-10,85335.191023372099,85335.191023372099,58595.630143722665,0,1767.3771318676152,60363.007275590273,434.51292178707934,23925.04522151062,18029.286629423601,2018.3406071325201,6237.1605126063132,60363.007275590273,1200.0000000000016,2700.0000000000014
2025-06-11,87445.351001327886,87445.351001327886,62087.632291920163,0,4122.7962223468894,66210.428514267056,868.36116204820689,21607.506964210235,18852.080641010296,1483.7409863418668,7990.0985371676288,66210.428514267056,2700.0000000000014,1199.9999999999959
2025-06-12,87695.531077363601,87695.531077363601,61104.300638203553,0,1472.7905888943164,62577.091227097866,333.67181116369136,22333.333333333336,18089.999999999993,2584.3313403047487,8749.1467815558863,62577.091227097866,1199.9999999999959,1200.000000000003
2025-06-13,43506.862425040061,43506.862425040061,22352.803570928536,0,383.01252496534448,22735.816095893882,151.84542273076346,16485.656341485945,12003.381636603614,5206.6363973718144,5624.4830455166766,22735.816095893882,1200.000000000003,2700.0000000000091
2025-06-14,49958.010802849938,49958.010802849938,25715.294442085389,0,292.40104269839077,26007.695484783777,121.1542507982515,21521.228261027652,11357.194891432406,8962.9470280482437,4758.8419060046945,26007.695484783777,2700.0000000000091,9450.0000000000055
2025-06-15,70385.580555159308,70385.580555159308,50641.281437557045,0,12240.501454319863,62881.782891876908,2906.8724719925704,12491.038759340099,17542.741395065485,769.25689747327999,6947.9244320706466,62881.782891876908,9450.0000000000055,1200.0000000000018
2025-06-16,84547.054897889102,84547.054897889102,59285.536001627064,0,3834.0621625829767,63119.598164210038,941.4963173617773,21535.238310574048,16903.543031564979,690.92356476052362,7471.879554814619,63119.598164210038,1200.0000000000018,1800.0000000000016
2025-06-17,84709.350324302795,84709.350324302795,59624.544265836084,0,5499.2175910717724,65123.761856907848,1130.810836415015,20714.924680550837,17319.088991246175,822.07466689127887,6985.2395878552197,65123.761856907848,1800.0000000000016,1200.0000000000023
2025-06-18,86610.523691749797,86610.523691749797,60208.807843761009,0,1922.8362902469726,62131.644134007984,470.9204910368536,23166.666666666664,18090,2127.0672416933976,8949.3193744265845,62131.644134007984,1200.0000000000023,1950.000000000002
2025-06-19,80151.315362010908,80151.315362010908,54722.393423662244,0,4586.7355711568271,59309.128994819082,1057.5806709932708,20469.08357973893,17254.957699588536,3633.5701904064044,6101.6957624473889,59309.128994819082,1950.000000000002,1200.0000000000011
2025-06-20,38960.979063501392,38960.979063501392,20738.430261307902,0,208.49617528271941,20946.92643659062,108.25521226221872,13000.889299360713,10530.720332482177,8867.5134374563095,5330.9710214287697,20946.92643659062,1200.0000000000011,1200.0000000000034
2025-06-21,44473.933311040586,44473.933311040586,22356.200109411038,0,213.86858765601275,22570.06869706705,93.64770581088797,19018.761326246804,10680.196674259911,11671.042523741386,5223.2334411231932,22570.06869706705,1200.0000000000034,6450.0000000000064
2025-06-22,71371.911460622141,71371.911460622141,49615.008266137775,0,7021.5408411623566,56636.549107300132,1509.4032930115745,14948.377730867312,16833.185962002532,2443.6207678019973,4865.1611169669377,56636.549107300132,6450.0000000000064,1199.9999999999991
2025-06-23,79339.844767976116,79339.844767976116,54613.128216480982,0,3652.9373326590953,58266.065549140068,1061.0442094586799,21663.771478789877,17547.654897819797,2824.89185884584,6398.5945376188856,58266.065549140068,1199.9999999999991,1199.9999999999989
2025-06-24,92535.192980303487,92535.192980303487,66097.90487912223,0,973.56783129836276,67071.472710420596,282.97646018204819,24781.677254063117,20073.15857579112,2469.5243577993997,9371.3341544141404,67071.472710420596,1199.9999999999989,1200.0000000000023
2025-06-25,82818.624898695882,82818.624898695882,56247.315566018631,0,6694.4546174388597,62941.770183457498,1325.5730060731619,21837.244249421899,17688.16784203174,3234.8044094951765,6322.895721217048,62941.770183457498,1200.0000000000023,1200.000000000002
2025-06-26,79938.13981896035,79938.13981896035,53864.058933537177,0,7705.154178107744,61569.213111644931,1911.6723531529253,22754.688518534051,18431.297700012583,2749.0571081786766,7229.9804120797962,61569.213111644931,1200.000000000002,1200.0000000000005
2025-06-27,40411.594667749247,40411.594667749247,20359.497549729211,0,317.12236203038248,20676.619911759597,173.54012390163626,14352.027200364133,11625.142032294949,11583.370308634627,6503.2334482804054,20676.619911759597,1200.0000000000005,1200.000000000002
2025-06-28,46097.863755775841,46097.863755775841,22659.840702612557,0,649.54961976488767,23309.390322377443,267.39953095990222,21489.439474508996,10656.445974352291,9184.4015352576243,4570.9421346547406,23309.390322377443,1200.000000000002,8700.0000000000055
2025-06-29,69006.324086317036,69006.324086317036,48411.842159303997,0,13206.625665619567,61618.467824923559,3126.0292319721138,14338.058530212602,18363.827409472215,2920.6047409402172,3969.7489232752177,61618.467824923559,8700.0000000000055,1199.9999999999982
2025-06-30,83350.008541510484,83350.008541510484,56706.808089010388,0,1069.2066264092821,57776.014715419675,290.67204177044221,21800.424504471135,17658.343848621618,3010.9944606693443,6609.9214834287332,57776.014715419675,1199.9999999999982,1199.9999999999998
2025-07-01,74729.313718542151,74729.313718542151,54688.507635346832,0,41468.147647941965,96156.655283288783,10086.549585032179,21537.048881894079,16905.009594334202,1237.5728074651006,79.707175216027281,96156.655283288783,1199.9999999999998,1799.9999999999995
2025-07-02,72933.053022919397,72933.053022919397,54583.754500759613,0,20554.572072454219,75138.326573213824,5092.2078826319794,18354.562252997483,15407.195424927964,1179.9828022610732,993.14490855412168,75138.326573213824,1799.9999999999995,1199.9999999999984
2025-07-03,90395.843357978083,90395.843357978083,68227.956899659126,0,3759.5670443573149,71987.523944016444,889.01145009959646,23453.193348852732,18997.086612570707,2588.9355150025331,4479.3936234597913,71987.523944016444,1199.9999999999984,1200.0000000000018
2025-07-04,38550.68754613999,38550.68754613999,22221.171104190264,0,15582.673311411414,37803.844415601678,4577.995319347574,13898.805898995255,10642.57291455694,10734.679456177641,256.90295820494481,37803.844415601678,1200.0000000000018,1883.8442929213529
2025-07-05,45654.380110255544,45654.380110255544,25426.16781477569,0,8966.4802440894273,34392.648058865117,2836.1314387762222,19335.792203730431,10877.451548650864,10737.755944973815,504.33498231171097,34392.648058865117,1883.8442929213529,7200.0000000000036
2025-07-06,75080.600575794815,75080.600575794815,58334.314087704683,0,26743.245476562661,85077.559564267343,6267.9184804991764,17799.3051541202,18467.437174837367,511.51224801779949,1711.1572789933566,85077.559564267343,7200.0000000000036,2700
2025-07-07,86308.649320774493,86308.649320774493,64939.294352378012,0,3699.3175303171511,68638.611882695172,878.63313120852729,20041.118281987197,17583.305808409626,3401.390236418224,7918.5969753205718,68638.611882695172,2700,1199.9999999999991
2025-07-08,97260.156488127774,97260.156488127774,73167.635512202454,0,383.12264195347495,73550.758154155934,83.775727427115953,23049.542106215515,18670.129106034568,4857.6651390227344,12535.467059684541,73550.758154155934,1199.9999999999991,1199.9999999999989
2025-07-09,97485.836814252398,97485.836814252398,72731.599058737804,0,405.24554252500263,73136.844601262797,76.038054106533423,23058.357528747125,18677.269598285173,5271.1702149518396,13850.891706278464,73136.844601262797,1199.9999999999989,1199.9999999999986
2025-07-10,91743.569895756795,91743.569895756795,69055.306454446283,0,501.50801197892133,69556.814466425203,123.51896254839022,22729.976948002924,18411.281327882367,3470.7332984938485,11224.036556357449,69556.814466425203,1199.9999999999986,1200
2025-07-11,55403.264754541917,55403.264754541917,32987.543044769329,0,172.89152531639149,33160.434570085723,79.629398551015697,16021.827646473874,12253.1406574051,9470.1779426958965,9725.2520713282593,33160.434570085723,1200,2005.0441513763776
2025-07-12,56088.841038222447,56088.841038222447,32317.067952980047,0,451.42039110288079,32768.488344082929,158.44330513072339,21554.397753676294,11568.601916716543,9454.1592146674648,5723.0859583926213,32768.488344082929,2005.0441513763776,8549.9999999999982
2025-07-13,86060.5339446297,86060.5339446297,65924.894625006942,0,105.7705548609642,66030.665179867909,20.434805807759702,15154.973073242762,18890.528189326636,6001.9046468937377,14546.898819627615,66030.665179867909,8549.9999999999982,1199.9999999999982
2025-07-14,90502.01327265022,90502.01327265022,66613.903510553442,0,77.15285178469621,66691.056362338131,22.144710624351205,21715.197538989029,17589.310006581112,4069.6884934427126,10520.902740757272,66691.056362338131,1199.9999999999982,1200.0000000000016
2025-07-15,95439.160963870105,95439.160963870105,70736.127392173366,0,0,70736.127392173366,0,23453.366239026731,18322.226653611651,4654.6197869449861,12904.351008176698,70736.127392173366,1200.0000000000016,1950.0000000000014
2025-07-16,90737.347827753722,90737.347827753722,69054.427902274387,0,2266.2334223159228,71320.661324590314,680.63059330960812,22240.703275303436,18014.969652995787,4932.4688446901182,10125.212570732236,71320.661324590314,1950.0000000000014,1949.9999999999984
2025-07-17,88450.116375350422,88450.116375350422,66257.605724909998,0,1343.6925334898519,67601.298258399853,246.86534741560766,20865.981603619424,17576.445098931734,3887.1658107599242,8799.8633406517365,67601.298258399853,1949.9999999999984,1199.9999999999975
2025-07-18,51986.05528985511,51986.05528985511,30029.06081209339,0,367.29511525453597,30396.355927347926,113.26302889466697,14335.125785990695,11611.45188665246,8833.0311920102213,9268.3651274013282,30396.355927347926,1199.9999999999975,1200.0000000000016
2025-07-19,57866.213051800543,57866.213051800543,33005.939438583191,0,203.39903909231674,33209.338477675512,81.501071948395918,21053.303693296461,10978.175991570139,12559.111857883858,8130.6555141387544,33209.338477675512,1200.0000000000016,7950.0000000000009
2025-07-20,83521.255662986077,83521.255662986077,62802.038922644046,0,954.05485731252281,63756.093779956565,211.96542273886695,15165.385692302425,18358.962410764965,4028.947428409042,10807.87215911177,63756.093779956565,7950.0000000000009,1200
2025-07-21,94421.003443983849,94421.003443983849,70693.187307413042,0,579.32222033537698,71272.509527748422,125.84258711706593,23697.181339578488,17979.716885058573,3677.0445610530323,11162.587665527964,71272.509527748422,1200,2550.0000000000014
2025-07-22,89478.960056760145,89478.960056760145,67003.369393068715,0,731.12863217754079,67734.498025246256,225.70476139508824,23132.421187923293,18737.26116221787,3539.2392187937385,7975.1209569893963,67734.498025246256,2550.0000000000014,2550.0000000000005
2025-07-23,96870.686747331027,96870.686747331027,72305.541400446062,0,19.696752090316256,72325.238152536389,7.7166511617301694,23306.870857048147,20093.565394208999,6350.4609411203783,13098.089877866552,72325.238152536389,2550.0000000000005,1199.9999999999995
2025-07-24,99811.930665691965,99811.930665691965,75017.510830826053,0,19.254387685663136,75036.765218511719,7.7125526479724158,25666.666666666664,20790,6471.2574666666678,14855.247085006598,75036.765218511719,1199.9999999999995,1199.9999999999993
2025-07-25,47939.773893048121,47939.773893048121,27870.881520663046,0,493.49215175296729,28364.373672416012,140.20665113766216,13797.724988434944,11176.157240632305,12312.465436151009,6640.6277935654716,28364.373672416012,1199.9999999999993,1200.0000000000018
2025-07-26,56220.870774333125,56220.870774333125,31654.2877751243,0,552.17453763590993,32206.46231276021,225.76048017374774,21787.590623816002,10897.948405290957,10803.975755879637,6283.9217134355276,32206.46231276021,1200.0000000000018,8700.0000000000018
2025-07-27,81270.373219233268,81270.373219233268,61648.335529978642,0,2747.7812464642971,64396.116776442934,636.04496481417311,15977.370550758715,19691.670146114564,3826.92128837773,8108.6066910255659,64396.116776442934,8700.0000000000018,1199.9999999999991
2025-07-28,92863.91052387454,92863.91052387454,69335.436241754447,0,2256.5957479072654,71592.031989661715,487.87746441153411,22774.091074547057,18447.013770383113,2662.5417481314912,8407.2917026573159,71592.031989661715,1199.9999999999991,1199.9999999999986
2025-07-29,90353.376346698467,90353.376346698467,67069.739294662751,0,1528.7555595006784,68598.494854163437,466.33196170579015,22419.333603961524,18159.660219208832,2056.2938207286675,8434.4951529229038,68598.494854163437,1199.9999999999986,1200.000000000002
2025-07-30,83794.995983697707,83794.995983697707,62877.250762041142,0,8104.8503580486076,70982.101120089763,2154.4348291001861,22180.239063256231,17290.993641237546,1236.5058737524519,5720.4254670267674,70982.101120089763,1200.000000000002,1950
2025-07-31,87921.793544768763,87921.793544768763,65124.05138037046,0,2356.0528889503798,67480.104269320844,530.27302919348358,21917.297645849878,18428.011093138397,2738.0819852445934,7529.7017693395246,67480.104269320844,1950,1200.0000000000027
2025-08-01,47232.910512731054,47232.910512731054,27584.556876789902,0,370.78390567422753,27955.340782464133,176.76500922797692,14442.375041976011,11023.323784000571,16621.292168340085,6117.9724289768401,27955.340782464133,1200.0000000000027,1949.9999999999998
2025-08-02,59583.916100134345,59583.916100134345,32350.836696348353,0,0,32350.836696348353,0,22985.980052723986,12003.643842706431,17310.658203530853,10363.896753252602,32350.836696348353,1949.9999999999998,9299.9999999999982
2025-08-03,70549.324860704684,70549.324860704684,53249.260879064881,0,184.41366979981461,53433.674548864692,45.742560336816325,11315.689571861712,16455.708553207984,4803.9927609656042,8091.6136580888415,53433.674548864692,9299.9999999999982,1200
2025-08-04,85571.638687016879,85571.638687016879,62857.303418072101,0,22.739890232947371,62880.043308305045,5.6224231012355972,21108.946793646348,17098.246902853545,4741.7783971680392,11409.12773882393,62880.043308305045,1200,1199.9999999999998
2025-08-05,84916.626576071518,84916.626576071518,61943.591746363236,0,1657.822182652827,63601.413929016067,408.80095759805442,22556.634024147799,17595.873559559725,4848.4556941043629,10363.90164164381,63601.413929016067,1199.9999999999998,1949.9999999999993
2025-08-06,89619.198829679706,89619.198829679706,67827.722319230234,0,1688.8421969223709,69516.564516152604,314.0919908358523,21794.697897245569,18328.705296768909,5283.2502383538813,13069.648715018357,69516.564516152604,1949.9999999999993,1200.0000000000002
2025-08-07,92466.251283548132,92466.251283548132,65565.230141790351,0,246.9149175435883,65812.145059333925,58.527621384595193,23111.479581694235,18720.29846117233,9749.9399102731059,14995.672624137711,65812.145059333925,1200.0000000000002,1200
2025-08-08,48376.539138941473,48376.539138941473,27142.240315385548,0,58.692899144784811,27200.933214530334,9.2729124172185493,13791.291939797095,11170.946471235644,21859.91758337108,8130.3777494261558,27200.933214530334,1200,1200.0000000000027
2025-08-09,55039.723694117056,55039.723694117056,30548.701601491914,0,239.27451388276529,30787.97611537468,73.603717623307091,21754.247141687993,10870.940184767274,18970.404450959133,6337.6870038605184,30787.97611537468,1200.0000000000027,8700.0000000000036
2025-08-10,78361.790550105827,78361.790550105827,59937.899571349699,0,1414.373417852494,61352.272989202189,274.56943553928124,14190.605634193815,17569.390563696994,5332.0579939335285,11378.467871214756,61352.272989202189,8700.0000000000036,1950.0000000000018
2025-08-11,83543.103537167626,83543.103537167626,59567.425683860136,0,631.66336792291168,60199.089051783048,160.62239478034175,21054.672649699391,17729.284846256509,6351.6108330232037,9465.4739621485569,60199.089051783048,1950.0000000000018,1199.9999999999991
2025-08-12,90117.161184130397,90117.161184130397,65499.910460762781,0,88.546629566409038,65588.45709032919,31.685246371775406,22695.173820270556,18383.090794419149,5850.4952789375548,12225.724475713225,65588.45709032919,1199.9999999999991,1199.999999999997
2025-08-13,83155.370866312325,83155.370866312325,60353.010396261569,0,2422.518024460268,62775.528420721843,428.71038818701697,21060.773306269388,17059.226378078201,3601.6768544433953,9859.8780218647698,62775.528420721843,1199.999999999997,1200.0000000000023
2025-08-14,85270.952727646072,85270.952727646072,62321.909532270583,0,1338.8571657071529,63660.766697977742,225.24490951998698,22395.46191613637,18140.324152070461,4239.3198467072216,11075.449043059598,63660.766697977742,1200.0000000000023,1200.000000000002
2025-08-15,51888.926850294782,51888.926850294782,29267.516070684185,0,15.92786451339083,29283.443935197574,8.239795493117299,16500.823014314617,12015.66664159484,21069.827862636877,9182.4555270979108,29283.443935197574,1200.000000000002,2700.0000000000036
2025-08-16,57015.869688648447,57015.869688648447,31944.352653302289,0,265.26899754657217,32209.621650848861,83.19656677420376,22279.775578615212,12646.618218678326,20708.911214455697,9827.7173143634063,32209.621650848861,2700.0000000000036,8699.9999999999964
2025-08-17,79729.283335757311,79729.283335757311,58121.137356740051,0,205.74241556494633,58326.879772305001,27.900400776166407,14948.101179545285,18182.961955431678,7339.6166401716255,12487.034255581582,58326.879772305001,8699.9999999999964,1949.9999999999991
2025-08-18,84623.440832089924,84623.440832089924,61953.483257160988,0,59.163387046704493,62012.646644207693,11.978819001154989,22049.001637973848,18534.691326758817,5272.1105290933101,11454.883194116064,62012.646644207693,1949.9999999999991,1199.9999999999982
2025-08-19,86509.530966608552,86509.530966608552,62775.028437594796,0,172.48933786712249,62947.517775461922,39.669951380490261,23001.195931935657,17280.968704867882,6206.8107977361378,10304.502843185126,62947.517775461922,1199.9999999999982,2700
2025-08-20,93380.250116810639,93380.250116810639,68214.654632515871,0,597.37393249811896,68812.028565013999,114.98909627965881,23730.84052214805,19356.98082293992,5344.9426470651761,13125.745800150326,68812.028565013999,2700,2550.0000000000027
2025-08-21,87449.952049580053,87449.952049580053,63349.615466534524,0,579.17736620815162,63928.792832742678,95.725951019364857,21871.620827506416,18931.012870280199,6643.6143725946822,12117.037187445181,63928.792832742678,2550.0000000000027,1200.0000000000018
2025-08-22,50305.614443974322,50305.614443974322,28869.320069356643,0,443.32353145882928,29312.643600815471,71.576181517431905,15130.759929957218,11580.915543265346,17499.572865528688,8097.2039732711946,29312.643600815471,1200.0000000000018,1950.0000000000041
2025-08-23,55802.781217568569,55802.781217568569,30080.256770318854,0,24.037279590364129,30104.294049909218,15.227924985976642,23698.151158253,12135.581401136977,16308.624454948225,5416.8087804902989,30104.294049909218,1950.0000000000041,9794.3567078310643
2025-08-24,74866.210104354686,74866.210104354686,57615.214797036053,0,432.4322955314251,58047.64709256748,119.71974305933742,15357.807471308559,19634.745088807886,5940.0389434346271,9589.2390381453952,58047.64709256748,9794.3567078310643,1800.0000000000036
2025-08-25,107368.12457983155,107368.12457983155,78038.865001572995,0,0,78038.865001572995,0,26872.735691550311,20237.068832360641,8338.2123920503273,21621.158311924901,78038.865001572995,1800.0000000000036,3499.8300864390121
2025-08-26,83089.582572089246,83089.582572089246,61518.676428002436,0,136.55119252595202,61655.227620528385,56.647813366293065,19847.329236854886,18146.183759647567,3734.288321207001,12181.978203707888,61655.227620528385,3499.8300864390121,1200.0000000000045
2025-08-27,85280.32247417685,85280.32247417685,62085.559929255091,0,1465.3582247579664,63550.918154013059,368.58569462898225,22093.856395818439,17896.02368061294,5060.4701256567241,8476.45646127693,63550.918154013059,1200.0000000000045,1200.0000000000043
2025-08-28,84496.929984896473,84496.929984896473,60801.207731716953,0,2433.6986968352685,63234.906428552218,606.86911830603856,22257.770091545168,18028.793774151585,2581.2894727804423,7525.7383296951566,63234.906428552218,1200.0000000000043,1200.0000000000077
2025-08-29,51235.36700635327,51235.36700635327,29092.467319993622,0,0,29092.467319993622,0,15323.469073361359,12412.009949422698,16295.382163950633,9473.3053684639799,29092.467319993622,1200.0000000000077,1200.0000000000089
2025-08-30,58345.860222863324,58345.860222863324,32010.359632141051,0,250.51328257216971,32260.872914713225,64.08689284055572,25238.010717959929,12342.788681547543,20589.715677946529,6412.289568011628,32260.872914713225,1200.0000000000089,10200.000000000013
2025-08-31,74126.695632734321,74126.695632734321,54897.681652741514,0,1855.1432147480609,56752.824867489573,470.89335109421688,14074.765018532431,18150.559665011278,3479.8608393221984,8546.899707651859,56752.824867489573,10200.000000000013,2700.0000000000036
2025-09-01,85566.633766353101,85566.633766353101,54964.998714707523,0,0,54964.998714707523,0,20928.476918230317,18302.066303766558,10349.919114184187,19016.169504371821,54964.998714707523,2700.0000000000036,1200.0000000000009
2025-09-02,79099.057214171349,79099.057214171349,49563.651546616573,0,53.30482194416274,49616.956368560743,18.396832422489297,24952.779967362374,17646.751773563527,5173.1710565135581,12580.498946281437,49616.956368560743,1200.0000000000009,4050.0000000000009
2025-09-03,77851.713933469437,77851.713933469437,50883.036751786894,0,52.939030371729679,50935.975782158624,21.916385995334167,20898.438010703605,17467.734788669921,7284.9904804793514,11610.219366951724,50935.975782158624,4050.0000000000009,3449.9999999999991
2025-09-04,72823.676353232877,72823.676353232877,47930.339631018483,0,267.02257553689094,48197.362206555379,50.735181482066011,19208.23860601554,17583.673270872583,7402.2894370427857,9921.9912125292067,48197.362206555379,3449.9999999999991,1199.9999999999973
2025-09-05,43740.773000254558,43740.773000254558,21084.004461873006,0,0,21084.004461873006,0,16272.379564395864,11788.832830411662,22748.895347078331,9684.0692525253617,21084.004461873006,1199.9999999999973,2746.4384630544291
2025-09-06,49812.380493708632,49812.380493708632,22981.234010457061,0,485.21745227848749,23466.451462735546,128.86449026825321,23225.769696948108,12239.66807127695,22461.632036040508,8772.4276222652261,23466.451462735546,2746.4384630544291,10050.000000000004
2025-09-07,64775.273787042242,64775.273787042242,42294.086322824733,0,1668.5409722888735,43962.627295113605,297.43233428921212,14818.073629916878,17267.639640232679,3347.9740645820721,9213.3144503985204,43962.627295113605,10050.000000000004,4199.9999999999982
2025-09-08,74518.292727530963,74518.292727530963,47046.152069521355,0,1900.4207000555082,48946.572769576866,529.18519721079747,24023.730756343146,18109.22191263795,4498.2259888579374,5239.1735588453012,48946.572769576866,4199.9999999999982,5699.9999999999982
2025-09-09,62687.678938925019,62687.678938925019,40386.112906090653,0,4822.7963928795725,45208.909298970219,1261.5567807084119,21333.333333333336,17280,4204.5297218690303,2588.5383977644055,45208.909298970219,5699.9999999999982,5700
2025-09-10,69832.892485866498,69832.892485866498,45871.795993892258,0,1581.9635505559927,47453.75954444825,401.074581128349,18085.936621225985,18699.608663193048,4063.8938204493998,5467.7466385125026,47453.75954444825,5700,1200.0000000000045
2025-09-11,73170.115191316523,73170.115191316523,46348.097540077892,0,3310.627931593488,49658.72547167138,662.46042753659503,22302.182087738373,18064.767491068087,8036.8857446650591,8062.1894941844403,49658.72547167138,1200.0000000000045,1200.0000000000043
2025-09-12,36577.988599204669,36577.988599204669,16736.608988705048,0,1285.0683448925142,18021.677333597559,471.93488196112884,17390.510249601695,12736.313302177374,18680.4029450048,2163.6673887366787,18021.677333597559,1200.0000000000043,2700.0000000000014
2025-09-13,43356.816496511266,43356.816496511266,18828.976613296501,0,1252.874629614387,20081.851242910889,388.23927889832993,23992.300132787244,12143.76310755767,21932.174757100009,1957.242509746683,20081.851242910889,2700.0000000000014,10800.000000000002
2025-09-14,69295.286042987194,69295.286042987194,46483.933902338322,0,1244.6539580112035,47728.587860349522,385.53904627697648,14924.327427354725,19513.705216157327,7041.5433585130868,7129.3347695536904,47728.587860349522,10800.000000000002,2550.0000000000036
2025-09-15,65340.033192246359,65340.033192246359,42447.570854695994,0,2981.7281910514566,45429.299045747452,693.28132090108875,23065.078768406558,17566.59210767,2608.6507871341519,2859.1464319434131,45429.299045747452,2550.0000000000036,3790.1352163770139
2025-09-16,78533.992078423587,78533.992078423587,50679.67513971078,0,1205.6015233868434,51885.276663097626,384.18052262330821,24122.071981803318,18629.999999999996,6369.895393403739,7564.4352425065081,51885.276663097626,3790.1352163770139,4800.0000000000018
2025-09-17,71937.205016586464,71937.205016586464,47393.289613460081,0,1217.2671045887141,48610.556718048792,384.67057157536942,21464.510034813022,19411.25312819855,5032.2983283923995,5276.2019531549658,48610.556718048792,4800.0000000000018,2550.0000000000045
2025-09-18,64371.753848671724,64371.753848671724,41924.840650354323,0,7143.3508234384708,49068.191473792802,2035.6915522903485,20172.35028348957,17554.603729626557,1511.486201564639,3322.1615288677576,49068.191473792802,2550.0000000000045,1199.9999999999982
2025-09-19,37623.20793714319,37623.20793714319,17505.988224266337,0,561.50089245233153,18067.489116718669,246.16923498732007,18874.125518256067,13938.041669787413,14145.697145354316,2686.2438616408699,18067.489116718669,1199.9999999999982,2700.0000000000041
2025-09-20,44147.874796145668,44147.874796145668,19101.52791444636,0,3290.594311049118,22392.122225495477,902.79264053197221,24696.719189940188,12714.342543851562,14809.098144907412,2613.7589123482649,22392.122225495477,2700.0000000000041,10799.999999999998
2025-09-21,64954.018230652815,64954.018230652815,43944.274688180951,0,611.73854407665908,44556.01323225761,145.9209547072054,14279.720053896752,18856.57324365637,5924.2942583787471,5465.0106334075572,44556.01323225761,10799.999999999998,2700
2025-09-22,79750.498257254454,79750.498257254454,52340.513824279587,0,1513.080506858621,53853.594331138207,382.71850190897078,24666.666666666664,18629.999999999996,5359.6184611694171,8122.9117479940214,53853.594331138207,2700,4200.0000000000018
2025-09-23,75365.373198648871,75365.373198648871,49697.158097497726,0,1188.8819152247479,50886.040012722478,242.78848809619467,20991.133502799355,18352.818137267481,4428.6596526982503,6424.5710851816129,50886.040012722478,4200.0000000000018,2699.9999999999991
2025-09-24,64588.904016594104,64588.904016594104,43019.810099477691,0,11258.29236824631,54278.102467723991,3826.9847409691201,20039.95293254187,17582.361875358911,2481.0315982611764,2414.0410021190974,54278.102467723991,2699.9999999999991,1200.0000000000016
2025-09-25,73395.879086656758,73395.879086656758,47635.780106125785,0,2932.7614378669673,50568.541543992746,754.0142657550789,22278.995639898112,18045.986468317475,4779.0898969923164,4802.3453838388868,50568.541543992746,1200.0000000000016,1199.9999999999993
2025-09-26,38801.643964158022,38801.643964158022,17579.212728668346,0,472.06004565009084,18051.272774318437,127.17821217420482,18221.331890377336,13409.278831205638,12570.804267405372,3851.7213497551602,18051.272774318437,1199.9999999999993,2700.0000000000045
2025-09-27,44247.338841915349,44247.338841915349,19594.226750155431,0,3921.843637217014,23516.070387372445,1365.3342815061374,25270.816267108752,13179.36117635809,14183.626174291072,1536.2896083797577,23516.070387372445,2700.0000000000045,10800.000000000004
2025-09-28,65810.158094937331,65810.158094937331,45074.623894024036,0,3456.1554980236961,48530.779392047734,878.20654484991655,15366.046824297015,18386.49792768059,3261.9646757728733,2959.2219007312824,48530.779392047734,10800.000000000004,4199.9999999999982
2025-09-29,74733.019522711169,74733.019522711169,49965.646533710256,0,1700.1755562632384,51665.822089973488,363.72923651651502,20346.213646507142,18505.433053670778,3952.6819558513653,6543.3946105399609,51665.822089973488,4199.9999999999982,1950.0000000000064
2025-09-30,75363.562371537148,75363.562371537148,50392.246664117447,0,9652.8011237103365,60045.047787827789,2496.4248684428244,23035.869867232701,18659.054592458495,2377.5986940751754,5683.3985044639358,60045.047787827789,1950.0000000000064,1949.9999999999982
2025-10-01,71227.130671763996,71227.130671763996,44065.80048399049,0,0,44065.80048399049,0,22094.875610503477,18571.849244507819,8402.6372608582933,9639.9455115766978,44065.80048399049,1949.9999999999982,1200.0000000000007
2025-10-02,78867.582766901251,78867.582766901251,49272.675906459466,0,149.68845400724015,49422.364360466709,73.275996708816251,23365.792072253847,18926.291578525619,10445.322304904574,12325.252848310603,49422.364360466709,1200.0000000000007,1199.9999999999982
2025-10-03,37046.250979261094,37046.250979261094,15690.319063973395,0,62.477601302009298,15752.796665275404,32.213251509156635,18765.318206415744,13035.463983498204,20020.255560042064,3511.2007478106461,15752.796665275404,1199.9999999999982,3604.9375152206053
2025-10-04,45459.44047078587,45459.44047078587,19074.04899574093,0,241.88423875000396,19315.933234490934,75.482764419783024,24477.490483994578,13351.211055734153,16509.353959378597,4803.3074142333007,19315.933234490934,3604.9375152206053,10799.999999999998
2025-10-05,68081.291524659347,68081.291524659347,44063.562971985601,0,462.5318858259601,44526.094857811564,145.68823922118952,14044.253813684181,18642.748074652038,8224.9680629919167,9864.5448951898143,44526.094857811564,10799.999999999998,2725.6639049246114
2025-10-06,65437.623757394889,65437.623757394889,42204.015586552501,0,6249.7031096777182,48453.718696230222,1860.4553332323719,21606.232635548637,17524.145949226542,2070.1851754029108,3412.6979789022598,48453.718696230222,2725.6639049246114,2700.0000000000005
2025-10-07,72547.21866857537,72547.21866857537,44688.491875793123,0,1314.0722042365778,46002.564080029704,324.95277365359516,23976.359476092061,17530.851175634572,4047.327249687195,4607.7728920842919,46002.564080029704,2700.0000000000005,4800.0000000000009
2025-10-08,65991.365459048204,65991.365459048204,40957.264226338259,0,3063.9965750264901,44021.26080136474,667.62693180824863,20912.478475463806,17479.107565125676,3327.2930906711681,3419.8327231804919,44021.26080136474,4800.0000000000009,4200.0000000000055
2025-10-09,73315.631882406422,73315.631882406422,46382.521707033316,0,1110.1725734893266,47492.694280522643,208.98443762911927,19816.422707153521,18751.302392794354,7355.7301818181913,9343.7841405248455,47492.694280522643,4200.0000000000055,1200.0000000000018
2025-10-10,41836.27970792455,41836.27970792455,16748.644396513533,0,350.74407137945923,17099.388467892994,150.37491963666741,24065.804449508112,13424.402892625219,19935.911520447506,2065.7306335641483,17099.388467892994,1200.0000000000018,7943.2207905292817
2025-10-11,37385.054549092689,37385.054549092689,15238.945370032709,0,559.18217289811946,15798.127542930828,222.73194074617965,23231.506796324691,16786.419216499351,15217.363956679055,1839.0213700011377,15798.127542930828,7943.2207905292817,10199.999999999998
2025-10-12,64117.472028178003,64117.472028178003,40572.072414318623,0,2779.9222279508167,43351.994642269434,613.03088424771852,15926.135734331334,17625.169944808382,4256.3565288010377,3658.2246107684095,43351.994642269434,10199.999999999998,4950
2025-10-13,72096.312034518749,72096.312034518749,44937.031944401555,0,1530.7295862380201,46467.761530639575,337.10035296130502,22428.747880859548,18167.285783496238,4791.4133110869443,6353.1416790298008,46467.761530639575,4950,4949.9999999999982
2025-10-14,77903.728354898019,77903.728354898019,49067.052424733985,0,1824.835524744045,50891.887949478027,411.64902906695005,25994.70419261566,19030.710396018683,4383.6433663355201,6193.91093769914,50891.887949478027,4949.9999999999982,7200.0000000000009
2025-10-15,77490.677122468711,77490.677122468711,49578.20871117551,0,641.09785525253812,50219.306566428051,228.6787280328557,22835.469014229879,19171.729901526207,3706.6093881861834,8428.9836996116974,50219.306566428051,7200.0000000000009,6450.0000000000027
2025-10-16,69345.975173855739,69345.975173855739,46394.951414768046,0,1492.8288588745181,47887.780273642566,473.23024206560757,18393.97045886259,19624.116071678702,3467.1246019191767,4615.7534768182859,47887.780273642566,6450.0000000000027,1200.0000000000009
2025-10-17,40778.663357533573,40778.663357533573,16413.333838161241,0,1745.1628968859673,18158.496735047207,590.43303434856352,23758.105316210458,13169.065306130473,13235.119045930787,1540.738019204698,18158.496735047207,1200.0000000000009,7950.0000000000027
2025-10-18,38548.627197373382,38548.627197373382,16198.913096518105,0,447.71132443838525,16646.62442095649,181.78192372323832,22390.524075576235,15571.32450121675,13409.215967557815,2425.4003125126501,16646.62442095649,7950.0000000000027,10800.000000000002
2025-10-19,71656.264459018537,71656.264459018537,47512.557010057004,0,1505.1898338091801,49017.746843866189,364.89216393457048,20479.930308222913,19963.743549660561,3172.6195111294255,4446.6278199280077,49017.746843866189,10800.000000000002,7050.0000000000036
2025-10-20,80953.301362694707,80953.301362694707,53018.819500675469,0,623.56802005157192,53642.387520727047,185.93060727256375,25138.508172346828,19552.191619600941,3689.3090520717801,7422.823998482927,53642.387520727047,7050.0000000000036,7949.9999999999955
2025-10-21,77269.970557201275,77269.970557201275,51128.516457272737,0,2637.0140902968978,53765.530547569644,673.97306226700982,21788.845161167184,18998.96458054542,2505.5526660949058,6185.9290227516267,53765.530547569644,7949.9999999999955,6449.9999999999973
2025-10-22,77181.86487755159,77181.86487755159,50186.383992226853,0,1333.3111700491431,51519.695162275995,422.19841253734666,25234.496219588185,19899.941937866432,3502.6926463858476,3211.9196619813529,51519.695162275995,6449.9999999999973,7050.0000000000009
2025-10-23,81375.379400089412,81375.379400089412,54692.483300824926,0,1044.7483749539958,55737.231675778923,343.19042341854384,17500,19440,6042.3881402786355,14236.684649895982,55737.231675778923,7050.0000000000009,1200.0000000000027
2025-10-24,39844.904957471517,39844.904957471517,16447.247254087073,0,1127.9870853414936,17575.234339428567,373.21559204509822,22034.739108949456,14282.25879548509,12386.028158382458,1659.5613610031239,17575.234339428567,1200.0000000000027,5162.0887586266326
2025-10-25,41500.790657862883,41500.790657862883,16556.096992496841,0,666.54478264747047,17222.641775144311,222.63978230817372,24008.253442430374,14912.565171132575,11167.880413611179,2061.4290219287404,17222.641775144311,5162.0887586266326,10199.999999999998
2025-10-26,76747.227631190675,76747.227631190675,50795.141220944941,0,1003.0893636189403,51798.230584563877,233.66261796525342,19008.987323971371,18772.27973241682,4917.9345204639294,7281.9361204707784,51798.230584563877,10199.999999999998,6449.9999999999927
2025-10-27,75349.677960124332,75349.677960124332,48273.200411734608,0,2331.6712251687231,50604.871636903328,597.80283032741204,23587.228121566717,18430.654778469037,3222.9616486864593,4015.3641320009265,50604.871636903328,6449.9999999999927,7200.0000000000009
2025-10-28,71795.041410891659,71795.041410891659,47684.61054012501,0,5290.8103316768493,52975.420871801856,1335.8030479197689,18972.197399345576,17392.479893469917,2745.374515710685,2833.330737225097,52975.420871801856,7200.0000000000009,4950.0000000000009
2025-10-29,84396.978956675492,84396.978956675492,55917.294655976308,0,741.5166726047255,56658.81132858104,200.22586286827845,25245.264557866783,19233.664291872097,2468.7773573136801,6804.5703962354128,56658.81132858104,4950.0000000000009,6299.9999999999964
2025-10-30,69874.048041522881,69874.048041522881,47486.529464086227,0,2676.5520822289063,50163.081546315138,687.58969178907228,17586.79899321367,18835.307184503072,3843.3995739483571,3178.9287006530049,50163.081546315138,6299.9999999999964,1199.9999999999973
2025-10-31,45222.348535859994,45222.348535859994,18965.019193275108,0,103.43690225415698,19068.456095529265,47.546232523368076,23553.845805054189,15028.615102093887,8655.1758603339767,4185.1961384224151,19068.456095529265,1199.9999999999973,5700.0000000000018
2025-11-01,41215.510600424124,41215.510600424124,16764.186408899594,0,512.20432056067216,17276.390729460265,255.93503005912387,23109.780709634346,14668.922374803826,8360.6480320459559,2125.900830273436,17276.390729460265,5700.0000000000018,10200
2025-11-02,73232.875243201794,73232.875243201794,50634.903851717812,0,2207.7681239356471,52842.671975653466,519.16208570382742,17934.547896062584,20255.443472143736,1941.8858001186677,5334.6631715347685,52842.671975653466,10200,3835.0448040743922
2025-11-03,89022.997149126953,89022.997149126953,59173.747046944954,0,547.75863377513815,59721.505680720089,149.71906572743842,26738.839106584004,18630,3309.1417879367955,8249.8050370002675,59721.505680720089,3835.0448040743922,7200.0000000000018
2025-11-04,78253.452022856829,78253.452022856829,51923.20080996352,0,1449.1478932796467,53372.348703243166,332.29930742155716,23204.78322033726,19470.874408473188,3578.7900362571727,3692.9804488238124,53372.348703243166,7200.0000000000018,6450
2025-11-05,85595.294555803644,85595.294555803644,58867.30446131932,0,740.79208742128674,59608.096548740607,229.65143886380065,20666.666666666664,18090,3739.8071179313365,9830.4521434027793,59608.096548740607,6450,4950
2025-11-06,78561.094657501919,78561.094657501919,54375.924453403422,0,1183.667779137355,55559.592232540774,343.82708595787113,19429.236504801909,19112.681568889551,1474.7291974956302,5744.0530600518059,55559.592232540774,4950,1199.9999999999955
2025-11-07,43752.964092294722,43752.964092294722,17744.344832770617,0,587.72733385324761,18332.072166623868,234.48477838219947,25842.723870654347,15532.606335230019,8785.5285496903307,1573.3410022289349,18332.072166623868,1199.9999999999955,7199.9999999999991
2025-11-08,42635.033570434549,42635.033570434549,17426.027292425846,0,322.03814079676243,17748.065433222604,109.94869507347983,22324.033448254679,15382.467093086281,9190.227916284457,2821.9808940551802,17748.065433222604,7199.9999999999991,10200.000000000011
2025-11-09,76552.780186061151,76552.780186061151,53925.447299490799,0,960.02631962382748,54885.473619114622,242.7187848186727,14886.410736413891,18132.992696495261,2734.1245953155421,5961.1391523123184,54885.473619114622,10200.000000000011,3450.0000000000018
2025-11-10,86962.409708337596,86962.409708337596,59913.501605516569,0,1732.318031290517,61645.819636807093,397.1513889729668,24837.293922097135,18768.208076898682,1599.9613838716205,5832.0707682404964,61645.819636807093,3450.0000000000018,4950.0000000000036
2025-11-11,88543.79627734347,88543.79627734347,60954.334161397812,0,366.10521054891097,61320.439371946712,136.47646448394858,23541.745160651692,18528.813580127873,3260.148185535164,8848.1733091017813,61320.439371946712,4950.0000000000036,5550.0000000000036
2025-11-12,81385.15318184167,81385.15318184167,55691.235283153852,0,690.68759120568097,56381.92287435953,137.1313656335181,20666.666666666657,18765,1949.6325784668579,6714.9975523416797,56381.92287435953,5550.0000000000036,3299.9999999999982
2025-11-13,79838.374109507684,79838.374109507684,55554.375196579727,0,5841.2251359425036,61395.600332522226,1365.7766572843886,20833.844258560272,18765.413849433819,3302.0922346330517,3437.7568063659096,61395.600332522226,3299.9999999999982,1200.0000000000027
2025-11-14,45643.146381847582,45643.146381847582,18527.394760583717,0,383.04716650391947,18910.441927087635,122.22054187501956,24895.825965495969,15440.61903205174,6259.1498513739789,2452.5548389043952,18910.441927087635,1200.0000000000027,6450.0000000000009
2025-11-15,48848.994448150152,48848.994448150152,20165.235629587951,0,385.24083293031777,20550.476462518265,141.04547300763056,24409.15565764637,16396.416082693562,8457.1883824869801,4308.2250470513254,20550.476462518265,6450.0000000000009,10200.000000000004
2025-11-16,80894.005386541627,80894.005386541627,56478.298154238437,0,3375.6003426802431,59853.898496918671,738.77007706084339,18833.333333333336,18089.999999999996,1830.4326249055446,4624.4651220302649,59853.898496918671,10200.000000000004,7050.0000000000091
2025-11-17,80953.447190653897,80953.447190653897,55520.250030582596,0,1880.9415899264302,57401.191620509024,530.91191135751399,22504.192398702631,18768.395842949139,1609.7492902781087,3443.0589226464726,57401.191620509024,7050.0000000000091,6450.0000000000027
2025-11-18,83428.469738403088,83428.469738403088,58546.284649210203,0,1647.2437407883549,60193.528389998552,457.89573390503267,20666.666666666664,18090,1174.1913534282271,5244.9556188798979,60193.528389998552,6450.0000000000027,4950.0000000000009
2025-11-19,87804.37480094019,87804.37480094019,60660.399758301166,0,2692.6553760615516,63353.055134362716,617.06881611068172,26314.727807448173,18614.929524033018,1286.0340736421615,4067.2996599935541,63353.055134362716,4950.0000000000009,7950.0000000000036
2025-11-20,77321.119669932872,77321.119669932872,55192.675159209059,0,1735.595045414065,56928.270204623128,418.72859453836236,15991.075214503304,19027.770923747677,1836.8840748741807,4146.5838655080925,56928.270204623128,7950.0000000000036,1200.0000000000018
2025-11-21,48306.134917950527,48306.134917950527,20171.538283414608,0,449.8829353436858,20621.421218758293,220.33221471492294,27930.814881239272,15787.775387237936,5610.8661420733515,1908.1774299240935,20621.421218758293,1200.0000000000018,8795.7607406287552
2025-11-22,47742.726609048572,47742.726609048572,19860.421822656179,0,505.75148120839259,20366.173303864573,224.98033667293987,22293.931952705156,16794.269548257056,8139.8457608893914,4108.3692970506954,20366.173303864573,8795.7607406287552,10200
2025-11-23,81314.379281190748,81314.379281190748,56773.803375821342,0,3097.7257100877273,59871.52908590906,619.13982641362088,20416.647206766334,18697.484237480727,1607.28085326165,3374.9790017237797,59871.52908590906,10200,7800.0000000000055
2025-11-24,82068.784954010611,82068.784954010611,56879.708627426618,0,1726.4275291196475,58606.136156546258,453.18082827256455,21666.666666666657,18089.999999999996,1708.5039800874611,3074.8514355290599,58606.136156546258,7800.0000000000055,7200.0000000000045
2025-11-25,92482.38723267059,92482.38723267059,65825.111234791926,0,705.08611482460356,66530.19734961653,244.84802615919449,22422.449274892264,19512.183912662738,3141.3060790519253,10507.003350881674,66530.19734961653,7200.0000000000045,5700.0000000000009
2025-11-26,88242.456031640628,88242.456031640628,62664.60366305249,0,1031.1244754610493,63695.728138513543,229.94929036068831,21333.333333333328,18090,1237.9661632606494,7233.4389420740099,63695.728138513543,5700.0000000000009,4800.0000000000045
2025-11-27,83826.894171331151,83826.894171331151,60364.056365248704,0,901.48495586721265,61265.54132111591,197.48505743490026,19906.977102204801,19364.651452785889,1818.0345036042522,5883.1263424095669,61265.54132111591,4800.0000000000045,1200.0000000000018
2025-11-28,49490.838685288225,49490.838685288225,20027.823885134032,0,948.61168823460434,20976.435573368639,315.53380781766259,27117.246140826555,16564.969374069511,5709.0216385040294,2623.8355378448159,20976.435573368639,1200.0000000000018,7199.9999999999982
2025-11-29,55094.689836823381,55094.689836823381,23195.357778117541,0,522.23185055008514,23717.589628667622,263.46021733306077,24552.093658749654,17187.195863587222,6980.1405897027389,6083.6615692912692,23717.589628667622,7199.9999999999982,10200.000000000004
2025-11-30,87214.489698016376,87214.489698016376,62702.21471172489,0,2927.5113383336347,65629.726050058525,620.75066148398514,20190.660805991505,18514.435252853127,1015.7431254382585,4898.4435642570716,65629.726050058525,10200.000000000004,7799.9999999999982
2025-12-01,89870.017292147037,89870.017292147037,69109.360953243449,0,10522.853476424734,79632.21442966818,2932.7512071625565,20666.666666666668,19440,1235.5207687854154,4041.6533305241919,79632.21442966818,7799.9999999999982,4800
2025-12-02,98736.830198840122,98736.830198840122,75840.015682134312,0,7531.6313272740408,83371.647009408349,1808.3444823722748,24633.172724265107,19817.869906654734,1274.010365882169,5818.0515477198696,83371.647009408349,4800,4950.0000000000027
2025-12-03,90086.056415075,90086.056415075,67222.670592161099,0,15791.467323453442,83014.137915614527,3719.3394936366021,24813.882847696936,20099.245106634524,557.80713062610937,1370.2024703564068,83014.137915614527,4950.0000000000027,4949.9999999999982
2025-12-04,94872.206600293794,94872.206600293794,73744.158287577447,0,5814.8332990438939,79558.991586621341,1293.9922428154564,20666.666666666664,20115,1842.2085912616606,7001.1148351809315,79558.991586621341,4949.9999999999982,1199.9999999999991
2025-12-05,57006.668010415997,57006.668010415997,24960.427059042013,0,2834.9218352836106,27795.348894325623,959.88749155397068,28165.767973124195,17549.272058230599,3170.6047154713747,2867.8271882716617,27795.348894325623,1199.9999999999991,7050.0000000000009
2025-12-06,56258.002353419673,56258.002353419673,25829.486283180508,0,3394.0714706544513,29223.557753834961,1077.4414727752701,25361.958147313879,17708.186099324234,3700.371828053997,2316.6691334846378,29223.557753834961,7050.0000000000009,10200.000000000011
2025-12-07,96804.329855366232,96804.329855366232,75273.344430388766,0,6572.2786371208831,81845.623067509659,1624.8105437610657,22452.264049227037,20886.333879873913,2380.0870337434644,6830.4419460307254,81845.623067509659,10200.000000000011,7200.0000000000018
2025-12-08,102682.48753590594,102682.48753590594,78780.148472455185,0,814.09581660950437,79594.244289064678,148.88724192977804,24369.752481518248,20549.499510029786,2962.9022237143013,8201.0084659662716,79594.244289064678,7200.0000000000018,6300
2025-12-09,104355.7200749787,104355.7200749787,78493.149848592409,0,1174.087527056101,79667.237375648503,233.61222918481008,26666.666666666664,20790,2524.2247745310483,8799.9865962991316,79667.237375648503,6300,7200.0000000000009
2025-12-10,99082.602090157467,99082.602090157467,75385.622959077533,0,2798.6643630860153,78184.287322163553,639.9356073454428,25499.999999999996,20790,1825.0010135127168,4799.9182173235349,78184.287322163553,7200.0000000000009,7050.0000000000027
2025-12-11,96059.275986928667,96059.275986928667,74156.540788870072,0,549.52546411382627,74706.066252983888,152.65250779486689,18333.333333333332,20115,2507.1853728962101,9525.1550884940025,74706.066252983888,7050.0000000000027,1200.0000000000018
2025-12-12,64985.789786971538,64985.789786971538,29605.631184565627,0,647.44539070702763,30253.076575272651,169.36667696357722,30713.449963256317,17587.894470237625,4491.0708363848307,3824.1166511982578,30253.076575272651,1200.0000000000018,9300.0000000000018
2025-12-13,57250.878945368728,57250.878945368728,27118.829242134983,0,511.55084461752256,27630.380086752502,138.48249329869259,22759.17746712505,17624.933748371292,4422.5063456438802,4034.0779909364578,27630.380086752502,9300.0000000000018,10200.000000000004
2025-12-14,96253.563841354364,96253.563841354364,72608.417590470461,0,5267.9246617734643,77876.342252243921,1002.8523170570164,26257.504542741532,21740.035771777475,749.17246695062772,3211.053120496701,77876.342252243921,10200.000000000004,9676.1587864924113
2025-12-15,95509.796967478032,95509.796967478032,72439.326937224178,0,7282.8600554064615,79722.186992630639,1631.2172989461501,24746.486666027384,21058.197107325352,839.55811192275837,3143.6086291327338,79722.186992630639,9676.1587864924113,8550.0000000000036
2025-12-16,103114.40256624919,103114.40256624919,78548.457690915471,0,266.89068958079304,78815.34838049626,82.889861413376934,26456.101520661628,20754.44223173592,2518.3108067566086,5559.2309986469227,78815.34838049626,8550.0000000000036,9300.0000000000036
2025-12-17,101539.42767454311,101539.42767454311,77986.140644538013,0,890.89393838256956,78877.034582920591,186.62774692764077,23302.172332918115,20224.759589663674,2814.9860015557069,7641.8096099939448,78877.034582920591,9300.0000000000036,7800.0000000000036
2025-12-18,93116.161327943642,93116.161327943642,72050.524106625177,0,674.59237712722279,72725.116483752412,179.5013029945315,19080.809356834252,20045.455579035748,1604.0554678424078,5289.9864186305967,72725.116483752412,7800.0000000000036,2700.0000000000045
2025-12-19,61829.170364393256,61829.170364393256,28019.461794156352,0,1519.3203539687588,29538.782148125109,580.07875890639866,30165.925157603302,17819.399377658679,4008.1909545203334,3146.1410888347013,29538.782148125109,2700.0000000000045,10049.999999999998
2025-12-20,55992.795601232006,55992.795601232006,26202.781105407295,0,223.26372748339682,26426.044832890693,89.194078356396972,22668.359252340375,18226.3709943957,4875.3034808978009,3908.3456907459336,26426.044832890693,10049.999999999998,10200.000000000004
2025-12-21,99070.82234965777,99070.82234965777,75359.046371243894,0,1268.3096653349394,76627.356036578829,269.99742406287487,24122.220046787086,20888.998237897544,1876.8383676812155,5192.9777304832378,76627.356036578829,10200.000000000004,8699.9999999999964
2025-12-22,98449.770948858873,98449.770948858873,75779.802350069367,0,1656.8358660710578,77436.638216140433,387.44387596184328,24306.710045204323,20363.435136615502,1598.5123632949194,4358.0004696036376,77436.638216140433,8699.9999999999964,7949.9999999999982
2025-12-23,102977.72412295792,102977.72412295792,77637.465133086662,0,512.76920796323532,78150.234341049902,95.810503961227141,27101.936317055646,20602.568416815076,2267.9227322393899,7048.1514611058565,78150.234341049902,7949.9999999999982,9450.0000000000018
2025-12-24,97761.75593529662,97761.75593529662,74862.696931953629,0,561.92512681316089,75424.622058766792,146.91662769435538,22739.55543269284,20444.039900481206,2213.3607324787199,5545.2369816339733,75424.622058766792,9450.0000000000018,7200
2025-12-25,90421.918909801563,90421.918909801563,70154.97257303982,0,2425.8921109501725,72580.864683990018,569.66062853497453,18166.666666666664,20115,1311.0077309820895,3816.4566073544493,72580.864683990018,7200,1200.0000000000018
2025-12-26,64322.996983947232,64322.996983947232,28676.931423049195,0,289.36517715009114,28966.296600199283,103.10427119989811,32548.460654333529,17724.253130010165,3064.6635808627379,3529.6077166277028,28966.296600199283,1200.0000000000018,10800.000000000002
2025-12-27,54629.740191882825,54629.740191882825,24889.76749481661,0,827.98329115973047,25717.750785976343,245.85148634853641,22119.992652731864,17917.194048712809,3632.3245788380723,3701.6594287075718,25717.750785976343,10800.000000000002,10800.000000000009
2025-12-28,94959.879686141503,94959.879686141503,71887.479880047089,0,1842.4797601355347,73729.959640182627,428.04682509483814,22726.483920608523,20973.451975692915,2201.4930610114689,4624.1467553092671,73729.959640182627,10800.000000000009,7949.9999999999982
2025-12-29,99593.839049692571,99593.839049692571,73591.036997415897,0,818.48019412473491,74409.517191540624,211.03276034288228,26325.262751144415,19973.462828426971,1109.2421623827292,4820.0634582686143,74409.517191540624,7949.9999999999982,9450.0000000000036
2025-12-30,98015.345309627417,98015.345309627417,72953.50044771895,0,1422.4876101344828,74375.988057853421,296.60629876325328,24605.739311262067,20605.648842122275,1985.1619344743333,6102.2966047765594,74375.988057853421,9450.0000000000036,8700.0000000000018
2025-12-31,101243.29554422431,101243.29554422431,76206.620326042059,0,1071.0549388472045,77277.675264889258,332.12225281988435,25666.666666666664,20115,1376.1253832213447,6001.2028138228561,77277.675264889258,8700.0000000000018,9450.0000000000036
