total_cost,planned_cost,emergency_kwh,emergency_cost,min_soc,final_soc,initial_soc,adjustment_up_kwh,adjustment_down_kwh,adjustment_abs_kwh,adjustment_net_kwh,adjustment_cost,solve_seconds,solver_native_seconds,solve_wall_seconds,scenario_seconds,nodes,all_optimal,max_gap,mode,date,role,parameter,setting,baseline_reused,day_elapsed_seconds,delta_cost_pct,delta_emergency_kwh,delta_emergency_pct,delta_adjustment_cost
97404.541864988714,54372.441962024706,10461.63603915999,43032.099902964022,1199.9999999999998,1800.0000000000014,1199.9999999999998,0,0,0,0,0,0.38268708399846219,0.33808645899989642,1.5735740420059301,0.20129554200684652,1,True,1.1417567688497325e-16,4-2,2025-07-01,高联合风险日,rho,0.75,False,1.6883381670049857,1.2977641308586609,375.08645412781152,3.7186795243084596,0
86379.212579182713,57466.024081189069,6836.8574267696595,28913.188497993629,1199.9999999999982,2549.9999999999982,7200.0000000000036,0,0,0,0,0,0.5021614590077661,0.45705429199733771,1.6845521670184098,0.19803620799211785,1,True,0,4-2,2025-07-06,高运行压力日,rho,0.75,False,1.7975259159866255,1.5299604520650414,568.93894627048303,9.0769997733788763,0
49087.608170374966,41797.258136566408,2102.6888026573261,7290.3500338085505,1199.9999999999982,1199.9999999999982,2550.0000000000045,0,0,0,0,0,0.38457695898250677,0.33332149998750538,1.5282333329960238,0.20557733299210668,1,True,0,4-2,2025-09-18,常规日,rho,0.75,False,1.6470421669946518,0.039570842125971888,66.997250366977596,3.2911297535031405,0
77788.040729627683,71735.618118492028,1198.2089576615754,6052.422611135652,1199.9999999999982,9300.0000000000018,10200.000000000004,0,0,0,0,0,0.58880895801121369,0.54363620799267665,1.7407056670053862,0.20616679199156351,1,True,0,4-2,2025-12-14,高价格波动日,rho,0.75,False,1.8485243750037625,-0.1133868387529391,195.35664060455895,19.480100637136196,0
94067.103544835874,54814.84487119798,9524.9123137486167,39252.258673637902,1199.9999999999995,1199.9999999999995,1199.9999999999998,0,0,0,0,0,0.57555020897416398,0.53022724998299964,1.7518379999964964,0.20129554200684652,1,True,1.1164326193145062e-16,4-2,2025-07-01,高联合风险日,rho,1.25,False,1.8675695830024779,-2.1730703218584755,-561.63727128356186,-5.5681803430282759,0
83651.366387962247,58892.112442262034,5771.8947561592413,24759.25394570022,1199.9999999999982,2549.9999999999982,7200.0000000000036,0,0,0,0,0,0.47235549998003989,0.42781787499552593,1.6354964580095839,0.19803620799211785,1,True,0,4-2,2025-07-06,高运行压力日,rho,1.25,False,1.7457636249891948,-1.6763447184069189,-496.02372433993514,-7.9136913774990871,0
49045.122062837661,41997.454479185151,1994.3060679538635,7047.6675836525174,1199.9999999999995,1199.9999999999995,2550.0000000000045,0,0,0,0,0,0.41960208301316015,0.37519000002066605,1.5950710419856478,0.20557733299210668,1,True,0,4-2,2025-09-18,常规日,rho,1.25,False,1.7051638329867274,-0.047015001495341026,-41.385484336484978,-2.0329938634329121,0
78041.515336982586,73395.554533782095,881.72153995855979,4645.9608032004762,1200,10050.000000000002,10200.000000000004,0,0,0,0,0,0.6568613339914009,0.61210879200370982,1.8236503750085831,0.20616679199156351,1,True,1.8941074533417661e-16,4-2,2025-12-14,高价格波动日,rho,1.25,False,1.9330755000119098,0.21209661363352622,-121.13077709845663,-12.078625639907639,0
94742.772591796587,54807.182177419316,9706.8430790938073,39935.590414377264,1199.9999999999977,1799.9999999999977,1199.9999999999998,0,0,0,0,0,0.62893979100044817,0.58337366601335816,1.7901184170041233,0.21463570799096487,1,True,0,4-2,2025-07-01,高联合风险日,weight,0.29999999999999999,False,2.1185274580202531,-1.4703950416398441,-379.70650593837127,-3.7644836099535213,0
83951.359543173254,58390.775501218086,6008.7738828065021,25560.584041955179,1200,1950,7200.0000000000036,0,0,0,0,0,0.47179554202011786,0.42570079199504107,1.6347404580155853,0.21386208297917619,1,True,0,4-2,2025-07-06,高运行压力日,weight,0.29999999999999999,False,1.9603754589916207,-1.3237333403332536,-259.14459769267432,-4.134460243842164,0
48962.696009873158,41950.593508716469,1988.1884531318847,7012.1025011566871,1199.9999999999998,1200,2550.0000000000045,0,0,0,0,0,0.49450574998627417,0.44960108300438151,1.6528570420050528,0.21503304201178253,1,True,1.2313067600472184e-16,4-2,2025-09-18,常规日,weight,0.29999999999999999,False,1.9795712920022197,-0.21499766091030442,-47.503099158463783,-2.3335116317115054,0
76994.926277875056,72981.701620099193,741.03345470676913,4013.2246577758619,1199.9999999999964,9299.9999999999982,10200.000000000004,0,0,0,0,0,0.58241641698987223,0.53748008300317451,1.7578714579867665,0.21555225001065992,1,True,1.9066811937618328e-16,4-2,2025-12-14,高价格波动日,weight,0.29999999999999999,False,2.0816040839999914,-1.1318148090647748,-261.81886235024729,-26.107419596794109,0
94724.537204542954,54754.224217840259,9704.4392848510961,39970.312986702695,1199.9999999999998,1200.0000000000014,1199.9999999999998,0,0,0,0,0,0.46937362500466406,0.42442529200343415,1.8117607079911977,0.2089215420128312,1,True,0,4-2,2025-07-01,高联合风险日,weight,0.69999999999999996,False,2.1333843750180677,-1.4893592903441171,-382.11030018108249,-3.7883152901772355,0
86093.201275418833,57368.175989430907,6726.8923870774415,28725.025285987926,1199.9999999999991,2699.9999999999991,7200.0000000000036,0,0,0,0,0,0.46418804198037833,0.4187652499822434,1.6606375419942196,0.20353066601091996,1,True,0,4-2,2025-07-06,高运行压力日,weight,0.69999999999999996,False,1.9759517079801299,1.1937833153103981,458.97390657826509,7.3225889584593391,0
49109.21008550722,41922.338208712521,1962.400365211573,7186.8718767947066,1199.9999999999939,1199.9999999999939,2550.0000000000045,0,0,0,0,0,0.34333962498931214,0.29895129197393544,1.5000478750152979,0.20646120901801623,1,True,0,4-2,2025-09-18,常规日,weight,0.69999999999999996,False,1.8199266660085414,0.083595116270642353,-73.291187078775465,-3.6003090446740735,0
77756.235216970992,71924.608396068477,1107.7227972917094,5831.626820902512,1199.9999999999982,9300.0000000000055,10200.000000000004,0,0,0,0,0,0.60979775001760572,0.5653759159904439,1.7760047079937067,0.20956550000119023,1,True,0,4-2,2025-12-14,高价格波动日,weight,0.69999999999999996,False,2.0971417499822564,-0.15422788461725498,104.87048023469299,10.457220714456469,0
91779.97227128259,54720.988740967296,8588.3080738709159,36988.713438277468,1200,1305.2610048431488,1446.5789930275423,113.24547119849476,250.27117105208484,363.51664225057959,-137.02569985359008,70.270092037817022,1.0059429579996504,0.88298483402468264,5.8289382500515785,0.83775137498741969,4,True,2.8234898483001569e-16,4-3,2025-07-01,高联合风险日,rho,0.75,False,6.2785147499816958,4.0222335839277781,870.24726816535804,11.275465302398628,-143.5277454583829
48264.390943913786,48251.380137738633,12.219731138984201,46.385645623520617,1200,1200.0000000000018,1200,272.23852010827216,1536.4252739727428,1808.6637940810147,-1264.1867538644708,-33.374839448363922,0.97066912401351146,0.86326208300306462,5.6922801670152694,0.83939183401525952,4,True,1.5696769173499825e-16,4-3,2025-09-02,常规日,rho,0.75,False,6.1228004999866243,-0.15193923832057801,4.3309564687628779,54.900243064508402,78.024959087240717
86636.140294722514,56329.316166696743,7267.1906194112062,29893.899204611684,1199.9999999999982,1400.2336134592078,1446.5789930275423,593.59513499752563,769.40468957825169,1362.9998245757774,-175.80955458072614,412.92492341408217,0.94518208299996331,0.84025133398245089,5.7082814160094131,0.83775137498741969,4,True,1.267634105281814e-15,4-3,2025-07-01,高联合风险日,rho,1.25,False,6.1641335420135874,-1.8077190532406497,-450.8701862943517,-5.841754783287624,199.12708591788225
48456.820356648372,48607.80775750817,7.8887746702213235,22.857724606966286,1200,1200.0000000000036,1200,127.19419133448741,1693.0488411578206,1820.243032492308,-1565.8546498233331,-173.84512546675683,1.0017772490391508,0.89494279198697768,5.7279814999783412,0.83939183401525952,4,True,5.6239893875781684e-16,4-3,2025-09-02,常规日,rho,1.25,False,6.1520929999824148,0.24615350291767171,0,0,-62.445326931152195
49068.191473792802,41924.840650354323,2035.6915522903485,7143.3508234384708,1199.9999999999982,1199.9999999999982,2550.0000000000045,0,0,0,0,0,0.43419170897686854,0.38476650000666268,1.6829258750076406,0.22655587500776164,1,True,0,4-2,2025-09-18,常规日,rho,1,True,,0,0,0,0
49068.191473792802,41924.840650354323,2035.6915522903485,7143.3508234384708,1199.9999999999982,1199.9999999999982,2550.0000000000045,0,0,0,0,0,0.43419170897686854,0.38476650000666268,1.6829258750076406,0.22655587500776164,1,True,0,4-2,2025-09-18,常规日,weight,0.5,True,,0,0,0,0
77876.342252243921,72608.417590470461,1002.8523170570164,5267.9246617734643,1200,9676.1587864924113,10200.000000000004,0,0,0,0,0,1.0568543340195902,0.97059008400538005,2.9683175839891192,0.49242829199647531,1,True,0,4-2,2025-12-14,高价格波动日,rho,1,True,,0,0,0,0
77876.342252243921,72608.417590470461,1002.8523170570164,5267.9246617734643,1200,9676.1587864924113,10200.000000000004,0,0,0,0,0,1.0568543340195902,0.97059008400538005,2.9683175839891192,0.49242829199647531,1,True,0,4-2,2025-12-14,高价格波动日,weight,0.5,True,,0,0,0,0
96156.655283288783,54688.507635346832,10086.549585032179,41468.147647941965,1199.9999999999995,1799.9999999999995,1199.9999999999998,0,0,0,0,0,0.69533104199217632,0.64285820798249915,2.094920458010165,0.24589291700976901,1,True,1.1281279868925489e-16,4-2,2025-07-01,高联合风险日,rho,1,True,,0,0,0,0
96156.655283288783,54688.507635346832,10086.549585032179,41468.147647941965,1199.9999999999995,1799.9999999999995,1199.9999999999998,0,0,0,0,0,0.69533104199217632,0.64285820798249915,2.094920458010165,0.24589291700976901,1,True,1.1281279868925489e-16,4-2,2025-07-01,高联合风险日,weight,0.5,True,,0,0,0,0
85077.559564267343,58334.314087704683,6267.9184804991764,26743.245476562661,1200,2700,7200.0000000000036,0,0,0,0,0,0.57363712499500252,0.52085979201365262,1.9143054170126561,0.2292263749986887,1,True,0,4-2,2025-07-06,高运行压力日,rho,1,True,,0,0,0,0
85077.559564267343,58334.314087704683,6267.9184804991764,26743.245476562661,1200,2700,7200.0000000000036,0,0,0,0,0,0.57363712499500252,0.52085979201365262,1.9143054170126561,0.2292263749986887,1,True,0,4-2,2025-07-06,高运行压力日,weight,0.5,True,,0,0,0,0
48337.835082358579,48426.377156287213,7.8887746702213235,22.857724606966286,1200,1200.0000000000018,1200,199.99824486368581,1582.5664335028996,1782.5646783665857,-1382.568188639214,-111.39979853560463,0.93075950097409077,0.82774016697658226,5.6443154999869876,0.8818349159846548,4,True,0,4-3,2025-09-02,常规日,rho,1,True,,0,0,0,0
88231.110897298873,55667.748850605145,7718.0608057055579,32349.564209197524,1200.0000000000018,1364.05258389755,1446.5789930275423,280.65791112446175,419.55171974430812,700.20963086876986,-138.89380861984637,213.79783749619992,0.99093649900169112,0.87510029197437689,6.381919706996996,0.98334858298767358,4,True,6.4373721457361002e-16,4-3,2025-07-01,高联合风险日,rho,1,True,,0,0,0,0
