date,slot,timestamp,node_hour,net_kwh,load_kw,pv_kw,price,price_forecast,grid,charge_plan,discharge_plan,called,unused,charge,discharge,emergency,spill,soc,total_surplus,g0,initial_soc,planned_cost,adjustment_cost,emergency_cost,total_cost,hour_right,delta_grid_kwh
2025-07-01,0,2025-07-01 00:10:00,0,819.91061666666667,4919.4637000000002,0,0.59989999999999999,0.5038993820967218,712.46774393505098,0,0,712.46774393505098,0,0,0,107.44287273161569,0,1446.5789930275423,0,712.46774393505098,1446.5789930275423,427.40939958663705,0,322.27489675848125,749.68429634511836,0.16666666666666666,0
2025-07-01,1,2025-07-01 00:20:00,0,810.28528333333327,4861.7116999999998,0,0.58520000000000005,0.49077506913362595,728.8866506195551,0,0,728.8866506195551,0,0,0,81.39863271377817,0,1446.5789930275423,0,728.8866506195551,1446.5789930275423,426.5444679425637,0,238.17239932051493,664.7168672630786,0.33333333333333331,0
2025-07-01,2,2025-07-01 00:30:00,0,794,4764,0,0.5363,0.48081622457522299,728.59922084527818,0,0,728.59922084527818,0,0,0,65.400779154721818,0,1446.5789930275423,0,728.59922084527818,1446.5789930275423,390.74776213932267,0,175.37218930338653,566.11995144270918,0.5,0
2025-07-01,3,2025-07-01 00:40:00,0,732.45748333333324,4394.7448999999997,0,0.48909999999999998,0.48164213418611818,722.39167435341369,0,0,722.39167435341369,0,0,0,10.065808979919552,0,1446.5789930275423,0,722.39167435341369,1446.5789930275423,353.32176792625461,0,24.615935860393265,377.93770378664789,0.66666666666666663,0
2025-07-01,4,2025-07-01 00:50:00,0,709.33126666666669,4255.9876000000004,0,0.51160000000000005,0.47788658533992484,717.77958845110845,0,0,709.33126666666669,8.4483217844417595,0,0,0,0,1446.5789930275423,8.4483217844417595,717.77958845110845,1446.5789930275423,367.21603745158711,0,0,367.21603745158711,0.83333333333333337,0
2025-07-01,5,2025-07-01 01:00:00,0,730.03666666666663,4380.2200000000003,0,0.56669999999999998,0.46851258179932642,731.84379801377065,0,0,730.03666666666663,1.8071313471040185,0,0,0,0,1446.5789930275423,1.8071313471040185,731.84379801377065,1446.5789930275423,414.73588033440382,0,0,414.73588033440382,1,0
2025-07-01,6,2025-07-01 01:10:00,0,721.38560000000007,4328.3136000000004,0,0.55200000000000005,0.46719461744481228,713.72908014100358,0,0,713.72908014100358,0,0,0,7.6565198589964893,0,1446.5789930275423,0,713.72908014100358,1446.5789930275423,393.97845223783401,0,21.131994810830314,415.1104470486643,1.1666666666666667,0
2025-07-01,7,2025-07-01 01:20:00,0,731.63588333333337,4389.8153000000002,0,0.54969999999999997,0.48918842943325896,716.07183479452704,0,0,716.07183479452704,0,0,0,15.564048538806333,0,1446.5789930275423,0,716.07183479452704,1446.5789930275423,393.62468758655149,0,42.777787408909205,436.40247499546069,1.3333333333333333,0
2025-07-01,8,2025-07-01 01:30:00,0,769.13999999999999,4614.8400000000001,0,0.56610000000000005,0.50480165629059826,711.01923384505801,0,0,711.01923384505801,0,0,0,58.120766154941975,0,1446.5789930275423,0,711.01923384505801,1446.5789930275423,402.50798827968737,0,164.51082860156328,567.01881688125059,1.5,0
2025-07-01,9,2025-07-01 01:40:00,0,783.46183333333329,4700.7709999999997,0,0.52290000000000003,0.48157045478273114,686.78087327762455,0,0,686.78087327762455,0,0,0,96.680960055708738,0,1446.5789930275423,0,686.78087327762455,1446.5789930275423,359.11771863686988,0,252.77237006565051,611.89008870252042,1.6666666666666667,0
2025-07-01,10,2025-07-01 01:50:00,0,775.35488333333319,4652.1292999999996,0,0.49830000000000002,0.49357068058698805,724.97730025491921,0,0,724.97730025491921,0,0,0,50.377583078413977,0,1446.5789930275423,0,724.97730025491921,1446.5789930275423,361.25618871702625,0,125.51574823986844,486.77193695689471,1.8333333333333333,0
2025-07-01,11,2025-07-01 02:00:00,0,769.44499999999994,4616.6700000000001,0,0.53300000000000003,0.52626926124862239,757.35633422787771,0,0,757.35633422787771,0,0,0,12.088665772122226,0,1446.5789930275423,0,757.35633422787771,1446.5789930275423,403.67092614345881,0,32.216294282705732,435.88722042616456,2,0
2025-07-01,12,2025-07-01 02:10:00,0,781.2976666666666,4687.7860000000001,0,0.57699999999999996,0.49545707695024477,698.35878399198646,0,0,698.35878399198646,0,0,0,82.938882674680144,0,1446.5789930275423,0,698.35878399198646,1446.5789930275423,402.95301836337615,0,239.27867651645221,642.23169487982841,2.1666666666666665,0
2025-07-01,13,2025-07-01 02:20:00,0,753.49456666666674,4520.9674000000005,0,0.53420000000000001,0.47521421912101769,637.11693721494851,0,0,637.11693721494851,0,0,0,116.37762945171824,0,1446.5789930275423,0,637.11693721494851,1446.5789930275423,340.34786786022551,0,310.84464826553943,651.192516125765,2.3333333333333335,0
2025-07-01,14,2025-07-01 02:30:00,0,710.71000000000004,4264.2600000000002,0,0.46200000000000002,0.48192550070895301,647.10934311071048,0,0,647.10934311071048,0,0,0,63.600656889289553,0,1446.5789930275423,0,647.10934311071048,1446.5789930275423,298.96451651714824,0,146.91751741425887,445.88203393140714,2.5,0
2025-07-01,15,2025-07-01 02:40:00,0,733.70899999999995,4402.2539999999999,0,0.50770000000000004,0.45857294703023282,1467.7669865439893,833.33333333333326,0,1467.7669865439893,0,833.33333333333326,0,99.275346789343985,0,2196.5789930275423,0,1467.7669865439893,1446.5789930275423,745.18529906838342,0,252.0104678247497,997.19576689313317,2.6666666666666665,0
2025-07-01,16,2025-07-01 02:50:00,0,731.80319999999995,4390.8191999999999,0,0.53039999999999998,0.45973195819695772,1475.7641924144345,833.33333333333326,0,1475.7641924144345,0,833.33333333333326,0,89.372340918898772,0,2946.5789930275423,0,1475.7641924144345,1446.5789930275423,782.74532765661604,0,237.01544811691954,1019.7607757735356,2.8333333333333335,0
2025-07-01,17,2025-07-01 03:00:00,0,706.62666666666667,4239.7600000000002,0,0.49080000000000001,0.4812670448744551,693.40401999255846,0,0,693.40401999255846,0,0,0,13.222646674108205,0,2946.5789930275423,0,693.40401999255846,1446.5789930275423,340.32269301234771,0,32.448374938261537,372.77106795060922,3,0
2025-07-01,18,2025-07-01 03:10:00,0,749.52868333333322,4497.174,0.0019,0.49049999999999999,0.46327084010336661,1041.13806363802,392.69000774717608,0,1041.13806363802,0,392.69000774717608,0,101.08062744248946,0,3300.0000000000009,0,1041.13806363802,1446.5789930275423,510.6782202144488,0,247.90023880270542,758.57845901715427,3.1666666666666665,0
2025-07-01,19,2025-07-01 03:20:00,0,770.01778333333334,4620.1067000000003,0,0.49640000000000001,0.46046682955992346,640.586231203495,0,0,640.586231203495,0,0,0,129.43155212983834,0,3300.0000000000009,0,640.586231203495,1446.5789930275423,317.98700516941494,0,321.24911238625879,639.23611755567367,3.3333333333333335,0
2025-07-01,20,2025-07-01 03:30:00,0,731.98166666666668,4391.8900000000003,0,0.48609999999999998,0.47836954097334766,640.41338549084969,0,0,640.41338549084969,0,0,0,91.568281175816992,0,3300.0000000000009,0,640.41338549084969,1446.5789930275423,311.30494668710202,0,222.55670739782317,533.86165408492525,3.5,0
2025-07-01,21,2025-07-01 03:40:00,0,696.51359999999988,4179.1081999999997,0.026599999999999999,0.47799999999999998,0.46560198855763579,622.86249006324533,0,0,622.86249006324533,0,0,0,73.651109936754551,0,3300.0000000000009,0,622.86249006324533,1446.5789930275423,297.72827025023128,0,176.02615274884334,473.75442299907462,3.6666666666666665,0
2025-07-01,22,2025-07-01 03:50:00,0,705.75925000000007,4234.5555000000004,0,0.46729999999999999,0.45636073432876995,1464.4763614217027,833.33333333333326,0,1464.4763614217027,0,833.33333333333326,0,74.616221911630646,0,4050.0000000000009,0,1464.4763614217027,1446.5789930275423,684.34980369236166,0,174.34080249652501,858.6906061888867,3.8333333333333335,0
2025-07-01,23,2025-07-01 04:00:00,0,740.41333333333318,4442.4799999999996,0,0.47239999999999999,0.45657254629618466,641.9569844810535,0,0,641.9569844810535,0,0,0,98.456348852279689,0,4050.0000000000009,0,641.9569844810535,1446.5789930275423,303.26047946884967,0,232.55389598908462,535.81437545793426,4,0
2025-07-01,24,2025-07-01 04:10:00,0,742.22289999999998,4453.7082,0.37080000000000002,0.51580000000000004,0.43448027174200776,1450.7355219285259,833.33333333333326,0,1450.7355219285259,0,833.33333333333326,0,124.8207114048073,0,4800.0000000000009,0,1450.7355219285259,1446.5789930275423,748.28938221073372,0,321.91261471299805,1070.2019969237317,4.166666666666667,0
2025-07-01,25,2025-07-01 04:20:00,0,720.14729999999986,4320.8837999999996,0,0.5242,0.42308528209141483,1458.3137400275107,833.33333333333326,0,1458.3137400275107,0,833.33333333333326,0,95.166893305822441,0,5550.0000000000009,0,1458.3137400275107,1446.5789930275423,764.44806252242108,0,249.43242735456062,1013.8804898769818,4.333333333333333,0
2025-07-01,26,2025-07-01 04:30:00,0,707.08833333333325,4242.5299999999997,0,0.49049999999999999,0.43993673649789966,1485.3432772355045,833.33333333333326,0,1485.3432772355045,0,833.33333333333326,0,55.078389431162122,0,6300.0000000000009,0,1485.3432772355045,1446.5789930275423,728.5608774840149,0,135.07975007992511,863.64062756394003,4.5,0
2025-07-01,27,2025-07-01 04:40:00,0,726.05986666666661,4361.5232999999998,5.1641000000000004,0.48630000000000001,0.46219151005948123,1487.9675616162094,833.33333333333326,0,1487.9675616162094,0,833.33333333333326,0,71.425638383790556,0,7050.0000000000009,0,1487.9675616162094,1446.5789930275423,723.59862521396269,0,173.67143973018676,897.27006494414945,4.666666666666667,0
2025-07-01,28,2025-07-01 04:50:00,0,739.97966666666662,4439.8779999999997,0,0.53539999999999999,0.46119291917471966,1482.522571862426,833.33333333333326,0,1482.522571862426,0,833.33333333333326,0,90.790428137573826,0,7800.0000000000009,0,1482.522571862426,1446.5789930275423,793.7425849751429,0,243.04597612428515,1036.7885610994281,4.833333333333333,0
2025-07-01,29,2025-07-01 05:00:00,0,723.9041666666667,4343.5,0.074999999999999997,0.57220000000000004,0.44937112480094527,1467.0977345971739,833.33333333333326,0,1467.0977345971739,0,833.33333333333326,0,90.139765402826015,0,8550,0,1467.0977345971739,1446.5789930275423,839.47332373650295,0,257.88986881748525,1097.3631925539883,5,0
2025-07-01,30,2025-07-01 05:10:00,0,669.9292999999999,4162.5941999999995,143.01840000000001,0.50749999999999995,0.46244139010748464,612.09438639338077,0,0,612.09438639338077,0,0,0,57.834913606619125,0,8550,0,612.09438639338077,1446.5789930275423,310.63790109464071,0,146.75609327679601,457.39399437143675,5.166666666666667,0
2025-07-01,31,2025-07-01 05:20:00,0,623.90893333333338,4077.4412000000002,333.98759999999999,0.45419999999999999,0.45623328638598398,1423.2270587372832,833.33333333333326,0,1423.2270587372832,0,833.33333333333326,0,34.01520792938345,0,9300,0,1423.2270587372832,1446.5789930275423,646.42973007847399,0,77.248537207629809,723.67826728610385,5.333333333333333,0
2025-07-01,32,2025-07-01 05:30:00,0,592.59958333333327,4087.1599999999999,531.5625,0.4289,0.40301559528549796,1385.184976819294,833.33333333333326,0,1385.184976819294,0,833.33333333333326,0,40.747939847372663,0,10050,0,1385.184976819294,1446.5789930275423,594.10583655779521,0,87.383957002690664,681.48979356048585,5.5,0
2025-07-01,33,2025-07-01 05:40:00,0,557.81886666666651,4109.9943999999996,763.08119999999997,0.38679999999999998,0.37168727045843253,1323.946317208422,833.33333333333326,0,1323.946317208422,0,833.33333333333326,0,67.205882791577778,0,10800,0,1323.946317208422,1446.5789930275423,512.10243549621759,0,129.97617731891143,642.07861281512896,5.666666666666667,0
2025-07-01,34,2025-07-01 05:50:00,0,588.46383333333335,4518.3027000000002,987.51969999999994,0.60570000000000002,0.58338529650950766,518.53411395828925,0,0,518.53411395828925,0,0,0,69.929719375044101,0,10800,0,518.53411395828925,1446.5789930275423,314.07611282453581,0,211.78215512732106,525.85826795185687,5.833333333333333,0
2025-07-01,35,2025-07-01 06:00:00,0,659.48500000000001,5155.5600000000004,1198.6500000000001,0.94520000000000004,0.89982616971759088,0,0,606.7352634318039,0,0,0,606.7352634318039,52.749736568196113,0,10125.849707297995,0,0,1446.5789930275423,0,0,249.29525502129482,249.29525502129482,6,0
2025-07-01,36,2025-07-01 06:10:00,6,657.09246666666661,5368.8509999999997,1426.2962,0.94310000000000005,0.940675591855196,0,0,623.41504054451889,0,0,0,623.41504054451889,33.677426122147722,0,9433.1663289151966,0,0,1446.5789930275423,0,0,158.80590287898761,158.80590287898761,6.166666666666667,0
2025-07-01,37,2025-07-01 06:20:00,6,579.55898333333323,5112.6319999999996,1635.2781,0.84309999999999996,0.86996636921368975,0,0,545.26060350939599,0,0,0,545.26060350939599,34.298379823937239,0,8827.3212139047573,0,0,1446.5789930275423,0,0,144.58482014780742,144.58482014780742,6.333333333333333,0
2025-07-01,38,2025-07-01 06:30:00,6,501.07250000000005,4828.5600000000004,1822.125,0.83409999999999995,0.84476820474619496,500.40335589817374,0,12.639744078240312,488.43275592175974,11.970599976414007,0,12.639744078240312,0,0,8813.2770538178229,11.970599976414007,500.40335589817374,1446.5789930275423,417.38643915466668,0,0,417.38643915466668,6.5,0
2025-07-01,39,2025-07-01 06:40:00,6,503.91493333333329,5047.3401999999996,2023.8506,0.86429999999999996,0.84707534834746778,491.27628809603584,3.6563518658315957,0,491.27628809603584,0,3.6563518658315957,0,16.294997103129049,0,8816.5677704970713,0,491.27628809603584,1446.5789930275423,424.61009580140376,0,70.418829981172181,495.02892578257593,6.666666666666667,0
2025-07-01,40,2025-07-01 06:50:00,6,517.70906666666656,5351.6776,2245.4232000000002,0.86409999999999998,0.8473663261675578,438.802218386802,0,6.2941708634312477,438.802218386802,0,0,6.2941708634312477,72.612677416433314,0,8809.5742473154805,0,438.802218386802,1446.5789930275423,379.16899690803558,0,313.72307277770011,692.89206968573569,6.833333333333333,0
2025-07-01,41,2025-07-01 07:00:00,6,466.4616666666667,5286.2200000000003,2487.4499999999998,0.81989999999999996,0.82937514623368336,407.47589659944032,0,7.564249314098034,407.47589659944032,0,0,7.564249314098034,51.421520753128334,0,8801.1695258553718,0,407.47589659944026,1446.5789930275423,334.08948762188106,6.9908878685964731e-14,210.80252432744959,544.89201194933071,7,5.6843418860808015e-14
2025-07-01,42,2025-07-01 07:10:00,6,350.89683333333335,4858.4993000000004,2753.1183000000001,0.77890000000000004,0.79714234842976772,361.44633820100722,0.62320856579526551,0,351.52004189912861,9.9262963018786081,0.62320856579526551,0,0,0,8801.7304135645882,9.9262963018786081,361.44633820100722,1446.5789930275423,281.53055282476453,0,0,281.53055282476453,7.166666666666667,0
2025-07-01,43,2025-07-01 07:20:00,6,335.01209999999992,5047.9723999999997,3037.8998000000001,0.79990000000000006,0.77448895949487417,355.69979185142643,28.804508187293301,0,355.69979185142643,0,28.804508187293301,0,8.1168163358668153,0,8827.654470933152,0,355.69979185142643,1446.5789930275423,284.524263501956,0,32.463206935299333,316.98747043725535,7.333333333333333,0
2025-07-01,44,2025-07-01 07:30:00,6,365.00499999999994,5495.7299999999996,3305.6999999999998,0.81420000000000003,0.73622355479715262,309.91314835112865,19.272596979040774,0,309.91314835112865,0,19.272596979040774,0,74.364448627912054,0,8844.9998082142884,0,309.91314835112865,1446.5789930275423,252.33128538748898,0,302.73767036422993,555.06895575171893,7.5,0
2025-07-01,45,2025-07-01 07:40:00,6,254.63821666666664,5049.3431,3521.5138000000002,0.73460000000000003,0.69062911828874729,984.81106832197702,758.49527915888984,0,984.81106832197702,0,758.49527915888984,0,28.322427503579434,0,9527.645559457289,0,984.81106832197702,1446.5789930275423,723.44221078932435,0,104.02827622064726,827.47048700997163,7.666666666666667,0
2025-07-01,46,2025-07-01 07:50:00,6,301.49763333333323,5578.8392999999996,3769.8535000000002,0.8972,0.90276453997725703,0,0,285.75126402895529,0,0,0,285.75126402895529,15.746369304377936,0,9210.1441549806732,0,0,1446.5789930275423,0,0,70.638212699439421,70.638212699439421,7.833333333333333,0
2025-07-01,47,2025-07-01 08:00:00,6,484.29541666666665,6998.2600000000002,4092.4875000000002,1.2032,1.2232853643629218,0,0,462.76968820408467,0,0,0,462.76968820408467,21.525728462581981,0,8695.9556125316885,0,0,1446.5789930275423,0,0,129.49878243089319,129.49878243089319,8,0
2025-07-01,48,2025-07-01 08:10:00,6,464.80949999999996,7204.9494000000004,4416.0924000000005,1.1991000000000001,1.2172801103740243,0,0,469.61730622251088,0,0,0,469.61730622251088,0,4.8078062225109193,8174.1586056177885,4.8078062225109193,0,1446.5789930275423,0,0,0,0,8.1666666666666661,0
2025-07-01,49,2025-07-01 08:20:00,6,399.75681666666679,6911.3325000000004,4512.7915999999996,1.1647000000000001,1.148285648979672,0,0,411.94329959159182,0,0,0,411.94329959159182,0,12.186482924925031,7716.4438282937972,12.186482924925031,0,1446.5789930275423,0,0,0,0,8.3333333333333339,0
2025-07-01,50,2025-07-01 08:30:00,6,392.58708333333334,6791.3599999999997,4435.8374999999996,1.2165999999999999,1.1584773743829311,0,0,371.68704854220044,0,0,0,371.68704854220044,20.900034791132896,0,7303.4582188024633,0,0,1446.5789930275423,0,0,127.13491163446139,127.13491163446139,8.5,0
2025-07-01,51,2025-07-01 08:40:00,6,382.00548333333336,6765.3950999999997,4473.3621999999996,1.1825000000000001,1.1186195886412738,0,0,388.10439032136628,0,0,0,388.10439032136628,0,6.0989069880329225,6872.2311184453902,6.0989069880329225,0,1446.5789930275423,0,0,0,0,8.6666666666666661,0
2025-07-01,52,2025-07-01 08:50:00,6,373.54538333333323,6827.1614,4585.8891000000003,1.1399999999999999,1.0915170555292781,0,0,372.61552667340612,0,0,0,372.61552667340612,0.9298566599271112,0,6458.2138665860502,0,0,1446.5789930275423,0,0,5.3001829615845333,5.3001829615845333,8.8333333333333339,0
2025-07-01,53,2025-07-01 09:00:00,6,353.69666666666672,6969.4300000000003,4847.25,1.1364000000000001,1.1027869049611605,0,0,335.39994080345878,0,0,0,335.39994080345878,18.296725863207939,0,6085.547265693318,0,0,1446.5789930275423,0,0,103.96199635474751,103.96199635474751,9,0
2025-07-01,54,2025-07-01 09:10:00,6,284.22168333333332,7115.6297000000004,5410.2996000000003,1.1261000000000001,1.0986043533925165,0,0,292.97980188991562,0,0,0,292.97980188991562,0,8.7581185565823034,5760.0141524823011,8.7581185565823034,0,1446.5789930275423,0,0,0,0,9.1666666666666661,0
2025-07-01,55,2025-07-01 09:20:00,6,180.24846666666673,7039.0725000000002,5957.5816999999997,1.0798000000000001,1.0781459757333847,0,0,251.91296872859459,0,0,0,251.91296872859459,0,71.664502061927863,5480.1108538949738,71.664502061927863,0,1446.5789930275423,0,0,0,0,9.3333333333333339,0
2025-07-01,56,2025-07-01 09:30:00,6,99.750833333333347,6842.9300000000003,6244.4250000000002,1.0031000000000001,1.0535834794479138,0,0,205.65429658710056,0,0,0,205.65429658710056,0,105.90346325376721,5251.6060799093066,105.90346325376721,0,1446.5789930275423,0,0,0,0,9.5,0
2025-07-01,57,2025-07-01 09:40:00,6,104.08711666666673,6877.9528,6253.4300999999996,0.96209999999999996,1.0365837224136469,0,0,194.64523762647013,0,0,0,194.64523762647013,0,90.558120959803404,5035.3335936576732,90.558120959803404,0,1446.5789930275423,0,0,0,0,9.6666666666666661,0
2025-07-01,58,2025-07-01 09:50:00,6,151.28563333333341,7019.6346000000003,6111.9207999999999,1.1284000000000001,1.0430306680941337,0,0,155.87224808213159,0,0,0,155.87224808213159,0,4.5866147487981834,4862.142206899749,4.5866147487981834,0,1446.5789930275423,0,0,0,0,9.8333333333333339,0
2025-07-01,59,2025-07-01 10:00:00,6,161.63833333333332,7083.5299999999997,6113.6999999999998,1.3495999999999999,1.0577231632999751,0,0,120.37795254256174,0,0,0,120.37795254256174,41.260380790771578,0,4728.3889262969024,0,0,1446.5789930275423,0,0,278.42504957612658,278.42504957612658,10,0
2025-07-01,60,2025-07-01 10:10:00,6,79.618350000000035,7005.7096000000001,6527.9994999999999,1.2701,1.0486300014642587,0,0,102.19505746230637,0,0,0,102.19505746230637,0,22.576707462306331,4614.8388624498957,22.576707462306331,0,1446.5789930275423,0,0,0,0,10.166666666666666,0
2025-07-01,61,2025-07-01 10:20:00,6,-9.7298166666667676,6946.0523999999996,7004.4313000000002,1.1162000000000001,1.0474101068487363,0,0,62.688712058353907,0,0,0,62.688712058353907,0,72.418528725020678,4545.1847379406136,72.418528725020678,0,1446.5789930275423,0,0,0,0,10.333333333333334,0
2025-07-01,62,2025-07-01 10:30:00,6,-42.750833333333347,6969.0699999999997,7225.5749999999998,1.1106,1.0756380809832362,0,0,19.838008640881974,0,0,0,19.838008640881974,0,62.58884197421532,4523.1425061174114,62.58884197421532,0,1446.5789930275423,0,0,0,0,10.5,0
2025-07-01,63,2025-07-01 10:40:00,6,-25.459066666666786,7032.2641999999996,7185.0186000000003,1.2210000000000001,1.084062060636378,0,3.269872287614362,0,0,0,3.269872287614362,0,0,22.189194379052424,4526.0853911762642,22.189194379052424,0,1446.5789930275423,0,0,0,0,10.666666666666666,0
2025-07-01,64,2025-07-01 10:50:00,6,-13.890150000000023,7249.6653999999999,7333.0063,1.0329999999999999,0.90950138648923018,0,55.795178148703684,0,0,0,55.795178148703684,0,41.905028148703664,0,4576.3010515100977,0,0,1446.5789930275423,0,0,216.43947038805439,216.43947038805439,10.833333333333334,0
2025-07-01,65,2025-07-01 11:00:00,6,-29.998333333333449,7367.8599999999997,7547.8500000000004,0.64329999999999998,0.66102402079054035,0,105.39916460789937,0,0,0,105.39916460789937,0,75.400831274565917,0,4671.1602996572074,0,0,1446.5789930275423,0,0,242.52677379464126,242.52677379464126,11,0
2025-07-01,66,2025-07-01 11:10:00,6,-50.247999999999891,6993.1732000000002,7294.6611999999996,0.57169999999999999,0.62026191127399533,727.65153812073174,833.33333333333326,0,727.65153812073174,0,833.33333333333326,0,55.433795212601581,0,5421.1602996572074,0,810.43359695971265,1446.5789930275423,463.32488738186771,-23.663251519122689,158.45750361522161,598.11913947796666,11.166666666666666,-82.782058838980902
2025-07-01,67,2025-07-01 11:20:00,6,-53.65209999999994,6773.0815000000002,7094.9940999999999,0.61739999999999995,0.6414946085234724,698.78075125329974,833.33333333333326,0,698.78075125329974,0,833.33333333333326,0,80.900482080033612,0,6171.1602996572074,0,771.49277587114079,1446.5789930275423,476.3196398228423,-22.446201999527531,249.73978818106374,703.61322600437848,11.333333333333334,-72.712024617841053
2025-07-01,68,2025-07-01 11:30:00,6,-35.197916666666664,6920.75,7131.9375,0.62139999999999995,0.63647674957020473,685.89204742604602,833.33333333333326,0,685.89204742604602,0,833.33333333333326,0,112.24336924062061,0,6921.1602996572074,0,704.94282426030327,1446.5789930275423,438.05147099535242,-5.919076362403727,348.74014823060821,780.87254286355687,11.5,-19.050776834257249
2025-07-01,69,2025-07-01 11:40:00,6,-10.708566666666684,7023.8638000000001,7088.1152000000002,0.63859999999999995,0.66279662200814893,0,148.58605453140672,0,0,0,148.58605453140672,0,137.87748786474003,0,7054.887748735473,0,0,1446.5789930275423,0,0,440.24281875211489,440.24281875211489,11.666666666666666,0
2025-07-01,70,2025-07-01 11:50:00,6,-18.446549999999963,6968.3245999999999,7079.0038999999997,0.66549999999999998,0.66123500071274011,0,84.249559035104156,0,0,0,84.249559035104156,0,65.803009035104196,0,7130.7123518670669,0,0,1446.5789930275423,0,0,218.95951256430919,218.95951256430919,11.833333333333334,0
2025-07-01,71,2025-07-01 12:00:00,6,-66.28125,6808.6499999999996,7206.3374999999996,0.65269999999999995,0.62533977428960186,533.80830148925475,638.18180704201609,0,533.80830148925475,0,638.18180704201609,0,38.092255552761344,0,7705.0759782048817,0,533.80830148925475,1446.5789930275423,348.41667838203654,0,124.31407599643663,472.73075437847319,12,0
2025-07-01,72,2025-07-01 12:10:00,12,-126.92893333333343,6678.4876999999997,7440.0613000000003,0.56840000000000002,0.62241393012817647,536.94314146660145,728.99773477358269,0,536.94314146660145,0,728.99773477358269,0,65.125659973647771,0,8361.1739395011064,0,536.94314146660145,1446.5789930275423,305.19848160961629,0,185.08712564510697,490.28560725472323,12.166666666666666,0
2025-07-01,73,2025-07-01 12:20:00,12,-176.36700000000002,6675.3939,7733.5959000000003,0.55169999999999997,0.63841117088967536,509.17234399133463,695.3320685152338,0,509.17234399133463,0,695.3320685152338,0,9.7927245238990963,0,8986.9728011648167,0,509.17234399133463,1446.5789930275423,280.91038218001933,0,27.013230599175653,307.92361277919497,12.333333333333334,0
2025-07-01,74,2025-07-01 12:30:00,12,-203.46916666666658,6725.5100000000002,7946.3249999999998,0.56889999999999996,0.63483227364801476,290.22618210109653,486.31408036855646,0,282.84491370188988,7.3812683992066468,486.31408036855646,0,0,0,9424.6554734965175,7.3812683992066468,489.53702221862267,1446.5789930275423,278.49761194017441,-56.69396847143031,0,221.8036434687441,12.5,-199.31084011752614
2025-07-01,75,2025-07-01 12:40:00,12,-206.20613333333341,6687.7804999999998,7925.0173000000004,0.4894,0.62639497776629838,513.01901472105919,710.4771277777777,0,504.27099444444428,8.7480202766149091,710.4771277777777,0,0,0,10064.084888496518,8.7480202766149091,513.01901472105919,1446.5789930275423,251.07150580448638,0,0,251.07150580448638,12.666666666666666,0
2025-07-01,76,2025-07-01 12:50:00,12,-173.07461666666677,6786.1167999999998,7824.5645000000004,0.63660000000000005,0.76637668015015592,0,186.53388881578559,0,0,0,186.53388881578559,0,13.459272149118817,0,10231.965388430724,0,0,1446.5789930275423,0,0,42.840863250645199,42.840863250645199,12.833333333333334,0
2025-07-01,77,2025-07-01 13:00:00,12,-110.26916666666662,7064.0600000000004,7725.6750000000002,0.94799999999999995,0.98194726971325996,0,192.06535123024128,0,0,0,192.06535123024128,0,81.796184563574656,0,10404.824204537941,0,0,1446.5789930275423,0,0,387.71391483134386,387.71391483134386,13,0
2025-07-01,78,2025-07-01 13:10:00,12,-45.92196666666662,7302.2142000000003,7577.7460000000001,1.0028999999999999,1.0354223303391967,0,188.04154220320271,0,0,0,188.04154220320271,0,142.1195755365361,0,10574.061592520824,0,0,1446.5789930275423,0,0,712.65861152796026,712.65861152796026,13.166666666666666,0
2025-07-01,79,2025-07-01 13:20:00,12,-13.566933333333205,7332.9233000000004,7414.3248999999996,0.94899999999999995,1.0317317635639682,0,129.89846713411438,0,0,0,129.89846713411438,0,116.33153380078117,0,10690.970212941527,0,0,1446.5789930275423,0,0,551.99312788470672,551.99312788470672,13.333333333333334,0
2025-07-01,80,2025-07-01 13:30:00,12,-12.158750000000055,7230.6599999999999,7303.6125000000002,0.93149999999999999,1.0589180646995262,0,78.316729700538104,0,0,0,78.316729700538104,0,66.15797970053805,0,10761.455269672011,0,0,1446.5789930275423,0,0,308.13079045525598,308.13079045525598,13.5,0
2025-07-01,81,2025-07-01 13:40:00,12,-3.5103166666666157,7234.0553,7255.1171999999997,0.95889999999999997,1.0796117126275093,0,22.027555827983917,0,0,0,22.027555827983917,0,18.517239161317303,0,10781.280069917197,0,0,1446.5789930275423,0,0,88.780903158935814,88.780903158935814,13.666666666666666,0
2025-07-01,82,2025-07-01 13:50:00,12,52.31908333333331,7329.8688000000002,7015.9543000000003,1.0873999999999999,1.0511621793816579,0,20.799922314228297,0,0,0,20.799922314228297,0,73.119005647561607,0,10800.000000000002,0,0,1446.5789930275423,0,0,397.54803370579242,397.54803370579242,13.833333333333334,0
2025-07-01,83,2025-07-01 14:00:00,12,104.70625000000003,7354.1999999999998,6725.9624999999996,1.2267999999999999,1.0125986125940654,0,0,0,0,0,0,0,104.70625000000003,0,10800.000000000002,0,0,1446.5789930275423,0,0,642.26813750000008,642.26813750000008,14,0
2025-07-01,84,2025-07-01 14:10:00,12,69.061683333333349,7189.1633000000002,6774.7932000000001,1.2101999999999999,1.0389714542082518,0,0,10.352966150214037,0,0,0,10.352966150214037,58.708717183119312,0,10788.496704277542,0,0,1446.5789930275423,0,0,355.24644767505498,355.24644767505498,14.166666666666666,0
2025-07-01,85,2025-07-01 14:20:00,12,79.664716666666664,7215.9495999999999,6737.9612999999999,1.1941999999999999,1.0513305750856055,0,0,27.794870578319355,0,0,0,27.794870578319355,51.869846088347309,0,10757.613514746077,0,0,1446.5789930275423,0,0,309.71485099352179,309.71485099352179,14.333333333333334,0
2025-07-01,86,2025-07-01 14:30:00,12,151.19916666666677,7354.2700000000004,6447.0749999999998,1.2808999999999999,1.061466903183264,0,0,97.934707014781907,0,0,0,97.934707014781907,53.264459651884863,0,10648.797173618541,0,0,1446.5789930275423,0,0,341.13223184049656,341.13223184049656,14.5,0
2025-07-01,87,2025-07-01 14:40:00,12,173.73958333333331,7188.7677000000003,6146.3302000000003,1.3742000000000001,1.1251485648576636,0,0,151.28754985021516,0,0,0,151.28754985021516,22.452033483118157,0,10480.699896007191,0,0,1446.5789930275423,0,0,154.26792206250488,154.26792206250488,14.666666666666666,0
2025-07-01,88,2025-07-01 14:50:00,12,234.98123333333325,7279.3056999999999,5869.4183000000003,1.1556999999999999,1.0043317970694474,0,0,143.03799152467695,0,0,0,143.03799152467695,91.943241808656296,0,10321.768794313106,0,0,1446.5789930275423,0,0,531.29402279132034,531.29402279132034,14.833333333333334,0
2025-07-01,89,2025-07-01 15:00:00,12,356.21124999999995,7679.5799999999999,5542.3125,0.79469999999999996,0.77074516854731001,155.64652241201671,0,0,155.64652241201671,0,0,0,200.56472758798324,0,10321.768794313106,0,96.082472418588623,1446.5789930275423,76.356740831052377,71.00332579466594,796.94394507085133,944.30401169656966,15,59.564049993428085
2025-07-01,90,2025-07-01 15:10:00,12,451.51054999999997,7809.7511999999997,5100.6878999999999,0.7994,0.74984897251580984,752.17073889909113,531.36800631877236,0,752.17073889909113,0,531.36800631877236,0,230.70781741968119,0,10800,0,752.17073889909113,1446.5789930275423,601.28528867593343,0,922.13914622646564,1523.4244349023991,15.166666666666666,0
2025-07-01,91,2025-07-01 15:20:00,12,479.16730000000007,7590.8895000000002,4715.8856999999998,0.88109999999999999,0.80783234546642191,235.94525138346157,0,0,235.94525138346157,0,0,0,243.2220486165385,0,10800,0,179.96597388128748,1446.5789930275423,158.56801958680239,73.985012110748386,1071.5147351801604,1304.0677668777112,15.333333333333334,55.979277502174085
2025-07-01,92,2025-07-01 15:30:00,12,456.97874999999988,7290.3599999999997,4548.4875000000002,0.86140000000000005,0.8336251111926567,301.19204053700071,0,0,301.19204053700071,0,0,0,155.78670946299917,0,10800,0,239.62209015205008,1446.5789930275423,206.41046845697596,79.554532892394718,670.97335765713751,956.93835900650822,15.5,61.56995038495063
2025-07-01,93,2025-07-01 15:40:00,12,436.96893333333321,7243.4215999999997,4621.6080000000002,0.84609999999999996,0.85969430590436546,402.15896393145897,0,0,402.15896393145897,0,0,0,34.809969401874241,0,10800,0,328.91934231151208,1446.5789930275423,278.29865552977037,92.952065778955586,147.26357555462897,518.51429686335496,15.666666666666666,73.239621619946888
2025-07-01,94,2025-07-01 15:50:00,12,421.67665,7224.1644999999999,4694.1045999999997,0.82179999999999997,0.88697870969570902,413.1688644617746,0,0.16256524219670609,413.1688644617746,0,0,0.16256524219670609,8.3452202960286854,0,10799.819371953115,0,382.86385283781294,1446.5789930275423,314.63751426211468,37.356987828857541,34.290510196381867,386.28501228735411,15.833333333333334,30.305011623961661
2025-07-01,95,2025-07-01 16:00:00,12,452.19166666666661,7279.8999999999996,4566.75,0.82110000000000005,0.91123131856215356,442.5284242712608,0,0,442.5284242712608,0,0,0,9.6632423954058027,0,10799.819371953115,0,442.5284242712608,1446.5789930275423,363.36008916913227,0,39.672441654338527,403.03253082347078,16,0
2025-07-01,96,2025-07-01 16:10:00,12,570.28031666666675,7629.7910000000002,4208.1090999999997,0.90759999999999996,0.93455633406230487,469.98803695127594,0,0,469.98803695127594,0,0,0,100.2922797153908,0,10799.819371953115,0,469.98803695127594,1446.5789930275423,426.56114233697804,0,455.12636534844347,881.68750768542145,16.166666666666668,0
2025-07-01,97,2025-07-01 16:20:00,12,623.86969999999997,7566.3676999999998,3823.1495,0.96099999999999997,0.95415079209723141,528.93715333889122,0,0,528.93715333889122,0,0,0,94.932546661108745,0,10799.819371953115,0,528.93715333889122,1446.5789930275423,508.30860435867447,0,456.15088670662749,964.45949106530202,16.333333333333332,0
2025-07-01,98,2025-07-01 16:30:00,12,621.52916666666658,7268.9499999999998,3539.7750000000001,0.96350000000000002,0.95943016747615617,566.623801809935,0,14.701343711450868,566.623801809935,0,0,14.701343711450868,40.204021145280763,0,10783.484545607058,0,566.62380180993489,1446.5789930275423,545.94203304387224,1.6430590221716558e-13,193.68287186739008,739.62490491126243,16.5,1.1368683772161603e-13
2025-07-01,99,2025-07-01 16:40:00,12,711.05546666666669,7598.8507,3332.5178999999998,1.0113000000000001,0.94768711146116014,615.13203384551559,0,0,615.13203384551559,0,0,0,95.923432821151096,0,10783.484545607058,0,615.13203384551559,1446.5789930275423,622.08302582797,0,485.03683806015056,1107.1198638881206,16.666666666666668,0
2025-07-01,100,2025-07-01 16:50:00,12,766.43256666666662,7704.2186000000002,3105.6232,1.0578000000000001,0.95351856199647089,674.66374288152736,0,0,674.66374288152736,0,0,0,91.768823785139261,0,10783.484545607058,0,674.66374288152736,1446.5789930275423,713.65930722007965,0,485.36530899960161,1199.0246162196813,16.833333333333332,0
2025-07-01,101,2025-07-01 17:00:00,12,771.6854166666667,7451.3500000000004,2821.2375000000002,1.0510999999999999,0.98318207517014378,726.45095339629449,18.350504881046387,0,726.45095339629449,0,18.350504881046387,0,63.584968151418593,0,10800,0,726.45095339629449,1446.5789930275423,763.57259711484505,0,334.17080011978038,1097.7433972346255,17,0
2025-07-01,102,2025-07-01 17:10:00,12,840.90278333333322,7570.8103000000001,2525.3935999999999,1.0095000000000001,1.0149408212134574,778.88191138426453,0,0,778.88191138426453,0,0,0,62.020871949068692,0,10800,0,778.88191138426453,1446.5789930275423,786.28128954241504,0,313.05035116292424,1099.3316407053394,17.166666666666668,0
2025-07-01,103,2025-07-01 17:20:00,12,891.30678333333344,7645.6153000000004,2297.7746000000002,1.0905,1.0544568718714704,811.22099092121641,0,14.598850106465999,811.22099092121641,0,0,14.598850106465999,65.486942305651041,0,10783.779055437259,0,811.22099092121641,1446.5789930275423,884.63649059958652,0,357.06755292156237,1241.7040435211488,17.333333333333332,0
2025-07-01,104,2025-07-01 17:30:00,12,927.03458333333333,7652.8699999999999,2090.6624999999999,1.2098,1.0721238279620793,884.36051285448991,0,9.5116066109578288,884.36051285448991,0,0,9.5116066109578288,33.162463867885549,0,10773.210603647307,0,884.3605128544898,1446.5789930275423,1069.8993484513617,2.0630750441341661e-13,200.59974393683967,1270.4990923882015,17.5,1.1368683772161603e-13
2025-07-01,105,2025-07-01 17:40:00,12,1016.1374999999999,7882.3436000000002,1785.5186000000001,1.1402000000000001,1.0484964491373465,955.5813260487547,2.3220092805421246,0,955.5813260487547,0,2.3220092805421246,0,62.878183231787375,0,10775.300411999795,0,955.5813260487547,1446.5789930275423,1089.5538279607902,0,358.46852260441983,1448.02235056521,17.666666666666668,0
2025-07-01,106,2025-07-01 17:50:00,12,944.16186666666658,7178.3298999999997,1513.3587,1.1685000000000001,1.1285080321314394,867.15214946729691,0,0,867.15214946729691,0,0,0,77.009717199369675,0,10775.300411999795,0,867.15214946729691,1446.5789930275423,1013.2672866525365,0,449.92927273731732,1463.196559389854,17.833333333333332,0
2025-07-01,107,2025-07-01 18:00:00,12,750.11333333333323,5806.7299999999996,1306.05,1.3154999999999999,1.27355594531116,711.16438986235482,0,2.3892590544633112,711.16438986235482,0,0,2.3892590544633112,36.559684416515097,0,10772.645679717058,0,711.16438986235482,1446.5789930275423,935.53675486392774,0,240.47132424962803,1176.0080791135558,18,0
2025-07-01,108,2025-07-01 18:10:00,18,715.28829999999994,5354.0622000000003,1062.3324,1.3111999999999999,1.2953587848782939,720.34065291770605,0,4.557350460177533,710.7309495398224,9.6097033778836476,0,4.557350460177533,0,0,10767.581956983528,9.6097033778836476,720.34065291770605,1446.5789930275423,944.51066410569615,0,0,944.51066410569615,18.166666666666668,0
2025-07-01,109,2025-07-01 18:20:00,18,789.65769999999998,5537.9209000000001,799.97469999999998,1.3017000000000001,1.2877328246902835,785.1810382287814,0,2.584307765684331,785.1810382287814,0,0,2.584307765684331,1.8923540055342301,0,10764.710503910545,0,785.1810382287814,1446.5789930275423,1022.0701574624048,0,12.316386045019538,1034.3865435074244,18.333333333333332,0
2025-07-01,110,2025-07-01 18:30:00,18,880.5787499999999,5839.4099999999999,555.9375,1.3609,1.3100073258697045,789.68191496577799,0,12.698744398719905,789.68191496577799,0,0,12.698744398719905,78.198090635502012,0,10750.600787911966,0,789.68191496577799,1446.5789930275423,1074.6781180769274,0,532.09890772927349,1606.777025806201,18.5,0
2025-07-01,111,2025-07-01 18:40:00,18,942.70191666666653,6001.0415999999996,344.83010000000002,1.4145000000000001,1.3234795553351069,830.40929235913211,0,0,830.40929235913211,0,0,0,112.29262430753442,0,10750.600787911966,0,875.76067712927966,1446.5789930275423,1238.7634777993662,-32.074766878686852,794.1895854150373,2000.8782963357166,18.666666666666668,-45.351384770147547
2025-07-01,112,2025-07-01 18:50:00,18,947.47454999999991,5829.4616999999998,144.61439999999999,1.5169999999999999,1.360359625488835,96.75638267135048,0,830.03369722222226,96.75638267135048,0,0,830.03369722222226,20.68447010642717,0,9828.3411243317205,0,96.75638267135048,1446.5789930275423,146.77943251243866,0,156.89170575725007,303.67113826968875,18.833333333333332,0
2025-07-01,113,2025-07-01 19:00:00,18,933.89416666666659,5603.4399999999996,0.074999999999999997,1.6483000000000001,1.4001735141043259,115.58064832050707,0,833.33333333333326,100.56083333333333,15.019814987173731,0,833.33333333333326,0,0,8902.4151984057935,15.019814987173731,115.58064832050707,1446.5789930275423,190.51158262669182,0,0,190.51158262669182,19,0
2025-07-01,114,2025-07-01 19:10:00,18,966.83926666666662,5801.0356000000002,0,1.7056,1.3838009111389162,111.55438965516407,0,833.33333333333326,111.55438965516407,0,0,833.33333333333326,21.951543678169287,0,7976.4892724798683,0,111.55438965516407,1446.5789930275423,190.26716699584784,0,187.20276448742769,377.46993148327556,19.166666666666668,0
2025-07-01,115,2025-07-01 19:20:00,18,981.22183333333328,5892.5043999999998,5.1734,1.6940999999999999,1.3744341966100184,125.56377581372158,0,799.92094435624938,125.56377581372158,0,0,799.92094435624938,55.737113163362324,0,7087.6882231951467,0,125.56377581372158,1446.5789930275423,212.7175926060257,0,472.12121705026055,684.83880965628623,19.333333333333332,0
2025-07-01,116,2025-07-01 19:30:00,18,963.80999999999995,5782.8599999999997,0,1.6655,1.388696959128181,105.87616249482608,0,833.33333333333326,105.87616249482608,0,0,833.33333333333326,24.600504171840612,0,6161.7622972692207,0,105.87616249482608,1446.5789930275423,176.33674863513284,0,204.86069849100272,381.19744712613556,19.5,0
2025-07-01,117,2025-07-01 19:40:00,18,982.50580000000002,5895.0348000000004,0,1.6658999999999999,1.3788969208847464,99.640858235325027,0,833.33333333333326,99.640858235325027,0,0,833.33333333333326,49.531608431341738,0,5235.8363713432946,0,99.640858235325027,1446.5789930275423,165.99170573422796,0,412.57353242886097,578.56523816308891,19.666666666666668,0
2025-07-01,118,2025-07-01 19:50:00,18,995.04473333333328,5970.6397999999999,0.37140000000000001,1.6485000000000001,1.3546277874997126,902.03109724544265,0,53.063806416356783,902.03109724544265,0,0,53.063806416356783,39.949829671533848,0,5176.8765864362313,0,902.03109724544265,1446.5789930275423,1486.9982638091124,0,329.28647106761775,1816.28473487673,19.833333333333332,0
2025-07-01,119,2025-07-01 20:00:00,18,982.00499999999988,5892.0299999999997,0,1.6351,1.3506422449455557,554.40358163978487,0,294.14881652826443,554.40358163978487,0,0,294.14881652826443,133.45260183195057,0,4850.0445680714929,0,554.40358163978487,1446.5789930275423,906.50529633921224,0,1091.0417462771118,1997.547042616324,20,0
2025-07-01,120,2025-07-01 20:10:00,18,974.51656666666668,5847.0994000000001,0,1.6908000000000001,1.3813581312440482,135.29929377635619,0,784.30443373429591,135.29929377635619,0,0,784.30443373429591,54.91283915601457,0,3978.5951972556086,0,135.29929377635619,1446.5789930275423,228.76404591706307,0,464.23314222494719,692.99718814201026,20.166666666666668,0
2025-07-01,121,2025-07-01 20:20:00,18,993.20773333333329,5959.2731000000003,0.026700000000000002,1.6981999999999999,1.378975821173887,130.13843811517052,0,801.65100347707619,130.13843811517052,0,0,801.65100347707619,61.418291741086591,0,3087.8718600588572,0,130.13843811517052,1446.5789930275423,221.00109560718255,0,521.50271517356623,742.50381078074884,20.333333333333332,0
2025-07-01,122,2025-07-01 20:30:00,18,1010.1849999999999,6061.1099999999997,0,1.6813,1.3733721928507425,152.46164677632021,0,833.33333333333326,152.46164677632021,0,0,833.33333333333326,24.39001989034648,0,2161.9459341329311,0,152.46164677632021,1446.5789930275423,256.33376672502715,0,205.03470220819767,461.36846893322479,20.5,0
2025-07-01,123,2025-07-01 20:40:00,18,979.69626666666659,5878.1776,0,1.7322,1.4187286702471751,114.64705747524296,0,833.33333333333326,114.64705747524296,0,0,833.33333333333326,31.715875858090371,0,1236.020008207006,0,114.64705747524319,1446.5789930275423,198.59163295861623,-1.9692834030138328e-13,274.69120080692068,473.28283376553668,20.666666666666668,-2.2737367544323206e-13
2025-07-01,124,2025-07-01 20:50:00,18,962.91064999999992,5777.4657999999999,0.0019,1.4903999999999999,1.2749220184454857,938.10420145185901,0,0,938.10420145185901,0,0,0,24.806448548140906,0,1236.020008207006,0,938.44883601741378,1446.5789930275423,1398.6641452003535,-0.25682167825141478,184.85765458074604,1583.2649781028481,20.833333333333332,-0.34463456555477023
2025-07-01,125,2025-07-01 21:00:00,18,989.06666666666661,5934.3999999999996,0,1.0915999999999999,1.0182050642382015,930.72359429901724,0,20.93894664111712,930.72359429901724,0,0,20.93894664111712,37.404125726532243,0,1212.7545119390979,0,930.72359429901724,1446.5789930275423,1015.9778755368071,0,204.15171821541296,1220.12959375222,21,0
2025-07-01,126,2025-07-01 21:10:00,18,1020.48135,6122.8881000000001,0,1.0718000000000001,0.98372820862991084,944.74644694559072,0.11951317786529307,0,944.74644694559072,0,0.11951317786529307,0,75.854416232274616,0,1212.8620737991769,0,944.74644694559072,1446.5789930275423,1012.5792418362843,0,406.50381658875966,1419.0830584250439,21.166666666666668,0
2025-07-01,127,2025-07-01 21:20:00,18,993.87019999999995,5963.2212,0,1.1356999999999999,1.0155137027169505,964.3627846523068,27.458477959655998,0,964.3627846523068,0,27.458477959655998,0,56.96589330734912,0,1237.5747039628677,0,964.3627846523068,1446.5789930275423,1095.2268145296248,0,323.48082514578198,1418.7076396754069,21.333333333333332,0
2025-07-01,128,2025-07-01 21:30:00,18,964.75333333333333,5788.5200000000004,0,1.1288,1.0252140825293887,959.41461302658774,0,5.7684602323449932,958.98487310098835,0.42973992559939234,0,5.7684602323449932,0,0,1231.1653037047072,0.42973992559939234,959.41461302658774,1446.5789930275423,1082.9872151844122,0,0,1082.9872151844122,21.5,0
2025-07-01,129,2025-07-01 21:40:00,18,1027.2407333333333,6163.4444000000003,0,1.1456,1.0507489305826971,947.2333627085485,0,28.048773334234021,947.2333627085485,0,0,28.048773334234021,51.958597290550756,0,1200.0000000000018,0,947.2333627085485,1446.5789930275423,1085.150540318913,0,297.61884528027474,1382.7693855991879,21.666666666666668,0
2025-07-01,130,2025-07-01 21:50:00,18,947.21259999999995,5683.2755999999999,0,0.88449999999999995,0.8448890060730615,878.0255064385218,0,0,878.0255064385218,0,0,0,69.18709356147815,0,1200.0000000000018,0,878.0255064385218,1446.5789930275423,776.61356044487252,0,305.97992127563708,1082.5934817205095,21.833333333333332,0
2025-07-01,131,2025-07-01 22:00:00,18,762.77499999999986,4576.6499999999996,0,0.49130000000000001,0.51899118153474633,770.78490590183776,15.561409890896179,0,770.78490590183776,0,15.561409890896179,0,7.5515039890582329,0,1214.0052689018084,0,770.78490590183787,1446.5789930275423,378.68662426957297,-2.7927171686314979e-14,18.550269549121552,397.23689381869451,22,-1.1368683772161603e-13
2025-07-01,132,2025-07-01 22:10:00,18,760.12133333333327,4560.7280000000001,0,0.47220000000000001,0.4606580467977055,763.28644655537437,17.801388034340384,0,763.28644655537437,0,17.801388034340384,0,14.636274812299234,0,1230.026518132714,0,763.28644655537437,1446.5789930275423,360.42386006344776,0,34.556244831838498,394.98010489528627,22.166666666666668,0
2025-07-01,133,2025-07-01 22:20:00,18,802.2668666666666,4813.6012000000001,0,0.58179999999999998,0.48741586356179778,769.47137547455168,14.332647533737838,0,769.47137547455168,0,14.332647533737838,0,47.12813872585275,0,1242.9259009130783,0,769.47137547455168,1446.5789930275423,447.67844625109416,0,137.09575555350565,584.77420180459978,22.333333333333332,0
2025-07-01,134,2025-07-01 22:30:00,18,803.61666666666656,4821.6999999999998,0,0.59789999999999999,0.47791875207580481,723.81062542679558,34.207268339736061,0,723.81062542679558,0,34.207268339736061,0,114.01330957960704,0,1273.7124424188405,0,723.81062542679558,1446.5789930275423,432.76637294268107,0,340.84278898823527,773.60916193091634,22.5,0
2025-07-01,135,2025-07-01 22:40:00,18,813.05023333333338,4878.3014000000003,0,0.53480000000000005,0.5019130738140849,755.77056110206559,49.925726019565857,0,755.77056110206559,0,49.925726019565857,0,107.2053982508337,0,1318.6455958364495,0,755.77056110206559,1446.5789930275423,404.18609607738472,0,286.66723492272934,690.85333100011405,22.666666666666668,0
2025-07-01,136,2025-07-01 22:50:00,18,778.12869999999998,4668.7722000000003,0,0.47949999999999998,0.51275570293282602,765.98109840485449,34.19277949496216,0,765.98109840485449,0,34.19277949496216,0,46.340381090107599,0,1349.419097381915,0,765.98109840485449,1446.5789930275423,367.2879366851277,0,111.10106366353297,478.38900034866066,22.833333333333332,0
2025-07-01,137,2025-07-01 23:00:00,18,736.56166666666661,4419.3699999999999,0,0.48220000000000002,0.49900281593528839,748.81535505684974,0,5.1704508410662884,731.39121582560028,17.424139231249455,0,5.1704508410662884,0,0,1343.6741520029518,17.424139231249455,748.81535505684985,1446.5789930275423,361.07876420841302,-2.7409896574681626e-14,0,361.07876420841302,23,-1.1368683772161603e-13
2025-07-01,138,2025-07-01 23:10:00,18,788.62311666666665,4731.7386999999999,0,0.52880000000000005,0.50880891466279987,779.89593621821689,24.926787301459392,0,779.89593621821689,0,24.926787301459392,0,33.653967749909157,0,1366.1082605742649,0,779.89593621821689,1446.5789930275423,412.40897107219314,0,88.981090730759817,501.39006180295297,23.166666666666668,0
2025-07-01,139,2025-07-01 23:20:00,18,821.3735333333334,4928.2412000000004,0,0.56110000000000004,0.52829411617531774,781.48294215585702,0,2.6290081223123707e-13,781.48294215585702,0,0,2.6290081223123707e-13,39.890591177476153,0,1366.1082605742649,0,781.48294215585702,1446.5789930275423,438.49007884365142,0,111.91305354840937,550.4031323920608,23.333333333333332,0
2025-07-01,140,2025-07-01 23:30:00,18,792.92499999999995,4757.5500000000002,0,0.55930000000000002,0.52416444284699371,774.03686543724882,22.622538951493876,0,774.03686543724882,0,22.622538951493876,0,41.510673514245013,0,1386.4685456306088,0,774.03686543724882,1446.5789930275423,432.9188188390533,0,116.08459848258617,549.00341732163952,23.5,0
2025-07-01,141,2025-07-01 23:40:00,18,775.32619999999997,4651.9571999999998,0,0.54730000000000001,0.49002470511193102,739.70272513308498,17.083406704116488,0,739.70272513308498,0,17.083406704116488,0,52.706881571031431,0,1401.8436116643134,0,739.70272513308487,1446.5789930275423,404.83930146533737,9.3331209427560687e-14,144.23238141912751,549.07168288446496,23.666666666666668,1.1368683772161603e-13
2025-07-01,142,2025-07-01 23:50:00,18,792.08301666666659,4752.4980999999998,0,0.53120000000000001,0.49538503832107533,727.72110052650817,0,0,727.72110052650817,0,0,0,64.361916140158428,0,1401.8436116643134,0,727.72110052650817,1446.5789930275423,386.56544859968113,0,170.9452492682608,557.51069786794187,23.833333333333332,0
2025-07-01,143,2025-07-02 00:00:00,18,814.16499999999996,4884.9899999999998,0,0.53369999999999995,0.53100568783429003,768.00059695968582,0,34.011924990086989,768.00059695968582,0,0,34.011924990086989,12.15247805022716,0,1364.05258389755,0,768.00059695968582,1446.5789930275423,409.8819185973843,0,32.428887677031177,442.31080627441548,24,0
