lag,acf,pacf
0,1,1
1,0.93417139405718852,0.9341736127143383
2,0.81787386986837662,-0.43043137486699512
3,0.73428846180077567,0.41920762194117417
4,0.66493894960780109,-0.35302545912407779
5,0.59776686703725435,0.32101434457132982
6,0.54354686410566033,-0.22796905461539804
7,0.49843963321926787,0.20280535662823493
8,0.45507314316217168,-0.17774355249011972
9,0.41524102760871279,0.17182931529936754
10,0.38333999039982974,-0.10665283713677884
11,0.35843943541462037,0.12341860816773557
12,0.33781749601620625,-0.067433170898967831
13,0.32171572092143913,0.099092725836170445
14,0.31037035628040088,-0.041397762408399215
15,0.2997045770559385,0.029818933379602539
16,0.28501137419975359,-0.04350100118762406
17,0.26658468601373658,0.010960493038384924
18,0.24648237643410409,-0.034556346279375295
19,0.22523122293412426,0.0074780570365409619
20,0.20397180408186674,-0.018753973416188733
21,0.18521279776968833,0.02398943304240141
22,0.16925360147930779,-0.027293747196351519
23,0.15331195056175395,0.006359384234309871
24,0.13746365455680154,-0.0025764288880211765
25,0.12552922253088705,0.025378519059061487
26,0.11872834614239602,0.0049799015120464349
27,0.11374525230082373,-0.0055223127469812856
28,0.10885489058003421,0.019129951036066527
29,0.10710795468368904,0.019133378600656285
30,0.1089590956041875,0.0026960173614634184
31,0.11121068196999687,0.022557517985175812
32,0.11303967482475852,-0.0074717869233412327
33,0.11416370623871111,0.0093207833528003835
34,0.11270635861131413,-0.017922445629286098
35,0.10811985703678306,0.0041940711252831074
36,0.10255936797697848,-7.3463428435735089e-05
37,0.097308833528556918,-0.0076182870189316814
38,0.090778852061600301,-0.0067633750714336362
39,0.083478676502516933,0.011897176448802012
40,0.077881354468745848,-0.0073747568404681739
41,0.073580566169075018,0.0088022168748926981
42,0.069632575852086057,-0.00095498080185709908
43,0.066589231676421112,0.0027251299011092443
44,0.064247612410098465,-0.0036438093971619466
45,0.061899933557085028,0.0015108641131244703
46,0.059406441202622735,-0.0062901137905549695
47,0.056470073355987534,-0.0058869350305095249
48,0.052466430190446244,-0.0098621415647856987
49,0.047306611893862559,-0.0037731011925187484
50,0.041514915317122029,-0.0057503796927096153
51,0.035256449716629321,-0.0088441876529469342
52,0.028740405165792047,0.0022807959782223963
53,0.022850141261462838,-0.0027732656704831022
54,0.017881052734153656,0.00089168058415642869
55,0.014212794551563377,0.012875033665173374
56,0.013175681195806687,0.009143299602908328
57,0.014610114736731815,0.0076663993875669186
58,0.017090168471911204,0.008103260226204596
59,0.020120411180033933,0.0024203905115253968
60,0.023227532471674837,0.002177630674651054
61,0.025247570529128644,-0.0068159133768454037
62,0.025687094212714093,-0.00063803621139184828
63,0.024809718237188718,-0.010986560887470046
64,0.022522539440677516,-0.0042350267331103591
65,0.018406380490772034,-0.015216589227928672
66,0.012946657800516655,0.00051967713293368453
67,0.0071313766065881174,-0.013411321963202411
68,0.0013127697850295614,0.0038801401323884936
69,-0.0043728508047535123,-0.012524547866555486
70,-0.0093209044942765499,0.0092726551190271608
71,-0.012662787501204838,-0.0041991289540028558
72,-0.01405540848295507,0.010094430347070017
73,-0.013622376279484037,0.0013352163565453197
74,-0.011417636161720108,0.011078757164447887
75,-0.0076105958295011079,0.0046148125024302513
76,-0.0027072472786484978,0.0093029270392174582
77,0.0026602944540492584,0.0039285796708062835
78,0.0080349199993560248,0.0077411624762158708
79,0.012895645602572342,-0.0009111822525438146
80,0.016371622529553116,-0.00032666116872020047
81,0.0181489023599774,0.0010292353326435196
82,0.018523258888407602,-0.0057563374356598635
83,0.017454899755635085,-0.001650378179276766
84,0.015257818708167014,-0.00071804309198472737
85,0.012807397303201046,-0.0006521344025020669
86,0.010511749888763761,4.9082608067301083e-05
87,0.0084024406709636446,-0.00076653817449633609
88,0.0071243240817449871,0.008816654643708682
89,0.0079339093766286634,0.0091849211273645325
90,0.011266237128214451,0.010716877028710381
91,0.016031897969029964,0.0022080219675978006
92,0.021074176682101552,0.0082864531401050292
93,0.026018643892379584,-0.0024267287885283619
94,0.030913395039430861,0.014014552250600129
95,0.035824526838517841,-0.0017091877723247942
96,0.040575905407478567,0.013800420970318859
97,0.044520857285368746,-0.0090232141517597175
98,0.046820405744289688,0.0077259964120430704
99,0.047381593407446208,-0.0073854259516274194
100,0.047060954404902482,0.011604938418952399
101,0.046691580315442599,-0.0033282137049777528
102,0.046390842508933584,0.0093184910201496562
103,0.046909191232922302,0.013274143229762714
104,0.049722741982232206,0.014716724738076281
105,0.053761491670631711,-0.0066982050821498985
106,0.057896327078447871,0.03241128142754663
107,0.064453602015749123,0.010721966201151083
108,0.073304637480049131,0.008551731074038749
109,0.080674291657435698,-0.00055688028498707359
110,0.084957805297083924,-0.0077897951648711319
111,0.086041215332435209,-0.01577079522404147
112,0.083889755354319376,-0.0016143731176525952
113,0.080604510351788339,0.005571044583205855
114,0.078741093470308068,0.0099095477214796012
115,0.077308827032588429,-0.01480799183193416
116,0.07391698294942052,0.0047233075255276357
117,0.071489040899266262,0.035256959499513817
118,0.074817005735335007,0.019461575414693438
119,0.082374762778577706,0.019678704151907339
120,0.089758605254392027,0.00026679967734979465
121,0.093707175341509324,-0.031509788015329859
122,0.092594188631446472,-0.0016344302942637458
123,0.090029667025495752,0.012915797331936239
124,0.089044248379653024,-0.021501775907980955
125,0.085471550832935644,-0.021439432903278807
126,0.07856224460256836,0.019302173581589911
127,0.073017090709643462,-0.018325874857834372
128,0.068994408888614189,0.024674824435555728
129,0.064499693304693323,-0.020480053348554721
130,0.059794184682860414,0.014360763741656245
131,0.055137880779090806,-0.015808793101193874
132,0.05078002124926001,0.019763259389439437
133,0.047987782525811165,-0.0038510250266791017
134,0.046445169109413334,-0.0070100432091778422
135,0.041871175619508337,-0.04933449787688441
136,0.033035170403897259,0.019134994608671567
137,0.027043271057295596,0.016789680726683954
138,0.028353388916894574,0.020070732310704529
139,0.032691449782471342,0.0010333803946806961
140,0.035668827314023419,-0.0068884743210015104
141,0.039127525900749797,0.039962334459794385
142,0.045761023445552877,-0.003486406714865544
143,0.051455566610200065,-0.0061015963914050984
144,0.049379362860080649,-0.059570128298541559
