origin,history_days,first_half_mean_kw,second_half_mean_kw,first_half_std_kw,second_half_std_kw,innovation_ljung_box_p_lag_6,innovation_ljung_box_p_lag_144,use
2025-01-15,14,-0.56065806731546564,0.56065806733531298,158.56103581390011,154.15410283882073,1.2191880774260207e-27,1.4236361242746684e-98,posthoc_diagnostic_only_does_not_change_orders_or_forecasts
2025-01-16,15,-1.0035633954913743,1.0035633955126497,158.68614777612038,151.32715621120181,8.919838372292609e-32,9.4799464484524637e-111,posthoc_diagnostic_only_does_not_change_orders_or_forecasts
2025-01-17,16,3.2769743104041518,-3.2769743103957611,160.04821719206683,150.22905178331715,1.5713588402289002e-34,1.0448295931112473e-111,posthoc_diagnostic_only_does_not_change_orders_or_forecasts
2025-01-18,17,6.2130864458629329,-6.213086445860398,160.16915520104001,148.92214166948119,4.2355669324789112e-35,1.9839089655084123e-107,posthoc_diagnostic_only_does_not_change_orders_or_forecasts
2025-01-19,18,0.82483206866651537,-0.82483206866893821,162.71976091681935,144.78623294243633,6.47469964730924e-37,1.7300316743706673e-113,posthoc_diagnostic_only_does_not_change_orders_or_forecasts
2025-01-20,19,0.73212493775276155,-0.73212493775142951,159.86732468315654,147.52856931100928,3.4127063865520474e-39,2.8895758341952859e-128,posthoc_diagnostic_only_does_not_change_orders_or_forecasts
2025-01-21,20,-2.341345757080286,2.3413457570842722,161.93365590700901,142.10276503374917,7.3260840134078377e-41,5.3350226250331314e-132,posthoc_diagnostic_only_does_not_change_orders_or_forecasts
2025-01-22,21,1.5173984064477801,-1.5173984064480177,162.14893205081572,165.86631678567821,5.835463618642628e-42,4.7423818769599963e-127,posthoc_diagnostic_only_does_not_change_orders_or_forecasts
2025-01-23,22,-0.89084163181471787,0.89084163181052467,160.58688963541803,170.47811587831688,1.1476193925073749e-44,3.1560881188586583e-134,posthoc_diagnostic_only_does_not_change_orders_or_forecasts
2025-01-24,23,-6.6497565861216072,6.6497565861186896,161.90176045713909,172.4329097668149,8.7695999451439314e-47,1.0076538893233252e-140,posthoc_diagnostic_only_does_not_change_orders_or_forecasts
2025-01-25,24,-6.4801318623637281,6.4801318623643738,160.65890226383701,175.73675921637644,3.6402657535709811e-49,1.1634722528961712e-137,posthoc_diagnostic_only_does_not_change_orders_or_forecasts
2025-01-26,25,-2.0499353697549849,2.049935369760342,161.38086275121901,182.01941655223641,2.2214675693960623e-48,3.056886154531289e-131,posthoc_diagnostic_only_does_not_change_orders_or_forecasts
2025-01-27,26,-0.54653667482237778,0.54653667482357882,161.03263464417492,186.96068514181295,2.2490244741646948e-49,4.9583745024368449e-132,posthoc_diagnostic_only_does_not_change_orders_or_forecasts
2025-01-28,27,0.80310884961451445,-0.80310884961466089,160.26685322044145,187.79302398278409,5.6939453326945444e-51,6.7780586373325192e-125,posthoc_diagnostic_only_does_not_change_orders_or_forecasts
2025-01-29,28,0.64114004551741133,-0.64114004551792159,158.59417585272334,187.43355451082903,5.2986689025900316e-52,4.0553111148267056e-131,posthoc_diagnostic_only_does_not_change_orders_or_forecasts
2025-01-30,28,0.57257181263103951,-0.57257181263222101,158.16380506312797,193.68749119008845,5.8900164587957836e-52,1.9736888128574356e-131,posthoc_diagnostic_only_does_not_change_orders_or_forecasts
2025-01-31,28,0.024060093950429254,-0.024060093950080075,160.32451119894898,194.99669748583554,8.5729253668135649e-51,2.1255989505639979e-125,posthoc_diagnostic_only_does_not_change_orders_or_forecasts
2025-02-01,28,0.27348336858776767,-0.27348336858759892,159.04607521186313,196.3182305473438,7.264969665706701e-51,5.5105356685647263e-123,posthoc_diagnostic_only_does_not_change_orders_or_forecasts
2025-02-02,28,0.16230695705083267,-0.16230695705037432,154.93031782103512,194.26711136310743,5.8249615595060738e-51,7.8292354753246216e-129,posthoc_diagnostic_only_does_not_change_orders_or_forecasts
2025-02-03,28,-1.4764264499799127,1.4764264499804338,155.4585564721628,191.63170022361038,1.2956874016180463e-51,2.0459515086326424e-123,posthoc_diagnostic_only_does_not_change_orders_or_forecasts
2025-02-04,28,-2.3087319628948957,2.3087319628948473,152.32547963421518,194.10135467772491,2.536181901318202e-56,3.1387677474626226e-117,posthoc_diagnostic_only_does_not_change_orders_or_forecasts
2025-02-05,28,4.2599647585379348,-4.2599647585377678,165.23847212197609,187.22941320744698,3.7071620335032405e-57,3.3430162287247857e-117,posthoc_diagnostic_only_does_not_change_orders_or_forecasts
2025-02-06,28,-0.61198758780786988,0.61198758780804907,166.60194064551058,187.74023391005056,2.1268724237893258e-58,3.4020399685407155e-117,posthoc_diagnostic_only_does_not_change_orders_or_forecasts
2025-02-07,28,-9.5754129104777199,9.5754129104782955,171.70402271123814,181.73576945240123,2.0825382663891935e-57,1.2237019852017206e-112,posthoc_diagnostic_only_does_not_change_orders_or_forecasts
2025-02-08,28,-6.8228774214362131,6.8228774214369574,175.22154743255351,188.41641094146698,5.6699026546432879e-59,6.5363305003362819e-102,posthoc_diagnostic_only_does_not_change_orders_or_forecasts
2025-02-09,28,0.089879176354873011,-0.089879176354290602,181.0905351357747,187.22653758048358,3.0967181774308329e-59,3.7468238665621405e-97,posthoc_diagnostic_only_does_not_change_orders_or_forecasts
2025-02-10,28,-6.9722550382053443,6.9722550382055193,186.29862212046294,187.29506781553098,2.6009165007858224e-60,4.7237734171268295e-96,posthoc_diagnostic_only_does_not_change_orders_or_forecasts
2025-02-11,28,-0.86062065109149666,0.86062065109054708,186.67306697242554,196.76667230306882,5.1688318045798605e-59,3.1346024577316306e-97,posthoc_diagnostic_only_does_not_change_orders_or_forecasts
2025-02-12,28,-3.1931168622517667,3.1931168622524146,189.52045428587166,195.7062299901194,3.9906176469487865e-58,1.3805000549282753e-92,posthoc_diagnostic_only_does_not_change_orders_or_forecasts
2025-02-13,28,5.7443136659261436,-5.7443136659265681,195.30359497313651,191.64978375516219,4.0935586607004331e-56,1.5538073740095705e-95,posthoc_diagnostic_only_does_not_change_orders_or_forecasts
2025-02-14,28,11.223873287564034,-11.223873287564592,193.99636683115594,207.6037404753198,4.2042304060231984e-57,6.7885488084223579e-94,posthoc_diagnostic_only_does_not_change_orders_or_forecasts
2025-02-15,28,9.4735458840523741,-9.4735458840524061,195.56175057494289,209.86323860880682,1.8395622955587789e-56,2.3069070967854887e-93,posthoc_diagnostic_only_does_not_change_orders_or_forecasts
2025-02-16,28,8.7771830010866605,-8.7771830010866694,192.18332079720227,210.8104213034986,5.7783355329322609e-56,3.5350268183133883e-98,posthoc_diagnostic_only_does_not_change_orders_or_forecasts
2025-02-17,28,9.962923645653909,-9.9629236456533885,190.52429979754817,216.03445295051279,7.4345072336930369e-56,1.6159917894141757e-95,posthoc_diagnostic_only_does_not_change_orders_or_forecasts
2025-02-18,28,10.334263096561335,-10.334263096561591,193.74803760062545,218.73910369496579,2.0237087791292705e-56,4.6857612085357951e-102,posthoc_diagnostic_only_does_not_change_orders_or_forecasts
2025-02-19,28,5.70778393142096,-5.7077839314205381,186.12331074923435,211.60125784002511,4.8486692168634986e-57,6.8913912277060418e-109,posthoc_diagnostic_only_does_not_change_orders_or_forecasts
2025-02-20,28,-1.3586504839796336,1.3586504839791644,190.97847120842783,209.74713420446571,5.2876881815186243e-57,4.168103156102093e-109,posthoc_diagnostic_only_does_not_change_orders_or_forecasts
2025-02-21,28,-8.0835688442945965,8.0835688442931684,188.73456026575712,210.36678163733663,3.3441067723831702e-56,3.395326071788236e-108,posthoc_diagnostic_only_does_not_change_orders_or_forecasts
2025-02-22,28,-6.6837469044306177,6.6837469044309339,195.61715058783261,199.91831625989639,2.1903386246200303e-54,2.2763457645480632e-109,posthoc_diagnostic_only_does_not_change_orders_or_forecasts
2025-02-23,28,-7.6299520213645176,7.6299520213639358,189.97058208841011,200.39217200661102,3.8589411381281597e-56,3.5198891022266534e-117,posthoc_diagnostic_only_does_not_change_orders_or_forecasts
2025-02-24,28,-17.670263681171942,17.670263681171413,197.48051390444564,192.64957757220668,8.5661464528731753e-54,4.9376742024399541e-114,posthoc_diagnostic_only_does_not_change_orders_or_forecasts
2025-02-25,28,-9.9392949095332224,9.9392949095326593,200.73209813091995,190.42219206098534,3.1363164683891183e-57,3.7089705830704411e-110,posthoc_diagnostic_only_does_not_change_orders_or_forecasts
2025-02-26,28,-6.4267502280204747,6.4267502280202145,199.70211295787951,204.79810417140845,2.8040251016331199e-58,2.9764446643192522e-103,posthoc_diagnostic_only_does_not_change_orders_or_forecasts
2025-02-27,28,-4.0758121930494413,4.0758121930477476,190.44842609659958,205.08336375197851,2.1118699459995882e-57,3.7201175779505648e-101,posthoc_diagnostic_only_does_not_change_orders_or_forecasts
2025-02-28,28,7.9851928242193848,-7.9851928242193093,200.8598622200866,199.69530443017254,6.9538906425869455e-58,3.2077364201179248e-103,posthoc_diagnostic_only_does_not_change_orders_or_forecasts
2025-03-01,28,4.7179219746990322,-4.7179219746993502,204.34139485643789,201.03224753975766,6.8679604751752906e-60,8.3179225649022441e-99,posthoc_diagnostic_only_does_not_change_orders_or_forecasts
2025-03-02,28,0.036056987593492559,-0.036056987593375264,205.78045556455348,225.35921732507757,9.3992593352495442e-58,1.2892972320924789e-95,posthoc_diagnostic_only_does_not_change_orders_or_forecasts
2025-03-03,28,-9.1928669798134255,9.1928669798132265,214.31491719399526,269.98608702216035,5.6728291985812191e-61,1.0047714664729749e-93,posthoc_diagnostic_only_does_not_change_orders_or_forecasts
2025-03-04,28,-7.7256663580419644,7.7256663580413312,220.86044657471388,289.38525432536034,2.3979261766360486e-56,5.7520852883533502e-91,posthoc_diagnostic_only_does_not_change_orders_or_forecasts
2025-03-05,28,-8.0841974668498491,8.0841974668506005,219.24824536153457,290.70976003449022,2.1402219491004542e-59,1.1704071064893316e-83,posthoc_diagnostic_only_does_not_change_orders_or_forecasts
2025-03-06,28,-7.8480354579680878,7.8480354579665255,217.19538918784056,286.94832039060856,1.2767788163254482e-57,8.0649515228826672e-83,posthoc_diagnostic_only_does_not_change_orders_or_forecasts
2025-03-07,28,-5.5022325426873335,5.5022325426876089,217.71112596312781,280.98981004974144,9.0985275701222466e-59,6.0918815734065234e-79,posthoc_diagnostic_only_does_not_change_orders_or_forecasts
2025-03-08,28,-3.0098424004517712,3.0098424004518813,212.7915511456531,281.59357824395443,7.7103069957452758e-60,2.0489120941104236e-79,posthoc_diagnostic_only_does_not_change_orders_or_forecasts
2025-03-09,28,-7.1666433717881475,7.1666433717887301,206.9792427893195,281.02453972913429,3.540641402043123e-63,4.9869671842346794e-82,posthoc_diagnostic_only_does_not_change_orders_or_forecasts
2025-03-10,28,-8.5779952309417471,8.5779952309400702,189.16378457879321,283.63245276351051,5.2681183711525241e-59,9.9993148530093068e-81,posthoc_diagnostic_only_does_not_change_orders_or_forecasts
2025-03-11,28,-2.299833087739561,2.299833087742186,195.07515868633041,287.72851714837401,6.5606349964201904e-59,5.6329419972054739e-78,posthoc_diagnostic_only_does_not_change_orders_or_forecasts
2025-03-12,28,13.688395011574354,-13.688395011572903,220.45385268274461,271.80886301898028,9.3734509350978284e-58,3.6227515278786368e-70,posthoc_diagnostic_only_does_not_change_orders_or_forecasts
2025-03-13,28,20.804443451495487,-20.804443451496983,219.40297081090625,275.14299393893214,9.4115642059375217e-59,2.5412889519145088e-71,posthoc_diagnostic_only_does_not_change_orders_or_forecasts
2025-03-14,28,30.432717721772935,-30.432717721772043,231.86836700215005,272.92920813256922,1.5394141509700248e-59,4.187033852559893e-69,posthoc_diagnostic_only_does_not_change_orders_or_forecasts
2025-03-15,28,35.694914504831893,-35.694914504832653,227.28365252593454,280.53686041797107,4.9032766588801288e-58,2.1590782102584381e-64,posthoc_diagnostic_only_does_not_change_orders_or_forecasts
2025-03-16,28,26.651182827735298,-26.651182827734868,236.42230972312288,284.1697611651004,2.0091576098623003e-57,3.4849544488790854e-57,posthoc_diagnostic_only_does_not_change_orders_or_forecasts
2025-03-17,28,8.7917478884634281,-8.7917478884651601,255.26594196993631,265.62572595145679,8.7377575642763712e-59,1.7171273107252946e-58,posthoc_diagnostic_only_does_not_change_orders_or_forecasts
2025-03-18,28,-2.4764310358070363,2.4764310358085937,275.73564269414965,268.86968976107585,1.0282289701886838e-57,3.1739309751569125e-57,posthoc_diagnostic_only_does_not_change_orders_or_forecasts
2025-03-19,28,-9.3481835798878219,9.3481835798891204,281.98070144090667,266.35211893012803,1.2551322244983107e-58,2.1584004422932501e-54,posthoc_diagnostic_only_does_not_change_orders_or_forecasts
2025-03-20,28,-7.4601248725774214,7.4601248725782563,284.59106405040887,271.94158355861424,5.4507225486153273e-59,1.4367312335040433e-51,posthoc_diagnostic_only_does_not_change_orders_or_forecasts
2025-03-21,28,-8.2644722094986758,8.2644722094979848,282.12652007574241,271.11836759241237,4.6850450120868465e-60,8.5011159711159362e-51,posthoc_diagnostic_only_does_not_change_orders_or_forecasts
2025-03-22,28,-9.2980535045203894,9.2980535045191051,289.38744838034535,275.73184088623037,2.7070585781429019e-59,2.0174262441250849e-49,posthoc_diagnostic_only_does_not_change_orders_or_forecasts
2025-03-23,28,-9.4604244614224768,9.4604244614211854,287.21966658011667,279.15796839028616,8.6997897576977666e-56,1.7846029722153212e-39,posthoc_diagnostic_only_does_not_change_orders_or_forecasts
2025-03-24,28,-4.3167935930204697,4.3167935930216323,289.99965520110646,280.67774413265289,4.950902910650888e-55,2.5601868511345443e-38,posthoc_diagnostic_only_does_not_change_orders_or_forecasts
2025-03-25,28,-11.301040694637395,11.301040694637221,299.59762431652052,269.69863516373107,6.5168281502336985e-54,1.0805794234181394e-42,posthoc_diagnostic_only_does_not_change_orders_or_forecasts
2025-03-26,28,-7.709089955792459,7.709089955792356,277.67017966976562,270.12746914577349,5.4758930719386199e-53,7.4363591580763561e-41,posthoc_diagnostic_only_does_not_change_orders_or_forecasts
2025-03-27,28,2.7255761269866849,-2.7255761269867538,272.64585183920644,275.23174839987627,3.8902415001251099e-53,1.9207217921827065e-40,posthoc_diagnostic_only_does_not_change_orders_or_forecasts
2025-03-28,28,-4.0152374084069455,4.0152374084063283,264.32674576414877,255.63552489391796,1.7389403553303539e-53,1.3455803567346101e-44,posthoc_diagnostic_only_does_not_change_orders_or_forecasts
2025-03-29,28,4.3293439569213419,-4.329343956920817,256.94932021969208,249.61940874127234,3.7022337350526658e-55,2.5364203369095779e-46,posthoc_diagnostic_only_does_not_change_orders_or_forecasts
2025-03-30,28,-2.1694619005640692,2.169461900563491,265.77962872809172,237.2686129623911,1.0771337182275396e-56,9.8320119896530065e-45,posthoc_diagnostic_only_does_not_change_orders_or_forecasts
2025-03-31,28,-6.4848289018003467,6.4848289018017411,262.09071903481663,232.44418684582797,6.835624016084278e-57,7.2375851186219858e-45,posthoc_diagnostic_only_does_not_change_orders_or_forecasts
2025-04-01,28,0.62410000392509568,-0.62410000392537457,265.77346432666195,235.82241648786399,1.1925658297271974e-56,1.9305393623897001e-43,posthoc_diagnostic_only_does_not_change_orders_or_forecasts
2025-04-02,28,-4.6651010502345276,4.6651010502358625,261.67942559563545,269.10346549400435,1.5306410556222339e-56,2.0224207940554379e-42,posthoc_diagnostic_only_does_not_change_orders_or_forecasts
2025-04-03,28,-3.9923833273688434,3.9923833273682976,264.47032846268985,289.73846736338129,3.1426811439691533e-56,8.3162451996548702e-41,posthoc_diagnostic_only_does_not_change_orders_or_forecasts
2025-04-04,28,-8.4776676150377615,8.477667615038655,266.01116558423541,292.47649080894826,5.4237241036818205e-57,4.0228928305101924e-43,posthoc_diagnostic_only_does_not_change_orders_or_forecasts
2025-04-05,28,2.0209968089991812,-2.0209968089979,269.13723281659765,291.97754552239871,9.7543417353375534e-56,6.6882267491904692e-44,posthoc_diagnostic_only_does_not_change_orders_or_forecasts
2025-04-06,28,-4.2898334448719213,4.2898334448725199,272.88285351546625,296.10469856378785,3.3789393795950833e-54,7.2423542239719052e-41,posthoc_diagnostic_only_does_not_change_orders_or_forecasts
2025-04-07,28,-0.70906071114341607,0.70906071114300828,272.78197217185345,291.18869208717473,4.0543782749392056e-55,2.0921650350827926e-45,posthoc_diagnostic_only_does_not_change_orders_or_forecasts
2025-04-08,28,-0.1471425042790252,0.14714250427877709,267.14039748213253,299.88873587188499,2.0455708366484005e-55,5.7816847646115598e-48,posthoc_diagnostic_only_does_not_change_orders_or_forecasts
2025-04-09,28,-5.9684544858584507,5.9684544858607245,270.78770332557423,296.61791362276796,3.4784872498048847e-58,4.6989448793777108e-47,posthoc_diagnostic_only_does_not_change_orders_or_forecasts
2025-04-10,28,0.093638123248364,-0.093638123248787175,279.99589850480174,305.83863144371713,7.2239785138647707e-58,1.6669700885323057e-50,posthoc_diagnostic_only_does_not_change_orders_or_forecasts
2025-04-11,28,-3.8769178331769423,3.8769178331763303,259.05776582923232,306.26145584931771,4.2508279696010731e-56,3.5492892294446134e-48,posthoc_diagnostic_only_does_not_change_orders_or_forecasts
2025-04-12,28,2.4511976165878879,-2.4511976165861884,256.09294664060536,312.81561506477595,8.8800871044696554e-58,3.1575731648844212e-48,posthoc_diagnostic_only_does_not_change_orders_or_forecasts
2025-04-13,28,10.912546349965629,-10.91254634996619,246.80251929773709,305.01399638722455,2.3592875015178806e-59,4.6593364319449758e-49,posthoc_diagnostic_only_does_not_change_orders_or_forecasts
2025-04-14,28,14.74086269170464,-14.740862691706814,241.96017075662206,302.66934609553169,2.8580501235315031e-58,1.6673118638560355e-45,posthoc_diagnostic_only_does_not_change_orders_or_forecasts
2025-04-15,28,15.604734026349725,-15.604734026349062,241.98419436344241,295.39533816995362,5.3242917302189526e-61,8.0276036524091958e-43,posthoc_diagnostic_only_does_not_change_orders_or_forecasts
2025-04-16,28,6.5088061623241398,-6.5088061623233502,263.52125622951218,289.36086202243877,5.1831054189097649e-61,1.8332984789768341e-40,posthoc_diagnostic_only_does_not_change_orders_or_forecasts
2025-04-17,28,-6.7143568221363044,6.7143568221377112,284.49349709894727,275.87728912266533,3.761371122734381e-62,6.6849782757018373e-42,posthoc_diagnostic_only_does_not_change_orders_or_forecasts
2025-04-18,28,-7.6394212551634268,7.6394212551637439,283.93985680458417,272.73109367148862,3.6597221700133854e-60,1.4278199277368516e-39,posthoc_diagnostic_only_does_not_change_orders_or_forecasts
2025-04-19,28,4.3191484117431891,-4.3191484117438028,292.03583655995703,263.08852272576416,9.3310043086487371e-60,7.6766997051500724e-43,posthoc_diagnostic_only_does_not_change_orders_or_forecasts
2025-04-20,28,-2.3101439435863935,2.310143943586171,290.5927815417881,261.59607568176142,2.1973863401662944e-62,8.9013180659732181e-44,posthoc_diagnostic_only_does_not_change_orders_or_forecasts
2025-04-21,28,-1.2460513386465935,1.2460513386482297,284.10031095516172,264.89007181215612,8.4532743475033402e-62,5.2776855417918849e-40,posthoc_diagnostic_only_does_not_change_orders_or_forecasts
2025-04-22,28,5.2571065590245096,-5.2571065590254253,296.15695651457344,261.64444111119957,1.5015303485284222e-62,2.4142796217048597e-42,posthoc_diagnostic_only_does_not_change_orders_or_forecasts
2025-04-23,28,4.0567094769678924,-4.0567094769672289,290.52834608744115,262.65050402928426,1.116371544668325e-60,4.8006388834765816e-42,posthoc_diagnostic_only_does_not_change_orders_or_forecasts
2025-04-24,28,-8.0524831380000563,8.0524831380006194,300.41903769550646,251.18224219677415,5.6922090054996738e-62,1.4593881919662988e-46,posthoc_diagnostic_only_does_not_change_orders_or_forecasts
2025-04-25,28,-6.857767746731728,6.8577677467324527,305.60063250950856,254.45934097102079,4.8081442865297947e-63,2.2783291662572516e-47,posthoc_diagnostic_only_does_not_change_orders_or_forecasts
2025-04-26,28,4.2502052540405586,-4.250205254039999,314.20380202947445,247.09207816196346,1.3037790966563984e-61,8.4838845539640317e-47,posthoc_diagnostic_only_does_not_change_orders_or_forecasts
2025-04-27,28,6.8127389108417358,-6.8127389108417198,305.23671348918595,267.03635939233561,1.8141702082315571e-61,1.1192188541012543e-47,posthoc_diagnostic_only_does_not_change_orders_or_forecasts
2025-04-28,28,4.5368757558969648,-4.536875755895216,299.68070826220435,268.95871029194223,7.0860284582526159e-63,1.2192155091809046e-53,posthoc_diagnostic_only_does_not_change_orders_or_forecasts
2025-04-29,28,1.2598617077625647,-1.2598617077621939,292.87510962831851,312.88605016300352,1.0456461599011506e-62,2.0130426770583274e-53,posthoc_diagnostic_only_does_not_change_orders_or_forecasts
2025-04-30,28,6.436404969613724,-6.4364049696123073,287.8533905859353,308.38127054204091,6.1950042947239321e-63,5.3136326676468491e-49,posthoc_diagnostic_only_does_not_change_orders_or_forecasts
2025-05-01,28,-4.9440572267319958,4.9440572267341976,273.93113185387182,310.68180382322441,3.6063931215736953e-60,3.0354745858385854e-45,posthoc_diagnostic_only_does_not_change_orders_or_forecasts
2025-05-02,28,-7.2197445823865412,7.219744582386082,274.08235494859059,313.39567853386757,1.4991108515755775e-59,3.3779507691995066e-45,posthoc_diagnostic_only_does_not_change_orders_or_forecasts
2025-05-03,28,-12.333972974450003,12.333972974452568,263.6149378606101,344.68963212576148,1.0073227138954078e-60,9.2219745333436052e-46,posthoc_diagnostic_only_does_not_change_orders_or_forecasts
2025-05-04,28,-16.943757838874959,16.9437578388732,263.64439716941473,345.03660131800285,2.7814287153776475e-60,6.5381137464020577e-46,posthoc_diagnostic_only_does_not_change_orders_or_forecasts
2025-05-05,28,-18.285195339958666,18.285195339959831,267.04552164489547,347.39453706643116,8.2366495563038498e-60,1.1663793455928547e-42,posthoc_diagnostic_only_does_not_change_orders_or_forecasts
2025-05-06,28,-8.0022292321904782,8.0022292321927537,264.95859422359638,344.53145447760005,5.8600642015084027e-60,8.1667542126460556e-46,posthoc_diagnostic_only_does_not_change_orders_or_forecasts
2025-05-07,28,-9.4166556434501913,9.4166556434503903,262.82914040896412,351.23327298397459,5.0762943794082093e-59,7.613739365100182e-44,posthoc_diagnostic_only_does_not_change_orders_or_forecasts
2025-05-08,28,-14.05167748083103,14.051677480830424,251.27665867920084,345.93820275062109,5.6345281403511499e-59,1.2510156454563503e-43,posthoc_diagnostic_only_does_not_change_orders_or_forecasts
2025-05-09,28,-5.7716490913131882,5.7716490913134697,259.35682488983201,343.48046658149298,3.4936311061565874e-60,1.7652531529442823e-46,posthoc_diagnostic_only_does_not_change_orders_or_forecasts
2025-05-10,28,4.0665450270676375,-4.0665450270670256,261.44157110113821,339.96159592281526,3.5893214802023718e-59,1.6095975346392931e-45,posthoc_diagnostic_only_does_not_change_orders_or_forecasts
2025-05-11,28,15.481921574481378,-15.481921574481373,293.37383278889735,320.05093658697126,4.2728322220926223e-58,2.2229415575044016e-43,posthoc_diagnostic_only_does_not_change_orders_or_forecasts
2025-05-12,28,18.227699479189933,-18.227699479188264,299.05406852309233,314.58813708284373,8.1953953946042791e-60,1.2998461917475348e-41,posthoc_diagnostic_only_does_not_change_orders_or_forecasts
2025-05-13,28,2.2761284757442128,-2.2761284757451352,320.02282699563665,308.5340399082674,2.3032288106466156e-58,3.5107351963082558e-42,posthoc_diagnostic_only_does_not_change_orders_or_forecasts
2025-05-14,28,12.687831198267846,-12.68783119826788,323.22495154651466,296.8879265471918,1.7641323376726117e-59,3.9540199534344203e-44,posthoc_diagnostic_only_does_not_change_orders_or_forecasts
2025-05-15,28,18.241376082048287,-18.241376082047548,321.05504531326176,286.27566860200693,8.8267512522644574e-60,2.1330817525072633e-43,posthoc_diagnostic_only_does_not_change_orders_or_forecasts
2025-05-16,28,24.258152413045803,-24.258152413043753,323.90489631930245,280.83614972181391,4.0014365042130278e-60,1.7197926304055971e-42,posthoc_diagnostic_only_does_not_change_orders_or_forecasts
2025-05-17,28,7.3367951294269673,-7.3367951294276859,338.11134181807898,277.62356289442454,2.7580130187788844e-60,2.4321782890023361e-44,posthoc_diagnostic_only_does_not_change_orders_or_forecasts
2025-05-18,28,1.0894971409027148,-1.089497140900026,335.24526619246751,286.08611525233403,8.3814805061969101e-58,3.2047740981802882e-44,posthoc_diagnostic_only_does_not_change_orders_or_forecasts
2025-05-19,28,5.1063336217026398,-5.106333621702059,337.19701532965348,285.28751188071044,1.3241665928042774e-59,8.1083894995083972e-44,posthoc_diagnostic_only_does_not_change_orders_or_forecasts
2025-05-20,28,6.3182605599109802,-6.3182605599096595,337.41218268171536,305.22165870379922,5.923704448235109e-64,1.6689927432905896e-45,posthoc_diagnostic_only_does_not_change_orders_or_forecasts
2025-05-21,28,6.8951469053762633,-6.895146905374788,342.28601347919812,300.82642919928429,1.441351978171325e-65,1.1696821921463063e-44,posthoc_diagnostic_only_does_not_change_orders_or_forecasts
2025-05-22,28,4.1318532195391455,-4.1318532195395097,338.62475596152649,313.70436525523417,2.6540412946077946e-65,3.2263934589965544e-46,posthoc_diagnostic_only_does_not_change_orders_or_forecasts
2025-05-23,28,-0.26586728549669453,0.26586728549619648,338.31341795410435,308.204713764178,2.0467384707920812e-62,5.2955527254708517e-44,posthoc_diagnostic_only_does_not_change_orders_or_forecasts
2025-05-24,28,-1.8118538038209224,1.8118538038218319,335.86368351388325,306.86993308284718,1.3448907349321467e-64,5.761507252643892e-45,posthoc_diagnostic_only_does_not_change_orders_or_forecasts
2025-05-25,28,-9.3132556552163166,9.3132556552172616,324.84242822147183,299.31855972980316,1.468300013931618e-64,7.5263450267061195e-52,posthoc_diagnostic_only_does_not_change_orders_or_forecasts
2025-05-26,28,-10.908092934695059,10.908092934695784,321.36473983151382,294.84317550398475,6.6187218135933162e-65,5.6285728757724216e-49,posthoc_diagnostic_only_does_not_change_orders_or_forecasts
2025-05-27,28,-14.198308628317385,14.19830862831626,312.98610184275105,300.10948383970384,3.9878022669453274e-65,1.1582585781283679e-47,posthoc_diagnostic_only_does_not_change_orders_or_forecasts
2025-05-28,28,-10.965001959446349,10.965001959448994,300.89537670010094,301.72125325224732,1.1679109751821688e-62,6.1815886708800566e-48,posthoc_diagnostic_only_does_not_change_orders_or_forecasts
2025-05-29,28,-8.8973002871520332,8.8973002871515927,288.26112251746719,314.74154158738668,1.2090936392963436e-64,4.452163259903957e-47,posthoc_diagnostic_only_does_not_change_orders_or_forecasts
2025-05-30,28,-9.6933991700128779,9.6933991700129738,274.67224543907463,320.29805350747415,3.2672461190211914e-68,7.5382034088337706e-48,posthoc_diagnostic_only_does_not_change_orders_or_forecasts
2025-05-31,28,-0.95926991676367468,0.95926991676437801,275.03625987542227,320.24831779113185,6.0041422383533588e-68,7.4190908448901998e-46,posthoc_diagnostic_only_does_not_change_orders_or_forecasts
2025-06-01,28,-11.165921085577724,11.165921085578139,288.46283360064757,312.64352817824033,1.4845074777495258e-68,1.8785556440102261e-46,posthoc_diagnostic_only_does_not_change_orders_or_forecasts
2025-06-02,28,-18.771279347806637,18.771279347808882,288.72457746854741,369.22530840248146,1.4969785764643917e-70,2.5448547796418703e-51,posthoc_diagnostic_only_does_not_change_orders_or_forecasts
2025-06-03,28,-9.1708313424667658,9.1708313424673875,309.31299009552419,379.03983808183858,1.2374183093375249e-71,4.1609596679949761e-50,posthoc_diagnostic_only_does_not_change_orders_or_forecasts
2025-06-04,28,-15.920447492445268,15.920447492445485,310.71258932712817,382.80345277596433,5.2552766044015177e-70,2.7892684864852142e-54,posthoc_diagnostic_only_does_not_change_orders_or_forecasts
2025-06-05,28,-14.758634307943968,14.758634307942595,322.8756188568691,388.29592608099932,1.0732424781827482e-70,1.7367781853480248e-55,posthoc_diagnostic_only_does_not_change_orders_or_forecasts
2025-06-06,28,-14.738135281928249,14.738135281928111,328.06797261400419,391.77647791612202,1.4142875572622446e-69,2.4499711032428522e-55,posthoc_diagnostic_only_does_not_change_orders_or_forecasts
2025-06-07,28,-17.273715865535863,17.273715865537067,337.10870593826866,413.34911923723769,2.1920471493611287e-70,2.0205367563714037e-56,posthoc_diagnostic_only_does_not_change_orders_or_forecasts
2025-06-08,28,-13.096211768585572,13.096211768583204,341.72637511552006,407.24686821834331,8.4023914446813012e-72,2.0036025519339642e-54,posthoc_diagnostic_only_does_not_change_orders_or_forecasts
2025-06-09,28,4.8734033532422663,-4.8734033532418399,341.65074082391482,405.00948813167167,4.2054232365748825e-71,3.2182885128223327e-50,posthoc_diagnostic_only_does_not_change_orders_or_forecasts
2025-06-10,28,1.3241472106726813,-1.3241472106703931,335.97173179532166,399.04858929407436,1.3140184340171932e-71,3.2723429342619187e-48,posthoc_diagnostic_only_does_not_change_orders_or_forecasts
2025-06-11,28,14.810000642748873,-14.81000064274764,345.71895218299443,383.16825252569197,6.1117022318490325e-69,2.4750890035821594e-46,posthoc_diagnostic_only_does_not_change_orders_or_forecasts
2025-06-12,28,19.078887170062576,-19.078887170060863,359.43482690152229,368.23007997946559,4.6079298536116145e-69,2.4021285634365239e-46,posthoc_diagnostic_only_does_not_change_orders_or_forecasts
2025-06-13,28,23.356222645101369,-23.356222645100811,358.6681177923378,357.69236411222033,1.2460034046882497e-68,1.8566540032142171e-45,posthoc_diagnostic_only_does_not_change_orders_or_forecasts
2025-06-14,28,37.592991308301123,-37.592991308299794,374.27986590590382,341.78646740381004,2.4253053538557119e-67,1.5117421211852666e-40,posthoc_diagnostic_only_does_not_change_orders_or_forecasts
2025-06-15,28,45.705884267696753,-45.705884267695467,349.43869520467939,343.28181726413629,7.8964058535033168e-68,1.0600354307703797e-39,posthoc_diagnostic_only_does_not_change_orders_or_forecasts
2025-06-16,28,29.603481904377841,-29.603481904378572,350.31206562625135,329.85186822967302,1.340526653232982e-68,8.9836914155079575e-39,posthoc_diagnostic_only_does_not_change_orders_or_forecasts
2025-06-17,28,25.70287261763244,-25.702872617633314,358.64509259048958,322.6909659158909,2.9390449981432923e-67,1.3407362758569656e-38,posthoc_diagnostic_only_does_not_change_orders_or_forecasts
2025-06-18,28,18.94418537589684,-18.944185375895348,340.19234356023702,326.89350151553015,1.0229317121947828e-65,3.4597309882490359e-38,posthoc_diagnostic_only_does_not_change_orders_or_forecasts
2025-06-19,28,16.043825780915252,-16.043825780917317,341.00728073736491,332.56090463982667,5.7709607075024603e-66,5.8836713079301054e-37,posthoc_diagnostic_only_does_not_change_orders_or_forecasts
2025-06-20,28,12.555592019321232,-12.555592019320983,349.21774952131597,359.89353950874329,2.6398323893114208e-65,2.555519835265372e-36,posthoc_diagnostic_only_does_not_change_orders_or_forecasts
2025-06-21,28,-6.0047026355299717,6.0047026355298714,375.9875137987645,347.15508269540919,9.8873187516655613e-64,1.502464219396733e-35,posthoc_diagnostic_only_does_not_change_orders_or_forecasts
2025-06-22,28,-18.39350906911184,18.393509069110554,404.65573051024427,355.54040418440343,2.3972204361036415e-65,7.0133685805431425e-38,posthoc_diagnostic_only_does_not_change_orders_or_forecasts
2025-06-23,28,2.2258656444224787,-2.2258656444238865,408.67145074886719,345.86827778726655,3.0063917054786408e-64,3.1942995478647707e-37,posthoc_diagnostic_only_does_not_change_orders_or_forecasts
2025-06-24,28,2.0854020831787254,-2.0854020831799955,414.35647294115012,349.99090283784761,6.017047249585475e-66,4.0667264505306811e-40,posthoc_diagnostic_only_does_not_change_orders_or_forecasts
2025-06-25,28,-2.550063117173349,2.5500631171738974,401.39684218940914,350.41369591505406,3.7142053581870612e-67,4.1120260310267835e-44,posthoc_diagnostic_only_does_not_change_orders_or_forecasts
2025-06-26,28,-13.994055411262158,13.994055411262872,397.86947698938661,334.83593413099049,4.9933927459748744e-66,1.5067260679249752e-38,posthoc_diagnostic_only_does_not_change_orders_or_forecasts
2025-06-27,28,-13.20044485223722,13.20044485223651,388.8941618646935,336.41749453324928,2.8117035905108052e-67,4.9587433189958472e-40,posthoc_diagnostic_only_does_not_change_orders_or_forecasts
2025-06-28,28,-14.564821588756635,14.564821588757427,362.45151353953344,326.97672765723956,6.9882709498334333e-67,1.0543443384926991e-41,posthoc_diagnostic_only_does_not_change_orders_or_forecasts
2025-06-29,28,-9.0799496822245533,9.0799496822244858,336.61414759962497,325.40120743474455,4.0836420585201904e-66,1.1973870096381112e-41,posthoc_diagnostic_only_does_not_change_orders_or_forecasts
2025-06-30,28,-9.2869442489323291,9.2869442489315759,326.10262747603821,330.93313717011767,4.3451437630249536e-65,1.8455688506268224e-39,posthoc_diagnostic_only_does_not_change_orders_or_forecasts
2025-07-01,28,-13.611334229780448,13.6113342297808,312.50721151493474,333.25138598885292,1.3182146751855636e-63,1.6415496631280019e-42,posthoc_diagnostic_only_does_not_change_orders_or_forecasts
2025-07-02,28,-19.320185638975097,19.320185638975317,316.44241044708662,320.21645642282851,4.2629835114606796e-63,3.6486726811923087e-41,posthoc_diagnostic_only_does_not_change_orders_or_forecasts
2025-07-03,28,-12.711794133541108,12.711794133542904,315.33851314642254,348.17925681358753,1.2728318059742303e-63,7.5558976319932198e-42,posthoc_diagnostic_only_does_not_change_orders_or_forecasts
2025-07-04,28,-3.9926045796272422,3.9926045796270904,315.95368069352975,340.25639946664148,3.0759676008429389e-64,6.182696519400697e-44,posthoc_diagnostic_only_does_not_change_orders_or_forecasts
2025-07-05,28,1.8890850635544119,-1.8890850635525747,316.17905307401975,358.99836951314973,2.9631929100798003e-66,4.9828423246125213e-42,posthoc_diagnostic_only_does_not_change_orders_or_forecasts
2025-07-06,28,15.534952501087437,-15.534952501087306,324.59961358432821,359.76229368592908,1.1012442734691575e-66,1.6474230332908694e-48,posthoc_diagnostic_only_does_not_change_orders_or_forecasts
2025-07-07,28,23.244983659432471,-23.244983659430883,295.2271418083925,352.22934427723249,1.218802999366007e-65,1.5916288414778898e-50,posthoc_diagnostic_only_does_not_change_orders_or_forecasts
2025-07-08,28,32.440263626700506,-32.440263626699249,286.71809421575944,351.40107192797672,8.3862942571187069e-65,1.7972792738283457e-50,posthoc_diagnostic_only_does_not_change_orders_or_forecasts
2025-07-09,28,10.993921799462518,-10.993921799463582,319.38546203277286,325.55176436410284,2.4228248054838304e-65,3.8617308283575666e-50,posthoc_diagnostic_only_does_not_change_orders_or_forecasts
2025-07-10,28,0.4617684320407664,-0.4617684320408999,330.86581753700824,314.19686173233714,1.5089907588378682e-64,8.9110420459916633e-52,posthoc_diagnostic_only_does_not_change_orders_or_forecasts
2025-07-11,28,0.67426166172212076,-0.6742616617235283,333.78861933925214,307.8912332954061,1.399740877038854e-63,2.5550123127218596e-49,posthoc_diagnostic_only_does_not_change_orders_or_forecasts
2025-07-12,28,-4.1906927441449051,4.1906927441455952,321.2416324771653,330.50848921356561,4.9110690895068936e-64,1.3171870480814115e-46,posthoc_diagnostic_only_does_not_change_orders_or_forecasts
2025-07-13,28,-9.7168905032228352,9.7168905032219843,323.67803603011686,324.85333103458424,4.4640012006288947e-65,4.0266616841985749e-48,posthoc_diagnostic_only_does_not_change_orders_or_forecasts
2025-07-14,28,-16.97677588101584,16.976775881016255,336.57571023949561,317.04574043768935,3.2423946969721655e-64,6.4544206139536806e-46,posthoc_diagnostic_only_does_not_change_orders_or_forecasts
2025-07-15,28,-31.993942646874508,31.993942646875279,349.66305711656292,300.81182310597075,1.7610816634006172e-64,8.130623914670605e-46,posthoc_diagnostic_only_does_not_change_orders_or_forecasts
2025-07-16,28,-33.124606020786103,33.12460602078535,340.51095041693867,318.03529144274762,4.1534093967452795e-64,2.3241255843337882e-46,posthoc_diagnostic_only_does_not_change_orders_or_forecasts
2025-07-17,28,-16.109221191651383,16.109221191651169,353.85802310695851,306.44739703685434,4.3758236454167682e-63,1.3141469694640937e-46,posthoc_diagnostic_only_does_not_change_orders_or_forecasts
2025-07-18,28,-18.717130889459451,18.717130889460165,343.70380021598976,308.4090021941501,3.0616085231708175e-65,2.078820297960582e-47,posthoc_diagnostic_only_does_not_change_orders_or_forecasts
2025-07-19,28,-10.591999753950846,10.591999753949578,353.98110852527458,321.65962463609424,1.3032545618349385e-65,1.6597686213505883e-46,posthoc_diagnostic_only_does_not_change_orders_or_forecasts
2025-07-20,28,3.5039715756184986,-3.503971575618984,344.23759466617469,316.23881697647613,1.5639608730302645e-64,6.7878850644436351e-48,posthoc_diagnostic_only_does_not_change_orders_or_forecasts
2025-07-21,28,-2.9617875746591653,2.9617875746585338,343.62808908164993,313.04402881711576,1.2052455589733285e-64,2.8841624253337708e-49,posthoc_diagnostic_only_does_not_change_orders_or_forecasts
2025-07-22,28,8.0874353865367148,-8.0874353865358728,345.82384213194968,317.75775892384803,3.4224683425477844e-62,1.2005555503032394e-50,posthoc_diagnostic_only_does_not_change_orders_or_forecasts
2025-07-23,28,4.8893071318708667,-4.8893071318710906,336.99402317468389,308.66550412665578,1.3381055022056527e-60,1.362151646824008e-53,posthoc_diagnostic_only_does_not_change_orders_or_forecasts
2025-07-24,28,5.586065836758598,-5.5860658367610263,325.77642656180376,306.37570302201857,2.8895174861158583e-60,2.4375776165220653e-54,posthoc_diagnostic_only_does_not_change_orders_or_forecasts
2025-07-25,28,10.741611696490876,-10.741611696490436,329.76683681508695,307.42928856280793,2.1248969960942434e-63,3.2867977756375234e-56,posthoc_diagnostic_only_does_not_change_orders_or_forecasts
2025-07-26,28,-0.20442483197355557,0.20442483197381181,341.46780208453299,296.24984987519088,2.775404758049891e-63,8.2197649031619122e-58,posthoc_diagnostic_only_does_not_change_orders_or_forecasts
2025-07-27,28,-7.6361374884569786,7.6361374884562618,336.30059852104972,297.77923106975362,2.6735859129005161e-62,1.7973207704934028e-54,posthoc_diagnostic_only_does_not_change_orders_or_forecasts
2025-07-28,28,1.366233468224725,-1.3662334682256743,333.70266092563111,275.96127125932901,6.3510838895810389e-62,1.0786388273878609e-52,posthoc_diagnostic_only_does_not_change_orders_or_forecasts
2025-07-29,28,1.4771734050512402,-1.4771734050520899,305.43294075408232,281.07237311155671,3.6896173522364045e-62,2.5434129454640224e-56,posthoc_diagnostic_only_does_not_change_orders_or_forecasts
2025-07-30,28,0.38456800407417785,-0.38456800407254288,311.3474625692308,273.02650675719747,5.6724753645719063e-64,1.6051074199774375e-56,posthoc_diagnostic_only_does_not_change_orders_or_forecasts
2025-07-31,28,9.6647867786829682,-9.6647867786833661,314.12814151457962,273.37959743838218,1.8437505712016922e-66,7.2822117553916359e-58,posthoc_diagnostic_only_does_not_change_orders_or_forecasts
2025-08-01,28,9.0266410980249585,-9.0266410980235623,302.06774827098661,270.24639403174797,2.0105820177031039e-64,3.8430609898013814e-56,posthoc_diagnostic_only_does_not_change_orders_or_forecasts
2025-08-02,28,5.1363286750753243,-5.1363286750754584,305.40118459471347,290.10926048788019,3.5727697062983898e-64,4.2308302537632929e-59,posthoc_diagnostic_only_does_not_change_orders_or_forecasts
2025-08-03,28,14.85259508808095,-14.852595088080847,306.28959702668425,305.75378560606413,9.8153100261746484e-63,8.5035118382118653e-58,posthoc_diagnostic_only_does_not_change_orders_or_forecasts
2025-08-04,28,20.268452435428998,-20.268452435429008,289.92992198325243,346.72806213072283,7.193588228338728e-62,9.3638092321360826e-56,posthoc_diagnostic_only_does_not_change_orders_or_forecasts
2025-08-05,28,20.840503385732045,-20.84050338573255,296.07860847471289,354.28999380133104,3.3045114029471683e-62,2.5020212607792545e-54,posthoc_diagnostic_only_does_not_change_orders_or_forecasts
2025-08-06,28,21.39111577283095,-21.391115772832116,296.74288666005356,351.52228627397528,6.1026142644142442e-62,1.0384461014210263e-55,posthoc_diagnostic_only_does_not_change_orders_or_forecasts
2025-08-07,28,18.475562693341054,-18.47556269334083,299.12017546024077,354.9516995994253,2.9433095828602861e-62,1.7211522062799807e-54,posthoc_diagnostic_only_does_not_change_orders_or_forecasts
2025-08-08,28,19.525670526131744,-19.525670526131631,307.12272984162098,351.01151225255944,5.459371721567608e-65,3.6573706074258457e-52,posthoc_diagnostic_only_does_not_change_orders_or_forecasts
2025-08-09,28,17.836718684000314,-17.836718683999816,302.76114311482229,365.02839131782548,1.1591575993292879e-68,3.1442432082860107e-54,posthoc_diagnostic_only_does_not_change_orders_or_forecasts
2025-08-10,28,10.046088979892305,-10.046088979893703,310.06179125711401,361.86115642553625,1.0745270931374737e-67,1.5104674813474655e-53,posthoc_diagnostic_only_does_not_change_orders_or_forecasts
2025-08-11,28,5.4142326186726084,-5.4142326186712664,292.58709634988048,355.82397539623611,1.0605656272260704e-66,1.3697597203932861e-52,posthoc_diagnostic_only_does_not_change_orders_or_forecasts
2025-08-12,28,-12.36894013567859,12.368940135678482,313.02056831632325,328.16930512251082,8.1083198538289826e-65,6.2168537251900221e-51,posthoc_diagnostic_only_does_not_change_orders_or_forecasts
2025-08-13,28,-28.720736536662869,28.720736536660553,320.25891924071226,314.19455350952541,1.7652062686902109e-65,4.8270093667281566e-56,posthoc_diagnostic_only_does_not_change_orders_or_forecasts
2025-08-14,28,-37.006964855056921,37.006964855056928,312.888934496378,309.3929929462999,1.5788353155489271e-68,2.2026922155338489e-55,posthoc_diagnostic_only_does_not_change_orders_or_forecasts
2025-08-15,28,-51.807551316189624,51.807551316191116,311.92973489186141,301.85287548847077,1.1192792435977967e-68,1.2896366777598706e-56,posthoc_diagnostic_only_does_not_change_orders_or_forecasts
2025-08-16,28,-42.896739205942012,42.896739205941287,316.68777060091327,296.7131472252936,6.8499746870679907e-66,3.2873087668952472e-56,posthoc_diagnostic_only_does_not_change_orders_or_forecasts
2025-08-17,28,-33.720081740768087,33.720081740766474,310.37730483079599,300.18168252173245,8.6706333938961689e-66,4.4754417016020012e-52,posthoc_diagnostic_only_does_not_change_orders_or_forecasts
2025-08-18,28,-13.135609333715809,13.135609333714074,326.1334757681438,284.78555458417628,1.668291104273668e-65,2.202151548376831e-50,posthoc_diagnostic_only_does_not_change_orders_or_forecasts
2025-08-19,28,-2.7684434556471178,2.7684434556484967,328.72770773723255,282.57481035533954,2.2496834952879907e-66,1.8326117982610585e-49,posthoc_diagnostic_only_does_not_change_orders_or_forecasts
2025-08-20,28,2.6400054824525219,-2.6400054824523846,328.32576699742231,283.31768314878644,2.4189085741114638e-68,4.8240914085657048e-51,posthoc_diagnostic_only_does_not_change_orders_or_forecasts
2025-08-21,28,-5.6937954114618625,5.6937954114628448,338.13645228996933,314.76392704690181,3.367678001075257e-68,1.8147533804151326e-51,posthoc_diagnostic_only_does_not_change_orders_or_forecasts
2025-08-22,28,3.7762325969537964,-3.7762325969533883,343.48088144575075,311.33085263569853,3.8324276252159134e-65,8.2752631172663025e-50,posthoc_diagnostic_only_does_not_change_orders_or_forecasts
2025-08-23,28,17.572800740448361,-17.572800740449289,364.16766266665167,295.20581554930692,4.4896661849305345e-65,7.852269397309437e-52,posthoc_diagnostic_only_does_not_change_orders_or_forecasts
2025-08-24,28,17.900453622312146,-17.900453622313162,369.44270367599546,297.94841509687944,1.0975504830116502e-64,7.817489326381977e-52,posthoc_diagnostic_only_does_not_change_orders_or_forecasts
2025-08-25,28,19.934035627080476,-19.934035627078377,369.20624124281863,297.49496267767091,1.0564986933535621e-66,1.712289435297318e-52,posthoc_diagnostic_only_does_not_change_orders_or_forecasts
2025-08-26,28,14.246479616873005,-14.2464796168729,352.99389000357104,306.07169755962201,1.6993962737142359e-65,9.4857016398951963e-51,posthoc_diagnostic_only_does_not_change_orders_or_forecasts
2025-08-27,28,4.1455992308066154,-4.1455992308062939,325.21036908572034,298.28428075689135,3.2750273352859591e-64,1.511979348603259e-49,posthoc_diagnostic_only_does_not_change_orders_or_forecasts
2025-08-28,28,-2.6550183562709635,2.655018356271833,309.02723482170154,296.83728017160649,3.1096794271783983e-62,4.0945667306116255e-47,posthoc_diagnostic_only_does_not_change_orders_or_forecasts
2025-08-29,28,-13.656113916158024,13.65611391615872,266.63638552117385,308.53182871875561,7.5034577166306324e-62,8.816205757944103e-42,posthoc_diagnostic_only_does_not_change_orders_or_forecasts
2025-08-30,28,-7.9434972761760596,7.9434972761755631,268.82090244079728,304.04465262192684,8.7408419543403686e-63,3.3812074448835804e-43,posthoc_diagnostic_only_does_not_change_orders_or_forecasts
2025-08-31,28,2.4818615178438495,-2.4818615178449264,270.92264843473947,313.35975133255999,2.8206339177492537e-63,2.4234928102322422e-45,posthoc_diagnostic_only_does_not_change_orders_or_forecasts
2025-09-01,28,11.059892090773014,-11.0598920907722,275.95978762389257,307.08524320612889,4.2270935990406774e-66,3.8756483179279987e-50,posthoc_diagnostic_only_does_not_change_orders_or_forecasts
2025-09-02,28,17.079270540074418,-17.07927054007757,282.1106576997596,307.64787532809908,8.1438233608493898e-69,2.4852491614903993e-53,posthoc_diagnostic_only_does_not_change_orders_or_forecasts
2025-09-03,28,21.670294893459094,-21.67029489345795,278.20886880745314,308.99335877999249,5.816051007599466e-69,1.9987273555825078e-53,posthoc_diagnostic_only_does_not_change_orders_or_forecasts
2025-09-04,28,3.785991214374953,-3.7859912143738272,279.91395109400958,292.89385333810924,9.8450691969466352e-69,8.3164527443062115e-52,posthoc_diagnostic_only_does_not_change_orders_or_forecasts
2025-09-05,28,5.2651841315217007,-5.2651841315232017,281.07000823436749,296.14585560418573,3.7244885134515017e-66,1.2907432984381543e-47,posthoc_diagnostic_only_does_not_change_orders_or_forecasts
2025-09-06,28,10.264364390510105,-10.264364390510323,274.62142694937228,297.71762249756688,2.6143625556775088e-63,3.3612603720830372e-47,posthoc_diagnostic_only_does_not_change_orders_or_forecasts
2025-09-07,28,6.9028839336525483,-6.9028839336543504,277.99224413494903,306.67324885403929,5.5979464653053244e-64,6.0690739466113721e-52,posthoc_diagnostic_only_does_not_change_orders_or_forecasts
2025-09-08,28,14.822346873178144,-14.822346873175926,285.95068474253219,297.77568991482855,1.9912171906424548e-64,4.4354255330135126e-53,posthoc_diagnostic_only_does_not_change_orders_or_forecasts
2025-09-09,28,-1.0238912270976708,1.0238912270957292,296.15212554786046,295.80105342880654,7.6888601227161541e-68,3.5356207259281132e-52,posthoc_diagnostic_only_does_not_change_orders_or_forecasts
2025-09-10,28,1.4065544185255094,-1.4065544185246865,289.6722503548753,303.69770052086483,1.0599018078920506e-66,1.7122255324435009e-51,posthoc_diagnostic_only_does_not_change_orders_or_forecasts
2025-09-11,28,-8.9272619382172991,8.927261938217649,288.77666872478329,316.46290008448409,4.7624712803269118e-66,6.2666281803310694e-49,posthoc_diagnostic_only_does_not_change_orders_or_forecasts
2025-09-12,28,-19.304624289424876,19.3046242894243,308.65755177677534,301.49800572352751,3.4154464551513261e-65,9.2925956216328281e-51,posthoc_diagnostic_only_does_not_change_orders_or_forecasts
2025-09-13,28,-23.064443368975613,23.064443368975141,306.47667266467562,299.55333539138633,1.7118319391457369e-67,2.4712934024239021e-57,posthoc_diagnostic_only_does_not_change_orders_or_forecasts
2025-09-14,28,-9.0271127512335205,9.0271127512327212,313.67058756648731,298.79510938801775,3.0495119559448681e-66,8.5842452870237025e-57,posthoc_diagnostic_only_does_not_change_orders_or_forecasts
2025-09-15,28,-10.099080574470134,10.099080574470024,305.71279571085711,305.36852846884648,3.1652978206873109e-66,1.4661049464886163e-57,posthoc_diagnostic_only_does_not_change_orders_or_forecasts
2025-09-16,28,-4.2074654829188534,4.2074654829167946,306.45971801185885,304.55148213599063,4.1584015785774845e-65,3.1843438429298918e-60,posthoc_diagnostic_only_does_not_change_orders_or_forecasts
2025-09-17,28,-0.51087790629722507,0.51087790629882213,305.46533726306666,307.64034945120824,3.9600336858622865e-66,7.6974153897324658e-62,posthoc_diagnostic_only_does_not_change_orders_or_forecasts
2025-09-18,28,-6.5837405247475598,6.5837405247462168,292.46059098768148,309.53870180956829,5.4298834267686997e-67,1.9920765175076443e-60,posthoc_diagnostic_only_does_not_change_orders_or_forecasts
2025-09-19,28,-3.8890834200938169,3.8890834200929509,296.93696158947273,302.70311238854413,8.1315477796761582e-66,2.7944546398066943e-52,posthoc_diagnostic_only_does_not_change_orders_or_forecasts
2025-09-20,28,1.8293540015351035,-1.8293540015353831,301.9743598702928,302.81066333915936,5.3478059278459092e-66,3.2611179693945753e-48,posthoc_diagnostic_only_does_not_change_orders_or_forecasts
2025-09-21,28,7.1288131977019455,-7.1288131977050746,312.09241512449609,291.34184187547646,1.7132322751474548e-63,4.9198645025008218e-44,posthoc_diagnostic_only_does_not_change_orders_or_forecasts
2025-09-22,28,12.190294833731398,-12.190294833731578,301.48761199238925,297.1709005754779,9.0437034109259633e-63,1.4264592000116567e-47,posthoc_diagnostic_only_does_not_change_orders_or_forecasts
2025-09-23,28,-0.29759213061764073,0.29759213061932255,298.23071449603611,284.34074645938909,2.0779039169341323e-63,5.4300138297195331e-48,posthoc_diagnostic_only_does_not_change_orders_or_forecasts
2025-09-24,28,8.6937977842793703,-8.6937977842787522,307.52491677667382,273.89679930716005,4.7759843508037891e-63,8.3763602080061699e-48,posthoc_diagnostic_only_does_not_change_orders_or_forecasts
2025-09-25,28,-6.4937186092480994,6.4937186092495987,315.58346469627639,258.25928952984668,4.8025900820926524e-63,8.1690107323283731e-47,posthoc_diagnostic_only_does_not_change_orders_or_forecasts
2025-09-26,28,-0.59605065626368059,0.5960506562630743,300.99434094815439,244.50287112843449,1.362769951015119e-64,4.833540024034779e-51,posthoc_diagnostic_only_does_not_change_orders_or_forecasts
2025-09-27,28,-4.2257355217765804,4.2257355217748103,295.23544144285148,250.09853553866748,7.9949097660958364e-64,2.0666335109637316e-52,posthoc_diagnostic_only_does_not_change_orders_or_forecasts
2025-09-28,28,7.3379161598743083,-7.3379161598738207,302.589157775834,240.70073596487615,6.230458128077787e-63,5.7912352165324068e-53,posthoc_diagnostic_only_does_not_change_orders_or_forecasts
2025-09-29,28,-0.70977024399412758,0.70977024399244615,304.2729818357634,235.9264757388429,6.5744933765007221e-63,4.5674886180744417e-53,posthoc_diagnostic_only_does_not_change_orders_or_forecasts
2025-09-30,28,8.1390341080845126,-8.1390341080860615,311.15985666498466,213.99875291292463,2.8292800607357853e-60,6.6266177613622472e-53,posthoc_diagnostic_only_does_not_change_orders_or_forecasts
2025-10-01,28,6.4505325921252492,-6.4505325921246088,309.35944851299098,216.95641346520532,5.2765462153065713e-60,4.6049128362924724e-52,posthoc_diagnostic_only_does_not_change_orders_or_forecasts
2025-10-02,28,9.281284696906301,-9.2812846969067255,306.42069190259917,292.47120486692819,8.1787861090348892e-62,2.14089079587111e-53,posthoc_diagnostic_only_does_not_change_orders_or_forecasts
2025-10-03,28,14.134228307650934,-14.134228307649293,301.94244495611611,317.25877950727931,1.5304877861384219e-63,1.5226091298975571e-54,posthoc_diagnostic_only_does_not_change_orders_or_forecasts
2025-10-04,28,11.103505479287284,-11.103505479288948,302.51325021766513,322.47395931281841,3.4138752128359135e-68,7.048808226798269e-56,posthoc_diagnostic_only_does_not_change_orders_or_forecasts
2025-10-05,28,7.1825229382103233,-7.1825229382107638,293.8216903517536,314.03101925608632,2.0505002860987937e-68,9.877216019846946e-59,posthoc_diagnostic_only_does_not_change_orders_or_forecasts
2025-10-06,28,13.762359662072454,-13.762359662073973,296.53703526712445,311.07010686724732,6.3721723049408913e-68,8.151538249955922e-55,posthoc_diagnostic_only_does_not_change_orders_or_forecasts
2025-10-07,28,9.9806716190300762,-9.980671619032206,287.43087183024056,312.35076133107452,1.3130384240366091e-63,2.701005949774852e-52,posthoc_diagnostic_only_does_not_change_orders_or_forecasts
2025-10-08,28,6.4676307512360927,-6.4676307512352373,277.73822618981546,303.92003065876997,8.0867418473251359e-67,5.0543732140988575e-60,posthoc_diagnostic_only_does_not_change_orders_or_forecasts
2025-10-09,28,1.1896507134616001,-1.1896507134625494,267.34849983127936,308.01085093319125,5.5106814640275198e-64,3.4497038386278595e-58,posthoc_diagnostic_only_does_not_change_orders_or_forecasts
2025-10-10,28,3.0713551697016741,-3.0713551697008299,257.38666331144884,307.55962950381803,3.2196770195745962e-64,9.3889857076476341e-57,posthoc_diagnostic_only_does_not_change_orders_or_forecasts
2025-10-11,28,-6.8758265663659079,6.8758265663665599,274.90939968657432,297.38981297758949,4.1191771916427493e-65,3.0175485238165805e-59,posthoc_diagnostic_only_does_not_change_orders_or_forecasts
2025-10-12,28,-12.896658837563113,12.896658837563193,259.1162862021759,288.75346799581536,7.9210436573369495e-63,6.4364079161955502e-54,posthoc_diagnostic_only_does_not_change_orders_or_forecasts
2025-10-13,28,-25.005556713885134,25.005556713883863,265.53712582634387,283.49838653777994,7.6158825090125176e-63,6.4774947221276594e-56,posthoc_diagnostic_only_does_not_change_orders_or_forecasts
2025-10-14,28,-27.762504063196868,27.762504063199007,235.92164485988502,284.41319196913446,2.7298245310158278e-61,1.0150041103507529e-56,posthoc_diagnostic_only_does_not_change_orders_or_forecasts
2025-10-15,28,-43.242427339631114,43.242427339630844,244.23185587216696,274.02410831944024,8.6466144215051082e-57,6.1703459622922529e-56,posthoc_diagnostic_only_does_not_change_orders_or_forecasts
2025-10-16,28,-24.375720177823645,24.375720177822664,286.9266297734535,248.88350706704387,1.5620881284653464e-57,1.0228184660632902e-57,posthoc_diagnostic_only_does_not_change_orders_or_forecasts
2025-10-17,28,-10.446424877626033,10.446424877624542,301.13081403656332,248.04155569655347,5.6832317424090428e-57,9.2050132856956436e-63,posthoc_diagnostic_only_does_not_change_orders_or_forecasts
2025-10-18,28,-2.1469571888366792,2.1469571888369106,312.25412539647687,240.6276878581707,9.7357584828392052e-57,1.3223465973319011e-61,posthoc_diagnostic_only_does_not_change_orders_or_forecasts
2025-10-19,28,-6.2657940530225567,6.2657940530211524,307.92361376356598,245.66596759947436,2.5028630831664036e-59,4.6090306096134909e-65,posthoc_diagnostic_only_does_not_change_orders_or_forecasts
2025-10-20,28,2.2889778660825564,-2.2889778660840001,310.18828676784506,247.83091256194294,2.210283688091176e-58,2.5021897848329499e-67,posthoc_diagnostic_only_does_not_change_orders_or_forecasts
2025-10-21,28,2.0836281041042568,-2.0836281041042857,314.43587278467152,255.76462200331346,1.3782619953033801e-57,1.1488099126034337e-68,posthoc_diagnostic_only_does_not_change_orders_or_forecasts
2025-10-22,28,-1.3905881253792056,1.3905881253797396,316.22040349874425,264.65595011717909,1.3294137704805749e-57,9.021480910583804e-71,posthoc_diagnostic_only_does_not_change_orders_or_forecasts
2025-10-23,28,1.5710646941253641,-1.5710646941262447,322.97411930609024,263.22203378562506,9.848467192357194e-57,1.4722176272886767e-74,posthoc_diagnostic_only_does_not_change_orders_or_forecasts
2025-10-24,28,9.4047995147987287,-9.4047995147981922,332.49626262045098,251.6909532808935,1.0442419021031711e-56,1.6132209108943419e-81,posthoc_diagnostic_only_does_not_change_orders_or_forecasts
2025-10-25,28,19.150617014879614,-19.150617014879689,332.32282945730208,218.8551074865741,2.3402369487346123e-56,9.1664494698674645e-83,posthoc_diagnostic_only_does_not_change_orders_or_forecasts
2025-10-26,28,14.076321859356973,-14.076321859356236,318.53152527832577,215.44500462254723,2.9222669943221533e-57,2.281432768845496e-83,posthoc_diagnostic_only_does_not_change_orders_or_forecasts
2025-10-27,28,13.50541987950095,-13.505419879498413,297.66398546498112,209.59388884623715,1.173886490031647e-56,6.2709218373534462e-84,posthoc_diagnostic_only_does_not_change_orders_or_forecasts
2025-10-28,28,20.015904746273645,-20.015904746275087,285.23287660553098,218.65394309047957,1.0495684174176735e-57,4.6027415247349605e-86,posthoc_diagnostic_only_does_not_change_orders_or_forecasts
2025-10-29,28,12.919753966546169,-12.91975396654404,234.10700654260904,223.6786776592505,1.6502697622042972e-56,2.7353751955399636e-83,posthoc_diagnostic_only_does_not_change_orders_or_forecasts
2025-10-30,28,8.8784344612338622,-8.8784344612335815,216.80620461143195,225.52316892764122,2.0333727644452697e-55,3.4966793983296446e-85,posthoc_diagnostic_only_does_not_change_orders_or_forecasts
2025-10-31,28,6.7280455380374633,-6.7280455380393311,220.66698453779807,222.73804525908872,2.1110778094865384e-53,8.570318909251678e-83,posthoc_diagnostic_only_does_not_change_orders_or_forecasts
2025-11-01,28,5.8567875955955042,-5.8567875955938353,217.1747281264411,225.55838524490909,5.7990394403255006e-51,2.1329040704162495e-84,posthoc_diagnostic_only_does_not_change_orders_or_forecasts
2025-11-02,28,3.8669149178307252,-3.8669149178300803,212.63663183249639,222.67062680834167,1.1769524220266755e-51,1.3981103159366087e-89,posthoc_diagnostic_only_does_not_change_orders_or_forecasts
2025-11-03,28,1.7539701935437804,-1.7539701935434429,217.70547841746426,218.65997881144955,7.1109414304878176e-52,6.8895989984669076e-98,posthoc_diagnostic_only_does_not_change_orders_or_forecasts
2025-11-04,28,-2.7925837388066856,2.7925837388071963,220.33418862286513,219.79366138078737,2.1974080022184123e-52,3.5235093415455106e-95,posthoc_diagnostic_only_does_not_change_orders_or_forecasts
2025-11-05,28,-11.237971146758417,11.237971146757925,229.03660273400436,217.36464326926856,1.4184262152654849e-52,2.1380127502689587e-96,posthoc_diagnostic_only_does_not_change_orders_or_forecasts
2025-11-06,28,-15.862132951165457,15.862132951165288,234.22555885041996,207.41372301215739,3.1839986935017395e-53,1.0505991023793577e-101,posthoc_diagnostic_only_does_not_change_orders_or_forecasts
2025-11-07,28,-13.875501906150237,13.875501906151623,232.73032100043736,209.7309848704914,1.1964819402374796e-52,6.6324887632442164e-113,posthoc_diagnostic_only_does_not_change_orders_or_forecasts
2025-11-08,28,-6.9626793317164113,6.9626793317168012,212.74618633190872,219.60277325862614,2.1634324451324266e-53,4.1407204458221457e-121,posthoc_diagnostic_only_does_not_change_orders_or_forecasts
2025-11-09,28,-5.8344609729572081,5.8344609729600485,211.05568399987661,216.7426832833485,8.7362750771280613e-54,1.2086556924082556e-138,posthoc_diagnostic_only_does_not_change_orders_or_forecasts
2025-11-10,28,-2.3928603428355095,2.3928603428358777,207.74241330602868,216.20518299137933,6.5139734549473286e-54,3.6394767118985791e-144,posthoc_diagnostic_only_does_not_change_orders_or_forecasts
2025-11-11,28,7.0096984822782771,-7.0096984822769519,217.61425323296794,195.76327981310862,2.713300433324101e-54,1.5174076320650071e-151,posthoc_diagnostic_only_does_not_change_orders_or_forecasts
2025-11-12,28,9.372465964869571,-9.3724659648698694,216.72616273285487,193.21204898346096,1.7613623733330126e-57,1.1163558202085114e-159,posthoc_diagnostic_only_does_not_change_orders_or_forecasts
2025-11-13,28,2.6665530091422047,-2.6665530091421972,220.11355221241391,190.59455112715526,2.0917681703405709e-59,3.4156096864743196e-162,posthoc_diagnostic_only_does_not_change_orders_or_forecasts
2025-11-14,28,7.2016189400865178,-7.2016189400871902,222.00606534973846,192.5845730124594,1.4430971051621049e-57,5.5634788737476081e-164,posthoc_diagnostic_only_does_not_change_orders_or_forecasts
2025-11-15,28,0.62433177673612195,-0.62433177673632345,224.81890636601111,188.75129928468147,2.8859318451296368e-56,1.0621073726361273e-158,posthoc_diagnostic_only_does_not_change_orders_or_forecasts
2025-11-16,28,0.42751401722020299,-0.42751401721954341,220.9358372168073,187.56601771323076,1.7054675875778751e-56,4.2954788229528497e-165,posthoc_diagnostic_only_does_not_change_orders_or_forecasts
2025-11-17,28,-0.53536241892204939,0.53536241892286507,219.5161304151932,187.86990698670252,3.2360130772305809e-57,2.4269516741983096e-179,posthoc_diagnostic_only_does_not_change_orders_or_forecasts
2025-11-18,28,-2.1838401051041938,2.1838401051042471,219.4905301412889,185.3394354676611,1.2649435906358302e-57,8.8759753251319441e-177,posthoc_diagnostic_only_does_not_change_orders_or_forecasts
2025-11-19,28,-0.79083371667632185,0.79083371667567648,214.30297037156294,185.29682225616386,3.9431526032869414e-59,7.2040089579982361e-166,posthoc_diagnostic_only_does_not_change_orders_or_forecasts
2025-11-20,28,-2.6049259075160096,2.6049259075141626,201.75759029682285,186.7742883204136,4.0013087497454441e-61,5.4704957596412041e-175,posthoc_diagnostic_only_does_not_change_orders_or_forecasts
2025-11-21,28,-6.5419260713151797,6.5419260713161487,206.45042934898979,182.35816065257077,1.7027677307423941e-59,6.0824524873531074e-180,posthoc_diagnostic_only_does_not_change_orders_or_forecasts
2025-11-22,28,-1.2137764843676424,1.2137764843692855,219.96767808941752,166.99024874320142,4.3654408024838199e-62,3.0851185012039796e-177,posthoc_diagnostic_only_does_not_change_orders_or_forecasts
2025-11-23,28,2.4453976734303908,-2.4453976734303229,219.4480964351167,164.254481831254,9.981869473022981e-62,4.6516041695809899e-166,posthoc_diagnostic_only_does_not_change_orders_or_forecasts
2025-11-24,28,2.9984706593719737,-2.9984706593713728,216.68221515642563,173.12631264437144,4.3800688720655388e-61,5.2139484333464927e-168,posthoc_diagnostic_only_does_not_change_orders_or_forecasts
2025-11-25,28,1.3030096811093888,-1.3030096811098606,198.38235405499663,178.32816595387646,5.7402250424707197e-60,1.5111664483767892e-168,posthoc_diagnostic_only_does_not_change_orders_or_forecasts
2025-11-26,28,2.9796282994703556,-2.9796282994709462,194.26823138162703,177.33322833715783,1.7830918857803301e-60,2.1204661527566067e-176,posthoc_diagnostic_only_does_not_change_orders_or_forecasts
2025-11-27,28,3.4563906853856468,-3.4563906853858088,192.9515545461532,172.68464430924408,8.768635215161144e-59,3.4625057142335125e-186,posthoc_diagnostic_only_does_not_change_orders_or_forecasts
2025-11-28,28,5.3262938047906472,-5.3262938047910087,191.07548953340694,169.09324293854823,8.8005555993234103e-58,3.5003698719738381e-189,posthoc_diagnostic_only_does_not_change_orders_or_forecasts
2025-11-29,28,1.5948315447846986,-1.5948315447844239,187.94563051187112,168.23295749430304,8.5401962335390762e-58,1.0293946603247039e-185,posthoc_diagnostic_only_does_not_change_orders_or_forecasts
2025-11-30,28,-2.1701673851678018,2.1701673851684466,183.96054412235637,182.80366568953198,9.5424509044595202e-57,9.0121387590545746e-172,posthoc_diagnostic_only_does_not_change_orders_or_forecasts
2025-12-01,28,-4.9240601301117835,4.9240601301129487,182.79016438376257,182.26807220542446,2.8215464964568317e-57,2.2170261538348009e-155,posthoc_diagnostic_only_does_not_change_orders_or_forecasts
2025-12-02,28,-3.7463218586220077,3.7463218586217497,180.16214948895222,184.0366138034255,4.3065785082959014e-58,1.2342512991563234e-172,posthoc_diagnostic_only_does_not_change_orders_or_forecasts
2025-12-03,28,-6.3206251386591905,6.3206251386590981,180.21394249475949,185.02706626907505,4.456097163703456e-55,4.7891757370548152e-176,posthoc_diagnostic_only_does_not_change_orders_or_forecasts
2025-12-04,28,-8.0193658696741572,8.0193658696729226,180.22152296419173,186.06159651406728,1.1706255077227364e-53,1.9577134654356155e-178,posthoc_diagnostic_only_does_not_change_orders_or_forecasts
2025-12-05,28,-8.0017399860846457,8.0017399860855498,178.10347375808615,183.65490761053573,1.6852128654254868e-53,8.2130459293689881e-171,posthoc_diagnostic_only_does_not_change_orders_or_forecasts
2025-12-06,28,-5.0665128836637559,5.0665128836640561,165.89371485904329,185.89585719088183,1.4844793159416916e-52,2.1003331153230289e-167,posthoc_diagnostic_only_does_not_change_orders_or_forecasts
2025-12-07,28,-4.4184752805956853,4.4184752805955734,163.18657096397186,187.5922330868255,5.4520638938784924e-53,4.5161292306214565e-157,posthoc_diagnostic_only_does_not_change_orders_or_forecasts
2025-12-08,28,-1.475831414970711,1.4758314149706713,174.61654870921342,177.53289154994042,4.1801417787745813e-52,7.4902712451511358e-159,posthoc_diagnostic_only_does_not_change_orders_or_forecasts
2025-12-09,28,4.4873468270576602,-4.4873468270573591,181.46323468343348,170.30685806528075,1.9480911933283748e-52,3.2254231429650051e-169,posthoc_diagnostic_only_does_not_change_orders_or_forecasts
2025-12-10,28,6.8974625440502777,-6.8974625440509989,182.1653619494239,173.69498100971433,8.1010004718303558e-52,2.493347356227712e-165,posthoc_diagnostic_only_does_not_change_orders_or_forecasts
2025-12-11,28,8.1925912024316165,-8.1925912024321548,177.33460945937273,175.36294595874858,1.7829684066696826e-50,4.5594380468091498e-167,posthoc_diagnostic_only_does_not_change_orders_or_forecasts
2025-12-12,28,12.947314605877635,-12.94731460587702,172.81894846502794,178.98655336020332,4.9952519232767059e-50,8.4609766094742326e-170,posthoc_diagnostic_only_does_not_change_orders_or_forecasts
2025-12-13,28,15.658939028560566,-15.658939028560994,172.92513673290665,179.32323281853712,3.3501038654477167e-50,2.1023044242030902e-165,posthoc_diagnostic_only_does_not_change_orders_or_forecasts
2025-12-14,28,7.8226195640369092,-7.8226195640376863,182.57082644335,171.78072124133257,2.086758797998406e-51,1.8550335380056159e-159,posthoc_diagnostic_only_does_not_change_orders_or_forecasts
2025-12-15,28,3.2504974393383379,-3.2504974393390391,181.64474168656614,170.25171553312688,4.576104739976215e-50,1.6130452337440843e-168,posthoc_diagnostic_only_does_not_change_orders_or_forecasts
2025-12-16,28,3.5741347062684072,-3.5741347062685507,184.09173797099186,166.76319291295704,5.9729109797214566e-50,8.220595427551502e-163,posthoc_diagnostic_only_does_not_change_orders_or_forecasts
2025-12-17,28,-2.3143879003032635,2.3143879003032941,185.37849415818124,162.03359994007872,8.535116990253023e-49,3.3306411464052737e-165,posthoc_diagnostic_only_does_not_change_orders_or_forecasts
2025-12-18,28,-4.2732121980292117,4.2732121980296309,188.74254517346438,160.93077849100396,1.0976118540655618e-48,1.8558154440973728e-163,posthoc_diagnostic_only_does_not_change_orders_or_forecasts
2025-12-19,28,-1.2482347169117698,1.2482347169121686,188.04628191712729,174.27094189852463,8.5092346426774737e-50,2.3691874386209116e-170,posthoc_diagnostic_only_does_not_change_orders_or_forecasts
2025-12-20,28,-1.0267896582766456,1.0267896582754619,189.83373484468214,173.20847966763012,9.5601693029283439e-50,3.1447527984832252e-168,posthoc_diagnostic_only_does_not_change_orders_or_forecasts
2025-12-21,28,-5.4056327288564381,5.4056327288558279,195.70685427730163,169.96417746286681,9.4428016517296373e-49,1.2557609054755452e-154,posthoc_diagnostic_only_does_not_change_orders_or_forecasts
2025-12-22,28,-4.0896854135441556,4.0896854135436671,186.58282683949835,169.09311720136799,2.8415685664755241e-49,9.3319823427038802e-157,posthoc_diagnostic_only_does_not_change_orders_or_forecasts
2025-12-23,28,-2.8172424936602072,2.8172424936605283,178.58280256126946,163.25561569551562,2.8197287918089209e-51,4.6502865562001021e-163,posthoc_diagnostic_only_does_not_change_orders_or_forecasts
2025-12-24,28,0.66081141646086161,-0.66081141646005226,179.15318640598019,160.42407566874999,2.4050793068072959e-51,4.890638383271858e-161,posthoc_diagnostic_only_does_not_change_orders_or_forecasts
2025-12-25,28,0.10584731961865773,-0.10584731961856751,181.67477427507217,160.81245540801009,7.8452048944564162e-50,8.9018427974053834e-155,posthoc_diagnostic_only_does_not_change_orders_or_forecasts
2025-12-26,28,6.1086654814608927,-6.1086654814608998,175.57155163598006,157.18638251519559,1.5734865748775251e-51,2.2046498422525073e-161,posthoc_diagnostic_only_does_not_change_orders_or_forecasts
2025-12-27,28,3.8486979952609683,-3.8486979952608662,168.96653378957495,152.92766667303945,1.7487901030629592e-52,4.0857961589199849e-175,posthoc_diagnostic_only_does_not_change_orders_or_forecasts
2025-12-28,28,-0.6716052423608565,0.67160524236089447,170.5475932847209,149.27592966409827,3.5843691932898869e-53,1.0850696606212735e-185,posthoc_diagnostic_only_does_not_change_orders_or_forecasts
2025-12-29,28,-1.225769412728096,1.2257694127283676,171.5492782002419,152.11148111914332,6.2916091455089296e-51,1.5648499346404922e-193,posthoc_diagnostic_only_does_not_change_orders_or_forecasts
2025-12-30,28,-3.6596686830380349,3.6596686830379292,168.30007420570226,148.75660048582296,4.6033207618270982e-49,7.1796912782285558e-170,posthoc_diagnostic_only_does_not_change_orders_or_forecasts
2025-12-31,28,-5.5514002413310193,5.5514002413320576,168.7368644388236,152.67747484740619,3.5580931199043741e-48,3.1256921622543436e-159,posthoc_diagnostic_only_does_not_change_orders_or_forecasts
