origin,step,mean_scenario_soc_kwh,scenario_soc_Q10_kwh,scenario_soc_Q90_kwh
2025-02-01,0,8985.7076218609127,8964.1308974590847,9012.6756247698486
2025-02-01,1,9722.8584910260342,9689.0434357295198,9762.6756247698486
2025-02-01,2,9728.8243737882258,9696.1583792066322,9763.9882154495135
2025-02-01,3,9736.8309313735044,9675.7678048423513,9797.9097816280591
2025-02-01,4,9746.2071502257259,9675.8076300915982,9840.7524279250156
2025-02-01,5,9757.2166282811759,9633.234543246368,9861.9323436687828
2025-02-01,6,9755.1683628361043,9623.3770358566726,9877.8524368555918
2025-02-01,7,9750.604721488553,9622.6465843398692,9890.6785952685477
2025-02-01,8,9778.3488930107123,9642.422588754971,9878.9511491219891
2025-02-01,9,9775.7163755858164,9654.3068092265949,9890.130529676544
2025-02-01,10,9769.0284728007227,9638.7196288055366,9904.9855823648431
2025-02-01,11,9797.1615347898878,9638.2524318341257,9949.3246889291531
2025-02-01,12,9811.1731433984787,9647.3266069045585,9969.4224887041219
2025-02-01,13,9787.9436324812978,9601.530290690127,9956.8835070241475
2025-02-01,14,9794.3233499735998,9578.3741858422727,9958.1753547414773
2025-02-01,15,9784.4547080760567,9584.7153459612127,9960.6219315579874
2025-02-01,16,9769.1918322319889,9595.1924562868844,9952.7388158007452
2025-02-01,17,9772.5026481512577,9551.1536002499633,9964.4928239434357
2025-02-01,18,9771.5284869188545,9534.426128463936,9977.999000059639
2025-02-01,19,9781.5603563280929,9534.479645704836,9977.8975008537636
2025-02-01,20,9802.252877273213,9527.569780388174,9990.6618444588858
2025-02-01,21,9824.7240410821778,9534.1414673674208,10022.664242887295
2025-02-01,22,9835.0154536602749,9560.5573940288887,10014.141844783431
2025-02-01,23,9838.7905383785037,9608.8883498022296,9987.3381712098562
2025-02-01,24,9842.0103533978836,9639.1640009197563,9995.9654027432698
2025-02-01,25,9847.3045404221775,9633.1988653939188,9971.184632338056
2025-02-01,26,9850.7531787987482,9602.8104438201572,9982.0553574547303
2025-02-01,27,9871.0787090127214,9603.8670925437636,10021.568784125759
2025-02-01,28,9900.4840489247908,9635.7409190513008,10049.731177292517
2025-02-01,29,9908.9328370913699,9654.9819611815183,10044.581654426593
2025-02-01,30,9916.5871217857984,9654.8594202389031,10073.066906463508
2025-02-01,31,9918.7819726572743,9640.6999935958247,10094.008703364965
2025-02-01,32,9933.7989067696835,9684.0753594777416,10085.880732854181
2025-02-01,33,10660.22873936537,10422.238663158241,10800
2025-02-01,34,10436.135185604697,10214.729278975226,10587.648747456074
2025-02-01,35,9832.7607220000791,9642.1053788378649,9984.4003936887311
2025-02-01,36,9220.1666943950295,9009.1344252670515,9358.3763175640415
2025-02-01,37,8613.2536293764206,8405.0714359661688,8798.6939060614586
2025-02-01,38,7999.080099322221,7811.2922588681558,8178.2862071449827
2025-02-01,39,7387.2404999273813,7186.4980723952931,7584.2986100763528
2025-02-01,40,6700.8811490881199,6500.2117239814352,6875.4925345219845
2025-02-01,41,6040.6919008701861,5852.2881400120341,6243.4550090019138
2025-02-01,42,5449.4968494672676,5269.6410313931638,5638.1012572153732
2025-02-01,43,4896.9465495127151,4698.3347548017036,5077.7136645746805
2025-02-01,44,4392.4087204635443,4156.1451726829846,4620.7621022137573
2025-02-01,45,3932.5128698753583,3627.6734563064788,4234.1257909486521
2025-02-01,46,3551.1773846915653,3218.5199876563056,3892.7291095549167
2025-02-01,47,3208.1000088265673,2807.1019548200511,3605.1310757495226
2025-02-01,48,2914.0824566544779,2447.6567193180754,3333.6262703813559
2025-02-01,49,2688.0358296630825,2232.5000128067427,3120.7742525083254
2025-02-01,50,2515.4868390479714,1997.1146034953961,2992.0056391590911
2025-02-01,51,2398.764668669437,1822.9622452348242,2929.565909851181
2025-02-01,52,2312.7895223476544,1669.2446248879978,2874.7630514019274
2025-02-01,53,2224.320642685766,1488.7004895821019,2797.2931682254898
2025-02-01,54,2166.7871660729716,1415.8524744587435,2789.502578556655
2025-02-01,55,2163.3520493023575,1401.6791942378593,2819.520294968183
2025-02-01,56,2221.9089979188898,1368.3664486080868,2916.1439301022638
2025-02-01,57,2302.3582202344064,1379.326379161552,3027.2177030397675
2025-02-01,58,2396.1626625682225,1468.5129733027338,3141.7858946577007
2025-02-01,59,2536.2856280944065,1628.6242479505543,3301.8971693055209
2025-02-01,60,2728.6423063091424,1828.5378710286609,3518.9586096736862
2025-02-01,61,2959.321169179153,2030.3632340676113,3784.1113143275657
2025-02-01,62,3214.0214580339389,2244.2410709629867,4098.4713498795927
2025-02-01,63,3467.0829291014261,2488.5878745697901,4410.8754699960273
2025-02-01,64,3734.1456403290344,2755.1976085304013,4714.3792483536163
2025-02-01,65,4017.4630632073749,3037.7861361740925,5017.9780458108744
2025-02-01,66,4324.3706076374474,3359.3436933630396,5323.9916550942407
2025-02-01,67,4637.50856746301,3698.0134370782084,5699.6380674898428
2025-02-01,68,4953.1444805301062,4001.4947858142696,6104.9426810539589
2025-02-01,69,5267.2008582582457,4222.7395501218753,6466.8488541592997
2025-02-01,70,5600.3545082634828,4536.7273450878465,6800.6328375213479
2025-02-01,71,6335.7533462278434,5286.7273450878465,7550.6328375213479
2025-02-01,72,7070.0842056700112,6036.7273450878465,8300.6328375213488
2025-02-01,73,7510.5024998254348,6535.7094178385842,8828.114910261289
2025-02-01,74,8243.9864377782269,7272.3749939373965,9578.114910261289
2025-02-01,75,8976.847194904627,7921.9666005524459,10328.114910261289
2025-02-01,76,9264.5786577199633,8091.6902408166743,10683.995080520717
2025-02-01,77,9501.7651775507511,8254.8525125857759,10800
2025-02-01,78,9726.5367656950311,8463.7803258248987,10800
2025-02-01,79,9931.7878013904156,8709.3770783937871,10800
2025-02-01,80,10107.538530497884,8947.4873527954587,10800
2025-02-01,81,10242.982198019174,9200.2722168294131,10800
2025-02-01,82,10357.069223710356,9435.4559376480538,10800
2025-02-01,83,10451.31879754619,9637.4301869959054,10800
2025-02-01,84,10526.000350731891,9794.1394509324527,10800
2025-02-01,85,10568.78078170056,9912.9314354233538,10800
2025-02-01,86,10603.991207539626,10012.449053714645,10800
2025-02-01,87,10628.565033503901,10114.66693906426,10800
2025-02-01,88,10638.588698690621,10180.146652947746,10800
2025-02-01,89,10635.614107486252,10181.32667318403,10800
2025-02-01,90,10635.588954066565,10182.535363095047,10800
2025-02-01,91,10624.278550338522,10170.384180913195,10800
2025-02-01,92,10623.522379030632,10155.81121937681,10800
2025-02-01,93,10617.556019101961,10156.46553944402,10800
2025-02-01,94,10607.174504960569,10150.493831311334,10800
2025-02-01,95,10589.581379234109,10116.96659253128,10800
2025-02-01,96,10583.835661798375,10098.18164412485,10800
2025-02-01,97,10600.986008541406,10127.380614895457,10800
2025-02-01,98,10615.208023383317,10164.108583477211,10800
2025-02-01,99,10624.250172903923,10181.924684484533,10800
2025-02-01,100,10631.142887633781,10187.482836060739,10800
2025-02-01,101,10643.31955018263,10192.850897522141,10800
2025-02-01,102,10652.881960071765,10211.011197078731,10800
2025-02-01,103,10644.848270448274,10212.493809130594,10800
2025-02-01,104,10650.580738637715,10204.662036353497,10800
2025-02-01,105,10661.118234651416,10208.407280805599,10800
2025-02-01,106,10663.406138914561,10223.581091036231,10800
2025-02-01,107,10146.942534823891,9711.1751805257645,10320.202244196153
2025-02-01,108,9627.2690489270262,9187.0841824869858,9817.8759862472907
2025-02-01,109,9111.0156767917561,8655.860531204271,9310.9101360053173
2025-02-01,110,8602.7369162462255,8140.6864443731502,8790.5958344870469
2025-02-01,111,8087.3794110161098,7584.1336493504887,8270.2889038498724
2025-02-01,112,7552.3611138531014,7001.6028435276412,7755.0128996441417
2025-02-01,113,7019.9441539980953,6455.9813855734783,7265.7515762037765
2025-02-01,114,6514.4305333352086,5950.12961074747,6764.1462124820891
2025-02-01,115,6013.2770915491192,5451.56972710014,6248.7409816085574
2025-02-01,116,5506.2819660183241,4959.0677313720353,5752.5976349799494
2025-02-01,117,4993.5257799031042,4418.4152154487583,5257.9566258412187
2025-02-01,118,4477.8533996184451,3887.0745248569874,4752.8628387916842
2025-02-01,119,3961.4995961495979,3388.7566777971338,4282.6058594568249
2025-02-01,120,3443.548515085819,2863.9461515878329,3791.3272351875376
2025-02-01,121,2924.4259434107489,2336.7994125464338,3285.9544493742897
2025-02-01,122,2409.4698174242849,1841.4257094952895,2784.9481699724856
2025-02-01,123,1916.4121623509827,1321.2812150969439,2278.20851501778
2025-02-01,124,1504.8289661639394,1200,1825.7181498048867
2025-02-01,125,1502.1575072305989,1203.1093363861346,1809.7377968274291
2025-02-01,126,1495.2834391835661,1206.0658635824939,1806.5544862520587
2025-02-01,127,1497.7917940284483,1214.3944247602976,1804.4661038768347
2025-02-01,128,1510.7089940972021,1207.2473042094778,1810.9970691911999
2025-02-01,129,1487.2652032487715,1202.2964916640876,1784.4052080236893
2025-02-01,130,1488.3350566098859,1230.025192944232,1797.348534322183
2025-02-01,131,2226.1048795013235,1904.1088007150111,2547.3485343221828
2025-02-01,132,2958.3162233972434,2640.0963815308696,3297.3485343221828
2025-02-01,133,2972.68592530558,2655.3817070938039,3302.4918515477971
2025-02-01,134,3710.667566497516,3383.5477327912176,4052.4918515477971
2025-02-01,135,4452.7613697060206,4126.326685644146,4800.2439161508055
2025-02-01,136,5164.914435996222,4838.4709717336136,5532.4601711408231
2025-02-01,137,5878.3397017271391,5543.5328286339018,6267.3695023520231
2025-02-01,138,6021.6557856763366,5652.4249389398628,6410.4739943321283
2025-02-01,139,6767.9098137583896,6392.7823445586291,7160.4739943321283
2025-02-01,140,7503.2809426710292,7142.7823445586291,7910.4739943321283
2025-02-01,141,8213.5678722519569,7885.9513205995027,8608.7607302642882
2025-02-01,142,8220.9624345965804,7909.7786763082349,8602.5073652345964
2025-02-01,143,8237.7808569688423,7923.3406936492493,8620.0548887934438
2025-02-01,144,8971.5426749988092,8658.9145615638317,9370.0548887934438
2025-02-01,145,9714.2903246755177,9408.8792212172666,10120.054888793444
2025-02-01,146,9723.9577926583479,9416.4717643233616,10133.772982159686
2025-02-01,147,9729.6070594751873,9435.2838143639674,10124.702404871019
2025-02-01,148,9771.0842960970112,9476.341955640919,10151.514222676453
2025-02-01,149,9784.5969228015438,9456.0352139618826,10168.635856257815
2025-02-01,150,9819.9232033326916,9507.8338617344707,10204.806019203988
2025-02-01,151,9853.522654910048,9527.1302821796835,10236.322212468333
2025-02-01,152,9859.0797082670706,9498.5361165874547,10246.160094792276
2025-02-01,153,9868.1548910737074,9506.9921436036293,10254.9743748494
2025-02-01,154,9892.2986228458522,9521.754580537563,10277.324136199766
2025-02-01,155,9931.5046793442525,9521.754580537563,10319.671128456379
2025-02-01,156,9913.3107707403469,9501.2983252049798,10290.418323067615
2025-02-01,157,9930.6584062575857,9486.9013969684693,10289.156608703805
2025-02-01,158,9950.5410510966394,9481.8567652451748,10311.391467917376
2025-02-01,159,9971.472295000638,9493.0314413959877,10358.636876736333
2025-02-01,160,9983.0596516861278,9530.6944767225141,10383.737231618976
2025-02-01,161,10017.404262564018,9584.8780948724961,10401.483539163713
2025-02-01,162,10031.465679532552,9612.5772921011012,10443.210818932617
2025-02-01,163,10041.770979895164,9636.0742804502643,10444.466479236771
2025-02-01,164,10061.249238580178,9670.806179103809,10442.030585921049
2025-02-01,165,10075.513013624857,9719.3591796999517,10465.23183492637
2025-02-01,166,10066.186099068858,9711.5292388759535,10465.017741849002
2025-02-01,167,10043.98697892637,9686.9454248532365,10419.695120873761
2025-02-01,168,10014.121281488959,9657.4835762723887,10386.6624990653
2025-02-01,169,10027.362470734302,9695.1097086820137,10407.712747603502
2025-02-01,170,10059.54600840282,9729.553844459484,10441.361481669393
2025-02-01,171,10069.226139563856,9758.1961821791847,10442.296177860278
2025-02-01,172,10067.802582731043,9741.5318401536188,10462.3951118696
2025-02-01,173,10061.568027424566,9723.3135263310232,10511.211642988843
2025-02-01,174,10069.455105245099,9745.9695672141952,10535.112959047432
2025-02-01,175,10070.670032196558,9750.1357755159133,10527.359284897233
2025-02-01,176,10093.022380046081,9755.4366130528251,10521.838569789859
2025-02-01,177,10673.700335204749,10480.115183773119,10800
2025-02-01,178,10695.975668620222,10539.548282681002,10800
2025-02-01,179,10648.46489752961,10502.725754922587,10763.792948933373
2025-02-01,180,9754.8331610107434,9578.1464539188855,9874.2546145668766
2025-02-01,181,9761.9307038571314,9543.4533169816441,9886.1228303511325
2025-02-01,182,9757.6350733308082,9511.8626490748047,9909.2700244566859
2025-02-01,183,9746.0778857574878,9503.3094841707716,9919.8711922230086
2025-02-01,184,9735.4358137412128,9485.6883060737418,9892.2072035284345
2025-02-01,185,9739.8863176132691,9482.8029550827541,9925.0618141565174
2025-02-01,186,9777.8923149911898,9499.8824590618879,9981.6646649434169
2025-02-01,187,9805.1010787972373,9487.7289036575858,10004.183966790273
2025-02-01,188,9917.6726223880069,9599.591937941128,10112.820269225154
2025-02-01,189,10608.164650518886,10333.028637913651,10800
2025-02-01,190,10598.533610469849,10309.504207705839,10800
2025-02-01,191,9748.6511814064215,9450.3365305447824,10001.905196408108
2025-02-01,192,8911.1893979410142,8524.4106046188572,9197.3157965329865
2025-02-01,193,8083.6063765856579,7598.4846786929311,8377.2040655294804
2025-02-01,194,7303.149294983873,6711.8930371699671,7590.9157536016501
2025-02-01,195,6581.371034793734,5932.1490396320969,6925.4972919584852
2025-02-01,196,5915.1996187499481,5192.250833603548,6300.2434748084215
2025-02-01,197,5298.7045437571433,4489.7238048192585,5746.0892213149318
2025-02-01,198,4733.0384496927963,3896.0163940027178,5195.7692651590887
2025-02-01,199,4237.0440601289065,3376.3334515825409,4751.7090834725223
2025-02-01,200,3806.1402131417613,2900.209307339077,4388.3765476416211
2025-02-01,201,3757.643990490049,2800.1747517555382,4417.2063872713616
2025-02-01,202,3396.7348774860347,2426.8103921823677,4133.2511735389635
2025-02-01,203,3092.967637987103,2150.2496503820644,3866.5408062871898
2025-02-01,204,2843.037301000938,1889.0252111448244,3672.0721362992526
2025-02-01,205,2640.6970544746277,1631.5225550608584,3554.7371519629746
2025-02-01,206,2600.5594784322684,1536.731845553335,3570.9812999128526
2025-02-01,207,2436.7209254606032,1346.5553809273072,3481.2122605689888
2025-02-01,208,2470.8266190076451,1387.3764024880229,3548.6226203540264
2025-02-01,209,3190.0100356664279,2106.0691923685836,4298.6226203540264
2025-02-01,210,3916.6613520205369,2844.2949829194795,5048.6226203540264
2025-02-01,211,4644.4507519132367,3464.0401804474886,5764.014778760019
2025-02-01,212,5387.720291392533,4184.084580919307,6514.014778760019
2025-02-01,213,6098.7502412062813,4921.2830366631451,7259.5699968911222
2025-02-01,214,6802.9514144655986,5615.2725003843143,8009.5699968911222
2025-02-01,215,7538.2099742465443,6355.1185210032245,8759.5699968911213
2025-02-01,216,8278.9248525475596,7105.1185210032245,9509.5699968911213
2025-02-01,217,8997.2696122755369,7855.1185210032245,10259.569996891121
2025-02-01,218,9689.1092356754034,8605.1185210032236,10800
2025-02-01,219,10254.508734522147,9355.1185210032236,10800
2025-02-01,220,10447.208245230437,9716.434533697904,10800
2025-02-01,221,10460.499788082643,9801.8465346016037,10800
2025-02-01,222,10462.78777615828,9886.3018381715756,10800
2025-02-01,223,10469.986912280438,9918.4708090410368,10800
2025-02-01,224,10478.984304939049,9939.4517918017427,10800
2025-02-01,225,10486.42088629418,9977.0978428322105,10800
2025-02-01,226,10330.128884509086,9810.5316999199604,10782.261910825244
2025-02-01,227,10134.194489820247,9585.5245787181957,10714.996404633039
2025-02-01,228,9901.6933076251953,9302.3691615383668,10557.846534509257
2025-02-01,229,9628.4024106565994,8962.5301097117572,10348.382810679528
2025-02-01,230,9313.3913510936054,8602.7580198980995,10105.950850419849
2025-02-01,231,8961.216569314096,8255.2709278747589,9837.3276015212068
2025-02-01,232,8555.086805028639,7829.878236107882,9521.6858842667716
2025-02-01,233,9284.3447096033415,8572.7803204026386,10271.685884266772
2025-02-01,234,9984.5605631297421,9298.6345879751607,10800
2025-02-01,235,10450.976934537844,10027.284668803568,10800
2025-02-01,236,10580.748691902776,10339.361777033531,10800
2025-02-01,237,10581.120177843814,10355.361658101512,10800
2025-02-01,238,10582.340921782932,10374.063050009863,10800
2025-02-01,239,10582.416385840215,10375.76914440769,10800
2025-02-01,240,10579.94442894382,10371.746569408133,10800
2025-02-01,241,10573.749211933129,10373.162050232269,10800
2025-02-01,242,10563.999601500731,10364.372529636905,10800
2025-02-01,243,10561.476229033851,10332.18821571383,10800
2025-02-01,244,10566.286774414415,10340.796922003139,10800
2025-02-01,245,10570.364553200758,10351.829102278336,10800
2025-02-01,246,10567.73600300074,10334.422650626897,10800
2025-02-01,247,10561.305135427261,10335.593378470567,10800
2025-02-01,248,10571.566956344559,10337.267021516733,10800
2025-02-01,249,10580.673890463226,10340.990844994038,10800
2025-02-01,250,10587.594090471497,10361.947899963341,10800
2025-02-01,251,10578.439631846717,10363.704465688797,10800
2025-02-01,252,10568.454497947483,10351.25114273182,10800
2025-02-01,253,10553.269027739243,10322.84348485318,10800
2025-02-01,254,10542.409635462374,10308.718853403385,10800
2025-02-01,255,10511.872708198318,10243.751629110397,10769.343690820744
2025-02-01,256,10178.950006105413,9865.8753053344026,10456.919380106448
2025-02-01,257,9385.4601129008352,9061.9930452095505,9693.7739132375609
2025-02-01,258,8592.2228292189229,8269.466316684071,8903.2947366695753
2025-02-01,259,7797.8900970390723,7486.2516148731911,8090.5834328787096
2025-02-01,260,6996.5736258429106,6706.0323116597547,7305.90374660828
2025-02-01,261,6191.1051520827859,5880.0850180028938,6519.9082101233444
2025-02-01,262,5386.4766149215775,5059.174184706806,5726.0920251162534
2025-02-01,263,4589.0162233127785,4279.5640475549299,4980.2544056122324
2025-02-01,264,3785.1776618612598,3469.4664385732326,4195.5789198510356
2025-02-01,265,2981.2635715552738,2656.8435626949222,3400.065497119941
2025-02-01,266,2225.2915416627743,1863.9289538288347,2613.0746856898159
2025-02-01,267,1497.5064073735887,1200,1822.1053142538544
2025-02-01,268,1479.4650519309641,1200,1804.7792580846642
2025-02-01,269,1478.4164725321873,1201.4240709719527,1805.2530943635172
2025-02-01,270,1478.8347548897793,1208.1305669061012,1788.6386693182385
2025-02-01,271,1486.8567982521981,1202.5001183416441,1788.6602710548689
2025-02-01,272,1477.8034033402275,1201.7066512621127,1791.2968318672793
2025-02-01,273,1451.9139375048724,1200,1757.8338158523325
2025-02-01,274,1471.5692951896124,1200.7092813148104,1762.9845430278369
2025-02-01,275,2211.2929714570696,1938.563451159574,2512.9845430278369
2025-02-01,276,2945.615106542281,2688.563451159574,3262.9845430278369
2025-02-01,277,2957.0223587265837,2690.7991592267317,3308.2799190536871
2025-02-01,278,3694.7537979221879,3412.0595715840072,4058.2799190536871
2025-02-01,279,4431.2206654861702,4135.8010757410457,4806.4747337232702
2025-02-01,280,5164.2618088260579,4859.7178089753224,5556.4747337232702
2025-02-01,281,5896.2912598997182,5561.0029401530346,6306.4747337232702
2025-02-01,282,6215.5806494344633,5892.8114560844733,6629.0777095996873
2025-02-01,283,6951.7204981357108,6642.8114560844733,7373.327272765242
2025-02-01,284,7680.4543797074739,7374.0282012581674,8123.327272765242
2025-02-01,285,8390.4131532511565,8074.9009241840085,8829.8148493925582
2025-02-01,286,8400.5840023165929,8111.0635079377334,8816.1235326699389
2025-02-01,287,8419.2371276826143,8119.0165490799945,8855.040000627374
2025-02-01,288,9143.4773357840968,8840.2808309607626,9605.040000627374
2025-02-01,289,9883.1680022359815,9588.7255679718528,10355.040000627374
2025-02-01,290,9890.8247909411639,9582.2953176117062,10379.782708242443
2025-02-01,291,9894.3784646697859,9584.4437722810981,10371.528810830625
2025-02-01,292,9910.1408999911437,9562.6625612273601,10367.502796339984
2025-02-01,293,9929.4011783440583,9595.8441912048529,10390.063738627035
2025-02-01,294,9971.4680538561206,9647.1307723016835,10427.007234375968
2025-02-01,295,10009.764241291663,9672.9273489760653,10456.814189009248
2025-02-01,296,10016.653352755233,9679.3393750486885,10464.966732179575
2025-02-01,297,10011.050720472207,9660.9701299951594,10457.33796919182
2025-02-01,298,10022.869616227008,9656.7956556026511,10466.993507037265
2025-02-01,299,10059.589193833683,9679.0561464969433,10505.171360153019
2025-02-01,300,10082.990387071477,9665.723351263623,10518.319816808127
2025-02-01,301,10047.668959812683,9589.7526408175345,10452.676287865768
2025-02-01,302,10043.220557749308,9558.7344190616514,10450.325237132767
2025-02-01,303,10031.860650446242,9555.517063907495,10463.777309354342
2025-02-01,304,10034.852886273697,9581.2285279631815,10472.861203829143
2025-02-01,305,10066.521553791012,9631.9341591530647,10480.951014451864
2025-02-01,306,10073.273031746217,9655.0051305098386,10477.243902081927
2025-02-01,307,10065.277380142097,9668.1036671655311,10475.654912680897
2025-02-01,308,10072.701727022486,9702.798968384006,10463.092389315292
2025-02-01,309,10087.072902173291,9758.0997953361293,10480.398711504366
2025-02-01,310,10081.380050103187,9783.1222819239065,10484.951020108054
2025-02-01,311,10053.899398545776,9749.4432435290219,10464.067191821696
2025-02-01,312,10018.301766996872,9684.3837005788228,10440.631145364012
2025-02-01,313,10029.97129627042,9654.4715223262301,10464.237128749613
2025-02-01,314,10044.859296579349,9659.4342753459023,10476.635142185281
2025-02-01,315,10049.747271889015,9664.2583196035084,10467.960972337911
2025-02-01,316,10056.651190571045,9695.2576292485628,10497.364895596411
2025-02-01,317,10055.403657978,9651.6177332386742,10546.116872313418
2025-02-01,318,10059.741669494038,9652.1334510674424,10565.519422370166
2025-02-01,319,10066.975550078851,9678.5971265987118,10570.29612751784
2025-02-01,320,10087.66082242127,9697.3071953573617,10564.245343222547
2025-02-01,321,10684.87130664096,10376.428478137133,10800
2025-02-01,322,10712.448343086096,10433.156525032453,10800
2025-02-01,323,10677.399798994673,10428.294080391828,10776.269668106052
2025-02-01,324,9778.3109025163976,9568.6176798233209,9875.7061314679086
2025-02-01,325,9785.8721046621486,9586.2861958368721,9886.8620220603789
2025-02-01,326,9765.8564265466521,9577.8338827116258,9894.9852122513112
2025-02-01,327,9742.7049916571814,9527.7537040667394,9889.1533035144712
2025-02-01,328,9732.7231609882383,9470.634425856646,9857.3870580804942
2025-02-01,329,9745.4737706290634,9471.8299962517667,9896.9123956988315
2025-02-01,330,9771.005582675436,9496.819941970838,9948.104541183644
2025-02-01,331,9816.9425911213202,9554.4570005687237,9984.0364457053747
2025-02-01,332,9883.7651726395761,9602.2177811229576,10054.057220179859
2025-02-01,333,10575.365535049839,10268.030648523541,10788.642232741451
2025-02-01,334,10584.16652416589,10268.531693768109,10800
2025-02-01,335,9715.902881328635,9442.0141047224279,9954.4569856212584
2025-02-01,336,8818.3140390903136,8572.5617219043197,9048.5845296113584
2025-02-01,337,8003.2282384410064,7750.6219489829937,8280.1591824598854
2025-02-01,338,7233.4030170829374,6988.522662685371,7573.0153462719509
2025-02-01,339,6520.1731301028858,6233.8207591071759,6901.8468542835571
2025-02-01,340,5863.7245824112579,5533.9434539510148,6253.6538355707235
2025-02-01,341,5252.4179794357415,4924.8836705606991,5606.5564365010423
2025-02-01,342,4682.6025535267499,4324.0730020739966,5071.1503409128172
2025-02-01,343,4184.5271740687122,3740.9496958606505,4623.724529095045
2025-02-01,344,3760.2734657996284,3248.4317763249878,4257.8442903164605
2025-02-01,345,3530.4016546205989,2996.5840483807096,4112.0505179991842
2025-02-01,346,3177.546283956342,2620.7648146977035,3868.2862633311224
2025-02-01,347,2883.827378002487,2279.0314034323005,3689.6785134909578
2025-02-01,348,2640.0341157892749,2019.8216571470616,3509.6009747012736
2025-02-01,349,2439.0437849274995,1824.8402435724895,3362.3628553263497
2025-02-01,350,2267.7057401399306,1626.1569170073553,3280.8550020087687
2025-02-01,351,2108.7229060044124,1408.4596704344378,3188.5103018421346
2025-02-01,352,2100.5021900348329,1355.1611160329671,3199.8913021939775
2025-02-01,353,2817.0381302618139,2025.5307609236843,3940.1796163097488
2025-02-01,354,3534.2777535431296,2676.9629882128702,4658.7742767033424
2025-02-01,355,4248.3162618644137,3358.4081631916183,5361.1364408562085
2025-02-01,356,4984.3940061387075,4096.038757199879,6073.9679263310873
2025-02-01,357,5702.6718971539776,4810.890594937875,6804.9203551745195
2025-02-01,358,6423.0058365520563,5522.8443813090726,7554.9203551745195
2025-02-01,359,7149.5079002233815,6257.8945962469525,8304.9203551745195
2025-02-01,360,7874.9954786642274,6935.7374030412466,9054.9203551745195
2025-02-01,361,8571.8639351676993,7576.5666972961617,9804.9203551745195
2025-02-01,362,9299.1163331470434,8326.5666972961626,10554.920355174519
2025-02-01,363,9922.4026476693125,9076.5666972961626,10800
2025-02-01,364,10444.661887841414,9817.3056462710465,10800
2025-02-01,365,10467.938663278101,9868.1515188331687,10800
2025-02-01,366,10487.569223359767,9921.8210423131368,10800
2025-02-01,367,10503.210471690823,9922.2851258556839,10800
2025-02-01,368,10513.887220330682,9869.491238563427,10800
2025-02-01,369,10509.838482331777,9792.9255778162806,10800
2025-02-01,370,10371.846015138863,9561.985064724222,10799.636545743304
2025-02-01,371,10194.012679527616,9318.9618183780094,10722.365363719899
2025-02-01,372,9983.8813575050699,9070.6766998911626,10590.443283973491
2025-02-01,373,9732.2677189635069,8768.9189325066964,10406.75546191098
2025-02-01,374,9429.579476210014,8361.3262413278444,10175.44745611934
2025-02-01,375,9077.493560235429,7935.9326638759039,9906.5282890968538
2025-02-01,376,8680.5024762018747,7511.5316225908573,9589.7563613651564
2025-02-01,377,9415.0224029116816,8261.5316225908573,10339.756361365156
2025-02-01,378,10104.753352962052,9011.5316225908573,10800
2025-02-01,379,10525.857987960873,9761.5316225908573,10800
2025-02-01,380,10638.332374058225,10099.423122694829,10800
2025-02-01,381,10645.082322331313,10131.111645945528,10800
2025-02-01,382,10650.767674832161,10147.156190906004,10800
2025-02-01,383,10650.733864245793,10178.937655634789,10800
2025-02-01,384,10649.273107024324,10234.480193560083,10800
2025-02-01,385,10641.187348182746,10274.513016754358,10800
2025-02-01,386,10625.567821113629,10281.772217973465,10800
2025-02-01,387,10620.569661077032,10282.651233528779,10800
2025-02-01,388,10624.58458887057,10296.062947638797,10800
2025-02-01,389,10630.032299476543,10333.384718866911,10800
2025-02-01,390,10629.963505089527,10357.043012071705,10800
2025-02-01,391,10620.23363874114,10360.626694309998,10800
2025-02-01,392,10625.984727635427,10360.941327648232,10800
2025-02-01,393,10633.341772285341,10328.013580088587,10800
2025-02-01,394,10630.837303359529,10297.312801890634,10800
2025-02-01,395,10616.278277999842,10273.492072589212,10800
2025-02-01,396,10608.59379079815,10265.208375760245,10800
2025-02-01,397,10609.355553569552,10254.49604229609,10800
2025-02-01,398,10598.817202468714,10233.735265610912,10800
2025-02-01,399,10571.255041678724,10228.277116323841,10800
2025-02-01,400,10232.771155544237,9902.7852499434939,10480.631625539436
2025-02-01,401,9443.0820290625325,9101.5881217346141,9690.3556574152353
2025-02-01,402,8646.7573704951992,8303.6027014832398,8900.8807747540359
2025-02-01,403,7843.8526566113387,7496.9911220351105,8112.2770009503529
2025-02-01,404,7036.7765387810732,6666.5574563110422,7293.7892788412619
2025-02-01,405,6226.6136841943089,5843.8679987488567,6531.9037901984857
2025-02-01,406,5416.1461505937941,5021.0797478211171,5751.4320202323706
2025-02-01,407,4607.4515425241143,4180.466212564379,4941.2330682308793
2025-02-01,408,3801.1494687835652,3349.0392250437744,4137.6137557264765
2025-02-01,409,2996.6884836735981,2521.0879483691106,3336.3348852154563
2025-02-01,410,2190.2829943697075,1686.9623255873348,2539.9413993900243
2025-02-01,411,1466.6968974478773,1200,1741.2049451010832
2025-02-01,412,1444.3559184922187,1200,1726.7273579215612
2025-02-01,413,1445.0119413538407,1206.4146181910289,1723.033456557775
2025-02-01,414,1442.7246241668295,1200.2987134041168,1706.3324558416173
2025-02-01,415,1438.7949512995724,1200,1695.3550350306946
2025-02-01,416,1425.3261942852059,1200.1595647194617,1694.8511927663319
2025-02-01,417,1401.2740311922598,1200,1664.6546499853355
2025-02-01,418,1419.0634634394514,1200,1658.0419605314671
2025-02-01,419,1461.1914895762814,1241.9803141029861,1738.3156067741495
2025-02-01,420,1474.2670446353218,1257.7781117188767,1760.1272251001892
2025-02-01,421,1480.5854757785314,1250.8599169030576,1778.5373749716116
2025-02-01,422,1507.3964818430402,1246.7899931755171,1811.7081047434954
2025-02-01,423,1508.6599443284254,1227.3802949771791,1813.4542284902548
2025-02-01,424,1512.8387003273676,1227.2148433333414,1835.2891450506452
2025-02-01,425,1515.7051657457812,1211.1633517462542,1885.2037477457509
2025-02-01,426,1525.6593743314395,1200,1895.2372957625194
2025-02-01,427,1521.089889549288,1200,1888.8545711852782
2025-02-01,428,1517.5021225801488,1210.6050546467045,1927.1483678810498
2025-02-01,429,1479.1675362541821,1210.2312106794579,1883.8303534093895
2025-02-01,430,1444.3884659806754,1200,1829.4813668341219
2025-02-01,431,1432.2066738289727,1200,1829.4813668341219
2025-03-20,0,8494.9319480981449,8471.772838251336,8517.1314673239722
2025-03-20,1,9199.1820367835517,9164.9820139117001,9246.9527957813189
2025-03-20,2,9211.7981472599677,9165.3070956605934,9263.5428823383736
2025-03-20,3,9234.9431667978115,9193.123184043463,9288.1013091118548
2025-03-20,4,9252.8572814448398,9218.5869942923819,9304.2965307930572
2025-03-20,5,9284.7267235527816,9233.2132084961249,9326.937394171473
2025-03-20,6,9315.1512997768987,9236.3823472293971,9363.8196121995443
2025-03-20,7,9338.2065178931462,9248.3032508067972,9405.1038045508813
2025-03-20,8,9343.2833511579192,9262.4267403011818,9423.0272653256143
2025-03-20,9,9353.1371818185944,9267.8837957520573,9427.8722322629255
2025-03-20,10,9377.7110070538547,9296.9170498675958,9452.6304918082642
2025-03-20,11,9400.9302528217759,9321.6726355330229,9479.5796239414958
2025-03-20,12,9420.5438951252581,9349.5785759398295,9490.1689056968953
2025-03-20,13,9430.7344587425468,9326.80205809584,9501.3730354350919
2025-03-20,14,9447.8555891731594,9342.4385581942333,9539.8243726348428
2025-03-20,15,9470.7054598691884,9368.4544646086015,9581.7251415802129
2025-03-20,16,9493.5365494278376,9375.9183283567381,9614.9702246544566
2025-03-20,17,9508.8508905684903,9386.9620996631438,9641.8294044107406
2025-03-20,18,9517.461847821769,9373.0594227847632,9656.5571678460237
2025-03-20,19,9545.7108738294646,9399.0958919878794,9683.7300994722063
2025-03-20,20,9579.9168962329386,9410.8883914363196,9748.0252761449538
2025-03-20,21,9594.9303704041267,9413.7969224874832,9773.037734323776
2025-03-20,22,9601.8669309446577,9413.6514746127286,9792.281716396923
2025-03-20,23,9609.0745363338301,9411.7479456527271,9809.1989271188831
2025-03-20,24,9597.6890800081783,9404.92305892478,9802.8286205826134
2025-03-20,25,9608.7193866445887,9405.9299193963143,9818.9673475635755
2025-03-20,26,9642.4008849546626,9423.2990246427598,9865.9728398629177
2025-03-20,27,9654.7736630419731,9414.8742856622666,9898.1182840929487
2025-03-20,28,9668.65050171029,9444.579876327025,9934.8594379237475
2025-03-20,29,9675.2226158898684,9438.3539462402096,9960.4449670060803
2025-03-20,30,9697.0229447875627,9439.877141642839,9993.4441901207301
2025-03-20,31,9716.0264015577086,9442.0236287760745,10035.829067415571
2025-03-20,32,9739.7727137801121,9438.0920046512128,10094.616522728547
2025-03-20,33,10437.57221891142,10142.306188937586,10800
2025-03-20,34,10424.452740606375,10139.688266041634,10799.558287373568
2025-03-20,35,9589.6738413672574,9292.277367585888,10006.986052250357
2025-03-20,36,8730.8886017543446,8366.3514416599628,9187.2595213880468
2025-03-20,37,7943.4660023016386,7556.8803641046698,8435.6521659200571
2025-03-20,38,7188.791886116861,6811.5609535219965,7762.1440969243431
2025-03-20,39,6536.8022167567378,6178.1147977639275,7121.8322004998327
2025-03-20,40,5965.9788131008927,5558.8494175156193,6568.8420304637893
2025-03-20,41,5902.1980264289432,5456.954478572341,6561.1637258541623
2025-03-20,42,5855.6795245924732,5420.7314688342112,6543.6258693137579
2025-03-20,43,5862.7401815273279,5407.2618232029527,6598.7730004425966
2025-03-20,44,5903.041313070662,5347.7719880107097,6705.7448646522162
2025-03-20,45,6032.7208471372796,5469.1454989821195,6823.1181686858235
2025-03-20,46,5667.2457544350918,5135.0775250840434,6426.0156478299796
2025-03-20,47,5089.5869261680255,4514.2244812325844,5870.480876807841
2025-03-20,48,4555.9297785828212,3934.6882307492788,5436.264208370415
2025-03-20,49,4128.090399034767,3494.9528104784631,5071.7507811594214
2025-03-20,50,3740.4833771391227,3081.0107805107932,4686.3214035954898
2025-03-20,51,3395.7480428402882,2656.1535159898276,4388.8441996874872
2025-03-20,52,3116.0298057079813,2280.7084162817055,4094.0934073739609
2025-03-20,53,2912.7122741503158,2007.0036526320246,3843.8958569722613
2025-03-20,54,2768.6994772034882,1820.7474588165323,3630.5675120012093
2025-03-20,55,2675.8440015561478,1729.265555967972,3610.40805742065
2025-03-20,56,2610.5994166608684,1708.6911944299873,3610.40805742065
2025-03-20,57,2562.3042886481371,1621.2030132463458,3610.7567524757496
2025-03-20,58,2525.0754618386677,1544.4613514927378,3625.2571061415151
2025-03-20,59,2526.4484903514785,1626.0500996978242,3706.8458543466013
2025-03-20,60,2497.8081265085634,1464.9357540937062,3706.8458543466013
2025-03-20,61,2503.0599284991636,1358.4508750277316,3751.4303258662612
2025-03-20,62,2553.7711123812169,1317.3442061768865,3867.8549450546902
2025-03-20,63,2602.9901463120882,1297.9770605771421,3944.422542165039
2025-03-20,64,2700.7167037475206,1317.7239961205989,4076.021721408239
2025-03-20,65,3438.6887768979882,1990.9376719737124,4826.0217214082386
2025-03-20,66,4176.6270690918118,2696.2689616561138,5576.0217214082386
2025-03-20,67,4921.0499516067703,3446.2689616561138,6326.0217214082386
2025-03-20,68,5643.725182429991,4150.8875907235442,7076.0217214082386
2025-03-20,69,6386.6147277278078,4849.7562595987665,7826.0217214082386
2025-03-20,70,7127.5234975385592,5597.7097618394509,8576.0217214082386
2025-03-20,71,7868.4152816879614,6318.6480404404829,9326.0217214082386
2025-03-20,72,8601.1153807435185,6921.5701017264355,10076.021721408239
2025-03-20,73,9300.0782435556175,7610.6458314152324,10800
2025-03-20,74,9901.9124543661201,8341.8544275411114,10800
2025-03-20,75,10342.390892690404,9080.9976468562163,10800
2025-03-20,76,10527.926777416515,9464.3585862793825,10800
2025-03-20,77,10562.121617183106,9552.8547901250731,10800
2025-03-20,78,10583.103621751879,9676.0280250177748,10800
2025-03-20,79,10599.642523668768,9821.871772577606,10800
2025-03-20,80,10617.815995928047,9964.4231355645188,10800
2025-03-20,81,10635.411810215961,10103.673086424549,10800
2025-03-20,82,10646.645863221598,10182.545286461487,10800
2025-03-20,83,10651.255612646861,10184.874257017969,10800
2025-03-20,84,10649.824017073168,10155.809871085321,10800
2025-03-20,85,10622.236814618609,10025.989672318314,10800
2025-03-20,86,10557.074245656533,9976.026158767203,10800
2025-03-20,87,10469.459135548697,9852.8673570743085,10778.083976666709
2025-03-20,88,10336.632996302293,9616.7525849804479,10710.880690319527
2025-03-20,89,10420.243217931222,9643.749210654385,10800
2025-03-20,90,10653.084308357485,10040.393877381186,10800
2025-03-20,91,10665.717807084382,10047.009206276305,10800
2025-03-20,92,10670.056434613352,10050.703994219513,10800
2025-03-20,93,10673.321178645347,10048.794241601048,10800
2025-03-20,94,10656.439072806883,10049.11950317228,10800
2025-03-20,95,10658.757458346718,10123.60065465429,10800
2025-03-20,96,10658.275850468232,10163.345517320677,10800
2025-03-20,97,10652.403696489049,10166.142651250277,10800
2025-03-20,98,10648.507944514122,10162.176986541941,10800
2025-03-20,99,10661.349410568711,10174.327153125139,10800
2025-03-20,100,10659.213640635615,10157.829913251544,10800
2025-03-20,101,10662.172635720433,10144.790658449579,10800
2025-03-20,102,10665.27252108935,10124.190356551138,10800
2025-03-20,103,10661.165046871922,10099.537730403075,10800
2025-03-20,104,10627.256624999503,10100.950986749029,10791.183057431781
2025-03-20,105,10612.427385523462,10100.125098349694,10800
2025-03-20,106,10589.119939611392,10070.398303202732,10794.709760711497
2025-03-20,107,10564.568398585556,10043.025942033441,10777.618924806236
2025-03-20,108,10534.742324137205,10014.774339054766,10766.929610762698
2025-03-20,109,10526.060082541477,10001.083040801745,10781.027237213155
2025-03-20,110,10528.272202283046,10008.519691809272,10782.821319680255
2025-03-20,111,10533.583273591461,10007.07852675373,10796.069748398873
2025-03-20,112,10207.941176503169,9673.7408590220366,10462.898708231944
2025-03-20,113,9410.6422415510824,8878.0942553468212,9673.1741874388736
2025-03-20,114,8612.4997536606606,8049.2100326087721,8867.6174719441406
2025-03-20,115,7815.8740896923719,7222.779439506251,8084.8688241179334
2025-03-20,116,7018.8495911764367,6404.08492242594,7302.6709623406286
2025-03-20,117,6187.5693206821452,5526.4210583176846,6476.5938912255106
2025-03-20,118,5351.3347345643979,4639.4159555486349,5631.4358270923276
2025-03-20,119,4550.1752532679484,3812.0406368602753,4834.4153888390656
2025-03-20,120,3748.0420963779829,2982.7940730556179,4046.0213926846409
2025-03-20,121,2942.4959622740794,2169.4459009791658,3255.8935147898451
2025-03-20,122,2159.6440801812496,1401.6861259027892,2461.0925295759926
2025-03-20,123,1439.4784285833955,1200,1679.3281398644972
2025-03-20,124,1423.5741029610053,1200,1675.0941392138463
2025-03-20,125,1430.2951188988993,1200,1698.8254350020807
2025-03-20,126,1433.3747025112418,1223.051484002194,1674.6942883354654
2025-03-20,127,1433.788787237208,1233.8489808839975,1667.8102317487146
2025-03-20,128,1431.8796285896044,1209.2909659039567,1679.1793527063032
2025-03-20,129,1409.2477647851392,1208.4404263858648,1612.2103086692071
2025-03-20,130,1381.9603944975165,1200,1618.6479258786712
2025-03-20,131,1793.8862827361493,1615.1458479784069,2051.9451133573261
2025-03-20,132,2523.8849037232112,2330.0798996478406,2801.9451133573261
2025-03-20,133,2531.7490718629679,2319.4808004196548,2810.7898510674004
2025-03-20,134,3251.4118401603459,3050.3673711726974,3501.986899026032
2025-03-20,135,3961.6747952667206,3743.2122518126066,4217.9553971703835
2025-03-20,136,3985.0324044778954,3751.6826002932808,4273.6083376392535
2025-03-20,137,4009.6176145932759,3785.6317824920329,4306.8586043484356
2025-03-20,138,4025.606508379753,3801.2410853322513,4310.5660943746643
2025-03-20,139,4043.6937835140111,3798.9231791286879,4330.2221229213455
2025-03-20,140,4065.041533061777,3802.2585334041737,4378.5920694874694
2025-03-20,141,4089.3393721896609,3839.0368534976242,4403.6376191616755
2025-03-20,142,4132.8849383671377,3917.9047101616961,4426.8771785336812
2025-03-20,143,4168.563839467367,3928.3566988644684,4435.7748330733602
2025-03-20,144,4192.3675036094428,3958.1829866983212,4485.0159132713225
2025-03-20,145,4216.7932754033536,3976.1296874783825,4525.8796659157433
2025-03-20,146,4221.3005478479035,3979.5713712011766,4514.2696814036472
2025-03-20,147,4240.7590205352772,3992.1407223306687,4524.801254227611
2025-03-20,148,4261.4917088624115,4021.3526057945064,4531.2296391520731
2025-03-20,149,4288.2629148275346,4065.9217481496103,4545.4651189072692
2025-03-20,150,4322.7266983665913,4104.1077588165126,4584.9808159632421
2025-03-20,151,4348.673420846837,4099.5231641306091,4614.2311949648774
2025-03-20,152,4359.8538672507448,4096.3468600281103,4621.5154085847207
2025-03-20,153,4369.5030244249056,4102.0262683405253,4622.7946480212713
2025-03-20,154,4378.8008784772683,4114.9274368456336,4635.6360775698085
2025-03-20,155,4390.1346895917641,4076.4935773205079,4631.6951821712619
2025-03-20,156,4417.7816802385487,4115.3802989001324,4682.3005481806176
2025-03-20,157,4453.1980894673188,4168.7136014733114,4724.931469873045
2025-03-20,158,4481.6660139841579,4210.3276942298862,4751.6745578288328
2025-03-20,159,4497.6153510366366,4233.1227299743341,4771.7997553624573
2025-03-20,160,4514.0629159794644,4262.9688142139257,4793.7897579065375
2025-03-20,161,4549.9001914137798,4294.283915612702,4837.4937955303903
2025-03-20,162,4582.2573773810263,4325.8173234316837,4890.0271651896828
2025-03-20,163,4601.9445817185715,4359.2291875113824,4897.1354828405838
2025-03-20,164,4611.4710708469329,4387.9146605771439,4871.319867586496
2025-03-20,165,4629.566457141821,4423.413567985458,4890.125159783126
2025-03-20,166,4649.7458087238474,4418.3154896055503,4923.0393276060804
2025-03-20,167,4646.4383249873317,4420.9909812735141,4928.1310874553092
2025-03-20,168,4644.6559249636502,4402.0772775770665,4920.7708941189767
2025-03-20,169,4666.5324093268737,4415.6647583575468,4939.4882551702703
2025-03-20,170,4688.247725080726,4449.1863838645386,4971.6942382367615
2025-03-20,171,4715.0933443447848,4459.3092005823646,5013.9229984112471
2025-03-20,172,4734.9268430746006,4445.7277796764602,5053.49285831616
2025-03-20,173,4771.6165586354909,4469.4680209552698,5105.9477201177078
2025-03-20,174,4800.6947540644514,4473.6046830299529,5139.7575031451997
2025-03-20,175,4819.7774503705432,4473.5402150200653,5161.6159382636788
2025-03-20,176,4857.0421509362177,4485.7049577304979,5212.1449837231121
2025-03-20,177,5602.290711381137,5221.8195971690993,5962.1449837231121
2025-03-20,178,5092.6276380652625,4687.570611739513,5441.343811098639
2025-03-20,179,4564.26478885094,4162.8531067776576,4927.7529407363863
2025-03-20,180,4074.9888837623589,3655.1191257356272,4511.3453982025703
2025-03-20,181,3640.1072705772203,3235.0398563653539,4153.2202424089573
2025-03-20,182,3263.4737148797562,2888.8467049089127,3819.0217170074352
2025-03-20,183,2942.7532538263504,2491.097560941239,3520.2940147376348
2025-03-20,184,2668.4214945048816,2148.8877677960168,3259.0166603610596
2025-03-20,185,2376.6280571806337,1874.944692768888,2979.2913113101076
2025-03-20,186,2136.2833259892709,1610.6600586551169,2769.7886642577732
2025-03-20,187,1966.3206075683158,1436.4117850513751,2650.2410487856823
2025-03-20,188,1868.304927314844,1236.5066336427512,2633.4651353028025
2025-03-20,189,1828.3953656391091,1200,2644.2968660565275
2025-03-20,190,1818.9743918089189,1223.3710563599027,2667.6885296788414
2025-03-20,191,1815.8436430096017,1200,2667.6885296788414
2025-03-20,192,1815.8436430096017,1200,2667.6885296788414
2025-03-20,193,1815.8436430096017,1200,2667.6885296788414
2025-03-20,194,1815.8436430096017,1200,2667.6885296788414
2025-03-20,195,1815.8436430096017,1200,2667.6885296788414
2025-03-20,196,1815.8436430096017,1200,2667.6885296788414
2025-03-20,197,1815.8436430096017,1200,2667.6885296788414
2025-03-20,198,1815.8436430096017,1200,2667.6885296788414
2025-03-20,199,1815.8436430096017,1200,2667.6885296788414
2025-03-20,200,1815.8436430096017,1200,2667.6885296788414
2025-03-20,201,1815.8436430096017,1200,2667.6885296788414
2025-03-20,202,1815.8436430096017,1200,2667.6885296788414
2025-03-20,203,1815.8436430096017,1200,2667.6885296788414
2025-03-20,204,1815.8436430096017,1200,2667.6885296788414
2025-03-20,205,1815.8436430096017,1200,2667.6885296788414
2025-03-20,206,1815.8436430096017,1200,2667.6885296788414
2025-03-20,207,2145.6858859137096,1530.0072921066489,2997.6958217854904
2025-03-20,208,2578.9228975460014,1969.1725632751773,3436.8610929540187
2025-03-20,209,3057.9967708567137,2456.1903799126217,3923.8789095914631
2025-03-20,210,3476.0314311633879,2874.2250402192949,4341.9135698981363
2025-03-20,211,3926.9396032075351,3325.5682216870064,4793.2567513658478
2025-03-20,212,4466.387293972447,3884.8413844910565,5352.5299141698979
2025-03-20,213,4974.6249844139584,4398.5889058610801,5866.2774355399215
2025-03-20,214,5454.1620324576552,4882.7434987510032,6350.4320284298446
2025-03-20,215,6046.0888183651505,5493.9328239914439,6896.6456624297398
2025-03-20,216,6646.8279303006211,6133.319656533281,7536.996715494799
2025-03-20,217,7287.5758260935036,6744.237295191806,8202.2744353854887
2025-03-20,218,7933.0963944592986,7324.2007695248985,8879.970552057257
2025-03-20,219,8549.1548191393649,7806.6174986516389,9531.307428533546
2025-03-20,220,9156.5963252774945,8331.1779046613919,10193.106650055593
2025-03-20,221,9749.6965441898537,8894.7665150147022,10800
2025-03-20,222,10236.703913940721,9395.1451532176925,10800
2025-03-20,223,10498.192113666588,9825.9805378171568,10800
2025-03-20,224,10659.344656344001,10247.75997757012,10800
2025-03-20,225,10730.917253848316,10579.523659506338,10800
2025-03-20,226,10781.013029424854,10800,10800
2025-03-20,227,10798.911390919522,10800,10800
2025-03-20,228,10799.999999999998,10800,10800
2025-03-20,229,10799.999999999998,10800,10800
2025-03-20,230,10799.999999999998,10800,10800
2025-03-20,231,10799.999999999998,10800,10800
2025-03-20,232,10799.999999999998,10800,10800
2025-03-20,233,10799.999999999998,10800,10800
2025-03-20,234,10799.999999999998,10800,10800
2025-03-20,235,10799.999999999998,10800,10800
2025-03-20,236,10799.999999999998,10800,10800
2025-03-20,237,10799.999999999998,10800,10800
2025-03-20,238,10799.59813739709,10800,10800
2025-03-20,239,10786.428547478155,10746.982146258395,10800
2025-03-20,240,10757.102081861307,10684.262441437049,10800
2025-03-20,241,10746.789844323748,10629.97009793195,10800
2025-03-20,242,10727.827259861759,10593.764879719498,10800
2025-03-20,243,10683.27320974081,10566.385474937897,10800
2025-03-20,244,10670.504428888873,10539.460507573967,10800
2025-03-20,245,10654.586207898283,10489.30184365835,10782.259462262078
2025-03-20,246,10649.333139543134,10467.941831646885,10798.398311171339
2025-03-20,247,10639.143003390327,10448.469650645213,10793.895557235464
2025-03-20,248,10609.351780525598,10439.221728441884,10760.61848339774
2025-03-20,249,10592.657764131973,10425.198460395803,10736.456244581977
2025-03-20,250,10572.735317754285,10384.743093062491,10743.747114590042
2025-03-20,251,10080.072437879828,9851.8006410176768,10278.211848723407
2025-03-20,252,9577.8874437003906,9349.1216618212056,9776.9587246657666
2025-03-20,253,9081.5238547327208,8837.0781068192246,9277.3627692289811
2025-03-20,254,8575.1974048777975,8320.5301175658897,8777.7742183581322
2025-03-20,255,8076.352303775544,7830.8528453783556,8277.8576057408427
2025-03-20,256,7580.7479945254463,7354.8551708583018,7768.7898064178798
2025-03-20,257,7077.6623675750679,6831.011998989351,7284.3481755881794
2025-03-20,258,6576.5987493064713,6289.1455843390277,6777.7215093037676
2025-03-20,259,6077.3780766202535,5772.6606044561504,6292.9228928554248
2025-03-20,260,5574.7706402163049,5283.0837944244768,5777.6292933831546
2025-03-20,261,5060.2537291563121,4771.764786025903,5276.4602213996413
2025-03-20,262,4536.3164985684143,4221.2507765409919,4763.0428638131762
2025-03-20,263,4026.8924261515253,3685.1546915450963,4279.5740731651813
2025-03-20,264,3522.6134423680346,3150.9316356218633,3783.5301653660681
2025-03-20,265,3014.7784317848736,2632.8465062972386,3271.7183686780659
2025-03-20,266,2506.7293689311632,2149.7901854168795,2738.5228143626236
2025-03-20,267,1991.4490147691286,1637.3586985018351,2245.5044499788637
2025-03-20,268,1516.0021985378187,1200,1780.6938403718746
2025-03-20,269,1523.1998433173555,1204.6584377338738,1804.7631324761958
2025-03-20,270,1529.2291080711016,1211.0037943103202,1821.2938225061498
2025-03-20,271,1516.7028731794692,1213.250211891097,1795.1088749777985
2025-03-20,272,1514.9827320943768,1238.0302399816271,1779.5176908017045
2025-03-20,273,1498.945190693107,1230.7933444026112,1767.9869406597977
2025-03-20,274,1475.4238533418822,1200.2899320948538,1701.7255113523975
2025-03-20,275,1766.1806140093327,1496.2081522039525,1984.7025485897882
2025-03-20,276,2498.9087361544116,2240.2480431985327,2715.7845793819297
2025-03-20,277,2511.2572101078135,2246.2014615142962,2726.7023187035202
2025-03-20,278,3227.1788630017072,2942.5074360616863,3460.2411461852721
2025-03-20,279,3956.9456092169339,3658.8194551730967,4205.3154690908686
2025-03-20,280,3983.7162260741643,3675.4290388740637,4242.6271631316067
2025-03-20,281,4009.6603549820015,3713.1204836688421,4261.7555466471003
2025-03-20,282,4021.6185520672825,3747.689986979663,4272.6842384812689
2025-03-20,283,4037.7833021609285,3795.5155524402157,4294.2684378259028
2025-03-20,284,4057.0708536955026,3823.4252216056898,4302.1262210816967
2025-03-20,285,4071.5143236882659,3832.2290905389214,4345.8154303498186
2025-03-20,286,4063.909660711066,3807.3753220446124,4324.3258578057521
2025-03-20,287,4074.1985505036932,3816.8455664374765,4340.784048318129
2025-03-20,288,4097.3038660478005,3838.7415324004146,4373.3491550839371
2025-03-20,289,4117.5857745150324,3855.4664032201326,4411.5557897335739
2025-03-20,290,4129.9789174048392,3865.6167757445228,4439.4435820513618
2025-03-20,291,4148.6621473776122,3875.0720121468885,4457.6563068895575
2025-03-20,292,4166.6167470799955,3896.7677466103232,4462.2700347034925
2025-03-20,293,4195.1005468745652,3921.7672078695391,4480.1608652712102
2025-03-20,294,4224.9098194243634,3937.9863248659776,4515.6857341151363
2025-03-20,295,4250.8520489000266,4001.070408325897,4546.2366477273517
2025-03-20,296,4265.3937730435109,4010.6589991190303,4546.2768358591757
2025-03-20,297,4290.8312284000795,4040.7512908142567,4553.4359748148727
2025-03-20,298,4315.5760781504914,4049.4346684113807,4575.2326277211369
2025-03-20,299,4327.0513084737031,4037.9256673723503,4596.7215006398337
2025-03-20,300,4335.9090556723186,4037.0311691022675,4615.6698216327504
2025-03-20,301,4372.3607199645194,4085.6334184489824,4650.9305180752153
2025-03-20,302,4401.990634472083,4132.5648147115498,4682.725849183922
2025-03-20,303,4408.854295733343,4146.296627044052,4700.4598760082808
2025-03-20,304,4422.5503347844924,4141.1318885586888,4711.4612547337601
2025-03-20,305,4455.0278550779385,4158.0841080418732,4752.8357693942708
2025-03-20,306,4489.0716686451406,4179.4892642135519,4790.2932401657526
2025-03-20,307,4489.8344842168945,4159.441673123546,4784.6579613384629
2025-03-20,308,4502.4286325267003,4189.3405591881392,4764.2957147105108
2025-03-20,309,4520.5322442701972,4199.0417074052093,4786.1778607846418
2025-03-20,310,4548.0533066958733,4223.2003365238388,4821.9432965524247
2025-03-20,311,4547.5660777475032,4208.4186697588157,4797.1459952189543
2025-03-20,312,4548.5353670383074,4209.0723527604296,4785.3746543283523
2025-03-20,313,4563.411154626825,4213.5948484538731,4811.6191971240141
2025-03-20,314,4587.5656844619589,4217.6150778748915,4839.4934184426211
2025-03-20,315,4619.3415681947899,4233.9132467034578,4853.4699796895811
2025-03-20,316,4642.1669631444374,4266.8212239547884,4879.3150998638139
2025-03-20,317,4675.1987692797074,4341.3195821296013,4937.6496898364476
2025-03-20,318,4703.305793335885,4370.6236312268829,4968.0472050344406
2025-03-20,319,4724.949346226319,4378.161660562937,4999.759809282742
2025-03-20,320,4763.9678405447994,4404.9221508961746,5051.4322994607792
2025-03-20,321,5510.7613650013373,5137.2141301101392,5801.4322994607792
2025-03-20,322,5011.0789098962914,4598.8207090746491,5382.3239430055019
2025-03-20,323,4504.6845787229831,4039.6017672033395,4911.4484603612882
2025-03-20,324,4019.9339406328481,3481.9397910676103,4502.6634845124991
2025-03-20,325,3579.3767629071681,3059.1115296254516,4145.0241012026527
2025-03-20,326,3204.5640109851865,2707.3038972021504,3808.8842091222791
2025-03-20,327,2890.2914654579172,2373.6317641582127,3515.5742555728634
2025-03-20,328,2627.3449411299416,2066.8707952537325,3259.6791549151799
2025-03-20,329,2342.5946011186834,1799.0715437396125,2988.2272821729116
2025-03-20,330,2128.8867593843374,1577.2083387831285,2806.3496706460096
2025-03-20,331,1984.6086971041532,1394.3042012342903,2718.7461809561314
2025-03-20,332,1875.4741713019132,1204.1433169326676,2679.0075487459812
2025-03-20,333,1832.5396453631074,1200,2679.0075487459812
2025-03-20,334,1828.1089874457161,1200,2679.0075487459812
2025-03-20,335,1842.0827654587865,1215.5450197339078,2694.552568479889
2025-03-20,336,1841.4848800844054,1215.5450197339078,2694.552568479889
2025-03-20,337,1841.4848800844054,1215.5450197339078,2694.552568479889
2025-03-20,338,1841.4848800844054,1215.5450197339078,2694.552568479889
2025-03-20,339,1841.4848800844054,1215.5450197339078,2694.552568479889
2025-03-20,340,1841.4848800844054,1215.5450197339078,2694.552568479889
2025-03-20,341,1841.4848800844054,1215.5450197339078,2694.552568479889
2025-03-20,342,1841.4848800844054,1215.5450197339078,2694.552568479889
2025-03-20,343,1841.4848800844054,1215.5450197339078,2694.552568479889
2025-03-20,344,1841.4848800844054,1215.5450197339078,2694.552568479889
2025-03-20,345,1841.4848800844054,1215.5450197339078,2694.552568479889
2025-03-20,346,1841.4848800844054,1215.5450197339078,2694.552568479889
2025-03-20,347,1841.4848800844054,1215.5450197339078,2694.552568479889
2025-03-20,348,1841.4848800844054,1215.5450197339078,2694.552568479889
2025-03-20,349,1841.4848800844054,1215.5450197339078,2694.552568479889
2025-03-20,350,1841.4848800844054,1215.5450197339078,2694.552568479889
2025-03-20,351,2049.9233372303424,1423.9834768798444,2902.9910256258254
2025-03-20,352,2486.8504251152817,1864.4034840615041,3348.7114618950591
2025-03-20,353,2953.6266936115253,2328.3213294825532,3822.8738979624422
2025-03-20,354,3362.0345267890007,2736.729162660029,4231.2817311399185
2025-03-20,355,3802.6809934367975,3177.3756293078259,4671.9281977877154
2025-03-20,356,4363.54669293402,3754.514287024329,5249.0668555042184
2025-03-20,357,4872.2732774783335,4265.5703360908401,5760.1229045707296
2025-03-20,358,5330.8586382181393,4729.7797762554337,6224.3323447353232
2025-03-20,359,5835.9208947714742,5251.4507942838691,6691.0900280541537
2025-03-20,360,6431.7387110871014,5889.9245566343116,7329.5637904045961
2025-03-20,361,7097.7828851321883,6519.2313685959416,8008.6067155037408
2025-03-20,362,7758.5734530314221,7101.2728374134831,8697.9160066301974
2025-03-20,363,8377.8291912184959,7637.2331875993295,9342.150765416307
2025-03-20,364,8961.0658625952492,8117.9694070735404,9945.6892005125192
2025-03-20,365,9528.4810829073576,8596.1590868624135,10530.228578482929
2025-03-20,366,10038.745322493272,9131.8405067698386,10800
2025-03-20,367,10402.455618620383,9647.7911168250102,10800
2025-03-20,368,10603.156203879382,9972.6820804565359,10800
2025-03-20,369,10711.9734414096,10327.788555561789,10800
2025-03-20,370,10769.881693890284,10800,10800
2025-03-20,371,10798.312450684949,10800,10800
2025-03-20,372,10799.999999999998,10800,10800
2025-03-20,373,10799.999999999998,10800,10800
2025-03-20,374,10799.999999999998,10800,10800
2025-03-20,375,10799.999999999998,10800,10800
2025-03-20,376,10799.999999999998,10800,10800
2025-03-20,377,10799.999999999998,10800,10800
2025-03-20,378,10799.999999999998,10800,10800
2025-03-20,379,10799.999999999998,10800,10800
2025-03-20,380,10799.999999999998,10800,10800
2025-03-20,381,10799.999999999998,10800,10800
2025-03-20,382,10799.986886304056,10800,10800
2025-03-20,383,10790.214533658402,10759.65923041231,10800
2025-03-20,384,10766.181988794731,10696.670196776744,10800
2025-03-20,385,10758.916421435129,10673.310169214321,10800
2025-03-20,386,10754.675893848516,10658.42748925154,10800
2025-03-20,387,10746.53874884857,10667.227356047051,10800
2025-03-20,388,10741.288546910995,10661.476536630571,10800
2025-03-20,389,10738.358401608846,10637.123332464396,10800
2025-03-20,390,10746.162548313972,10630.380475540069,10800
2025-03-20,391,10741.239833124897,10643.393143645135,10800
2025-03-20,392,10717.236140450008,10617.80803611997,10800
2025-03-20,393,10708.091798590953,10622.506687331635,10800
2025-03-20,394,10671.219961725008,10543.442476071861,10780.291636093578
2025-03-20,395,10160.864680314859,9982.2052966927677,10281.123777392404
2025-03-20,396,9654.4460741305393,9503.1065220543715,9794.0693424762449
2025-03-20,397,9140.9258940586169,8996.5968349480208,9278.3836938025797
2025-03-20,398,8621.7871626493525,8462.1732057876325,8782.2688040299709
2025-03-20,399,8118.2194061415994,7959.6450233010009,8256.2334708245362
2025-03-20,400,7618.5878169499983,7452.2637121434664,7757.8155791226618
2025-03-20,401,7112.7187672518576,6913.9245732678364,7271.1493602560213
2025-03-20,402,6608.6982676065818,6368.5389412072127,6770.1228094868547
2025-03-20,403,6106.9077915787793,5849.6135653431666,6279.7137296861392
2025-03-20,404,5604.891791321038,5358.0245515120414,5793.0882681036246
2025-03-20,405,5097.0750570340888,4852.3318678751084,5319.573600682621
2025-03-20,406,4588.6464510814521,4309.8487346500597,4808.814059799497
2025-03-20,407,4086.3868043536636,3787.269030150384,4301.7561123237101
2025-03-20,408,3581.1373465585793,3261.8663983106371,3792.4797669177974
2025-03-20,409,3070.5183617524581,2759.2949631715283,3291.7403731292097
2025-03-20,410,2563.5409424421546,2261.7763015983942,2773.2909910199487
2025-03-20,411,2030.8238508537163,1741.3443066287305,2263.155813190484
2025-03-20,412,1482.9262470009908,1200,1729.9201671155508
2025-03-20,413,1473.3126906056275,1200,1735.9939744954975
2025-03-20,414,1467.3524142656529,1200,1739.1447886263657
2025-03-20,415,1440.322316087585,1200,1694.9104760042487
2025-03-20,416,1425.9299217889006,1200,1675.0654877021466
2025-03-20,417,1391.3883492988275,1200,1634.9941775707448
2025-03-20,418,1366.2872821584306,1200,1578.1276945247844
2025-03-20,419,1384.2669361588139,1201.6697006820891,1587.6293901273598
2025-03-20,420,1411.2816760640992,1211.6636821481177,1613.3337905846704
2025-03-20,421,1411.861591623411,1200.568207401722,1628.4423343598987
2025-03-20,422,1415.0612370891795,1210.3878932609798,1647.5034312186883
2025-03-20,423,1426.1878974125116,1224.5043155151,1670.8884662528465
2025-03-20,424,1437.9695658972232,1226.2922308086136,1706.289910123229
2025-03-20,425,1434.3326735865878,1226.4740614334155,1695.8521211287753
2025-03-20,426,1429.1217199777234,1205.4450332283641,1674.7163428315382
2025-03-20,427,1426.6800375271778,1200,1672.52282852341
2025-03-20,428,1429.3068782647874,1200,1660.7591528679545
2025-03-20,429,1425.2771974659283,1215.792255518428,1665.9539692339831
2025-03-20,430,1397.0756479995143,1211.038769867338,1651.2798126927942
2025-03-20,431,1368.8365431244681,1200,1604.6540189779837
2025-04-12,0,3173.2590011535417,3153.6838834988416,3186.7776703792756
2025-04-12,1,3191.9659135037859,3156.3681293475188,3233.2385083010436
2025-04-12,2,3193.6351289413278,3148.7808149781854,3245.1592553395967
2025-04-12,3,3193.6794334386409,3144.3557915844308,3258.9585922416913
2025-04-12,4,3205.1758041511657,3151.5904617999286,3262.6833297076887
2025-04-12,5,3226.9031852685175,3163.1387493830798,3300.0021896811731
2025-04-12,6,3227.6811993821093,3140.6032491970473,3290.0446595293965
2025-04-12,7,3233.5227892583457,3145.2274306386198,3315.9057210049755
2025-04-12,8,3239.3500085564706,3128.9473500168888,3330.4635839192601
2025-04-12,9,3250.4036476243928,3147.6428190958254,3340.7055104298588
2025-04-12,10,3246.5671642866364,3152.300282441548,3339.6445386800419
2025-04-12,11,3255.7999567052966,3152.300282441548,3347.6355467463763
2025-04-12,12,3281.7546949113739,3170.8259566045681,3383.5889265776823
2025-04-12,13,3297.1955172000553,3186.9278081450552,3383.6454559112308
2025-04-12,14,3298.2826035384319,3192.2697170624606,3395.405203715688
2025-04-12,15,3308.6898741405198,3189.8346574869192,3416.9862376699057
2025-04-12,16,3334.6400646340817,3204.0486928530909,3459.5749171543698
2025-04-12,17,3339.2432377306873,3202.2486340236228,3476.8804788389366
2025-04-12,18,3354.8803729827382,3243.0234219382269,3502.9845281168232
2025-04-12,19,3370.8729539817296,3244.1508242068658,3516.8494864626055
2025-04-12,20,3375.6949379823436,3267.901680760815,3522.9823255189367
2025-04-12,21,3377.9709045370905,3255.1358895282051,3515.5577840937704
2025-04-12,22,3389.9831564250794,3255.1358895282051,3528.7817050199415
2025-04-12,23,3393.8062883672633,3255.7687143831422,3533.1282588000408
2025-04-12,24,3408.8852652103246,3288.3816955245907,3565.7412399414893
2025-04-12,25,3420.5310972622883,3312.5410766814935,3574.1035083232337
2025-04-12,26,3424.0542856771531,3309.5705295390126,3566.1242389551439
2025-04-12,27,3427.8335054439931,3309.7807030375279,3593.1819994263183
2025-04-12,28,3416.5679216970707,3305.8380684813883,3610.8571813105573
2025-04-12,29,3411.9350943403597,3279.7401024845249,3597.6659649768926
2025-04-12,30,3430.9716361892924,3279.7401024845249,3577.7905043995861
2025-04-12,31,3433.9865611003011,3256.6003149000862,3571.6120457750185
2025-04-12,32,3457.1048066697172,3281.9807001855947,3592.4097384520114
2025-04-12,33,4200.5660628926071,4031.9807001855947,4342.4097384520119
2025-04-12,34,3710.1590967713155,3550.2364100971954,3866.7671675492497
2025-04-12,35,3274.8052269371346,3100.6825297433202,3469.0023832415991
2025-04-12,36,2883.8777329935192,2668.4198800474601,3105.2938965340363
2025-04-12,37,2541.5802570655387,2282.118071035803,2752.1175447918508
2025-04-12,38,2251.1599722345918,1971.2177008541298,2454.5750075727528
2025-04-12,39,2026.2226871316977,1729.0834613495083,2262.7807474796109
2025-04-12,40,1843.5208238530663,1537.7424877220949,2098.7369621615571
2025-04-12,41,1640.2213160400979,1297.8896034674663,1907.9338406896316
2025-04-12,42,1508.3265934204558,1200.0000000000009,1767.8164752027822
2025-04-12,43,1479.5167855381032,1200,1740.5043855103722
2025-04-12,44,1476.5800002335611,1202.9681249056775,1743.4725104160498
2025-04-12,45,1472.7413310398588,1207.6596951537565,1748.1640806641287
2025-04-12,46,1482.0734839943825,1219.791057818421,1760.2954433287932
2025-04-12,47,1482.0734839943825,1219.791057818421,1760.2954433287932
2025-04-12,48,1482.0734839943825,1219.791057818421,1760.2954433287932
2025-04-12,49,1482.0734839943825,1219.791057818421,1760.2954433287932
2025-04-12,50,1482.0734839943825,1219.791057818421,1760.2954433287932
2025-04-12,51,1482.0734839943825,1219.791057818421,1760.2954433287932
2025-04-12,52,1482.0734839943825,1219.791057818421,1760.2954433287932
2025-04-12,53,1482.0734839943825,1219.791057818421,1760.2954433287932
2025-04-12,54,1482.0734839943825,1219.791057818421,1760.2954433287932
2025-04-12,55,1482.0734839943825,1219.791057818421,1760.2954433287932
2025-04-12,56,1482.0734839943825,1219.791057818421,1760.2954433287932
2025-04-12,57,1482.0734839943825,1219.791057818421,1760.2954433287932
2025-04-12,58,1482.0734839943825,1219.791057818421,1760.2954433287932
2025-04-12,59,1482.0734839943825,1219.791057818421,1760.2954433287932
2025-04-12,60,1482.0734839943825,1219.791057818421,1760.2954433287932
2025-04-12,61,1482.0734839943825,1219.791057818421,1760.2954433287932
2025-04-12,62,1482.0734839943825,1219.791057818421,1760.2954433287932
2025-04-12,63,1482.0734839943825,1219.791057818421,1760.2954433287932
2025-04-12,64,1482.0734839943825,1219.791057818421,1760.2954433287932
2025-04-12,65,1482.0734839943825,1219.791057818421,1760.2954433287932
2025-04-12,66,1482.0734839943825,1219.791057818421,1760.2954433287932
2025-04-12,67,1490.1237050133291,1227.8412788373676,1768.3456643477398
2025-04-12,68,1490.1237050133291,1227.8412788373676,1768.3456643477398
2025-04-12,69,1490.1237050133291,1227.8412788373676,1768.3456643477398
2025-04-12,70,1490.1237050133291,1227.8412788373676,1768.3456643477398
2025-04-12,71,2087.9637722982807,1815.1576828282737,2375.4531261570669
2025-04-12,72,2738.3620673953251,2467.5008802959701,3038.4469203706171
2025-04-12,73,3419.8155606762198,3121.104135970967,3724.6550988705094
2025-04-12,74,4123.0664468349614,3780.135418498357,4440.3523311850913
2025-04-12,75,4820.9584820765076,4434.6948031341017,5180.9332195917941
2025-04-12,76,5503.1370986578277,5059.9783000268108,5905.2274446081219
2025-04-12,77,6181.2226813808702,5665.0219270343578,6632.392728023181
2025-04-12,78,6846.3559400043141,6194.7169032054608,7359.6425966773804
2025-04-12,79,7492.6656486821485,6685.2262570070561,8073.0455428720716
2025-04-12,80,8116.605599953582,7225.7409369428442,8780.3857791146293
2025-04-12,81,8721.6665164745409,7752.8105883964436,9450.6592177622279
2025-04-12,82,9312.8979152592256,8327.8610873830221,10102.91867069947
2025-04-12,83,9865.1121131473883,8877.0107232915743,10726.956217276831
2025-04-12,84,10262.948555104356,9382.9225455897868,10800
2025-04-12,85,10502.437968978509,9766.7306972482693,10800
2025-04-12,86,10630.420675240597,10113.566336731068,10800
2025-04-12,87,10701.098950874659,10363.349826858383,10800
2025-04-12,88,10740.332257146678,10572.910150735705,10800
2025-04-12,89,10769.946239354027,10800,10800
2025-04-12,90,10788.028955773023,10800,10800
2025-04-12,91,10794.893188150314,10800,10800
2025-04-12,92,10799.999999999998,10800,10800
2025-04-12,93,10799.999999999998,10800,10800
2025-04-12,94,10799.999999999998,10800,10800
2025-04-12,95,10799.561122268804,10800,10800
2025-04-12,96,10797.965279943919,10796.148921904911,10800
2025-04-12,97,10784.954148964,10735.83438207447,10800
2025-04-12,98,10772.844626433456,10693.406966336304,10800
2025-04-12,99,10759.151761491516,10665.30956111197,10800
2025-04-12,100,10733.801649763418,10578.460300797451,10800
2025-04-12,101,10714.313953724455,10528.747716241136,10800
2025-04-12,102,10673.621506673311,10457.065302741599,10786.239702437217
2025-04-12,103,10682.07528535114,10451.966293303811,10800
2025-04-12,104,10679.373397251238,10429.636842435642,10800
2025-04-12,105,10686.96298479259,10442.183526664687,10800
2025-04-12,106,10471.253929398914,10234.414450763339,10594.891095955621
2025-04-12,107,10040.537442747787,9816.5032075288491,10173.344326404424
2025-04-12,108,9555.8379185500671,9353.1523201043183,9680.3424994276484
2025-04-12,109,9046.8684168993805,8850.995929327526,9179.5912581905122
2025-04-12,110,8546.6416784192206,8363.5499404978109,8699.3317246671941
2025-04-12,111,8054.2219846897297,7891.6883930331851,8229.8194891204985
2025-04-12,112,7557.4854647149914,7377.0535904213384,7736.6577161061359
2025-04-12,113,7047.0508265238332,6870.8091030181831,7210.109472526291
2025-04-12,114,6545.0223665666736,6354.0697612318036,6708.2381292834616
2025-04-12,115,6048.257021057525,5856.4903084870302,6228.6878847239532
2025-04-12,116,5544.2083085118757,5364.8226345615903,5748.3296417236243
2025-04-12,117,5035.4078786037917,4858.3551141305215,5240.5114675366303
2025-04-12,118,4530.7281949714861,4344.3938180732512,4743.0220269647525
2025-04-12,119,4022.9658265698263,3828.3802560725135,4245.0214734509218
2025-04-12,120,3517.4147036664699,3311.1831872799803,3735.8356545769711
2025-04-12,121,3010.6770002119865,2810.9439210895898,3235.9169303133904
2025-04-12,122,2498.0096836370831,2293.867378599356,2745.448964465098
2025-04-12,123,1983.6287344829084,1775.6583856915904,2242.1858000239072
2025-04-12,124,1467.5858822321636,1242.4764102084368,1727.3181257301687
2025-04-12,125,1465.6367602843166,1235.4197999805747,1739.6773849515846
2025-04-12,126,1466.8951377889625,1233.6989923442029,1753.4984060463721
2025-04-12,127,1466.0724524483487,1211.5926857595177,1738.1379453039501
2025-04-12,128,1474.1912017114862,1212.3070818557042,1739.6994346264919
2025-04-12,129,1446.7779259828726,1200,1708.4024456070206
2025-04-12,130,1452.9901762953218,1200,1714.0737002481469
2025-04-12,131,2184.5061810316301,1930.5145702448931,2464.0737002481469
2025-04-12,132,2921.1635219869827,2673.9632857962101,3214.0737002481469
2025-04-12,133,2942.7859226111495,2702.3066625166407,3252.1199360741666
2025-04-12,134,3660.4367145201081,3423.6234604821566,3982.3621664087027
2025-04-12,135,4378.5113245514276,4122.9854422037206,4695.1418260430737
2025-04-12,136,5099.7094893407757,4824.8414434741026,5413.8820561772754
2025-04-12,137,5812.3645564523149,5544.1639280197369,6138.9986048093069
2025-04-12,138,5889.9625160528967,5620.9935939745064,6219.0003154123388
2025-04-12,139,6613.7657887511305,6307.7365163768281,6946.5150105453067
2025-04-12,140,7338.6828739788943,7022.8283985541711,7685.9872722730952
2025-04-12,141,8060.9961200188673,7747.4494606451035,8412.5007142654831
2025-04-12,142,8136.5005201420599,7852.7813016234559,8506.7884970913001
2025-04-12,143,8171.7691881900873,7899.3778641005129,8544.4653078539905
2025-04-12,144,8907.2124234050971,8648.85511361315,9294.4653078539905
2025-04-12,145,9649.11716058003,9398.85511361315,10044.46530785399
2025-04-12,146,9676.9442280547646,9399.9678550779063,10047.251554150966
2025-04-12,147,9694.1337721667187,9410.8682213679695,10051.545422690748
2025-04-12,148,9717.5637532314577,9446.6624786747634,10087.120639535249
2025-04-12,149,9747.7397785635385,9484.242072847248,10126.645614574243
2025-04-12,150,9760.2239929540374,9485.1963754060253,10121.390972698848
2025-04-12,151,9782.5088267360807,9499.9834668074145,10098.851295808005
2025-04-12,152,9800.9737419168487,9530.9804411166242,10086.114687826366
2025-04-12,153,9798.2671842722593,9507.5410252625315,10078.51825034403
2025-04-12,154,9792.8643428209252,9482.7553562928479,10073.638952307738
2025-04-12,155,9801.800526648989,9494.4229814262544,10100.774373254701
2025-04-12,156,9826.4997669029963,9541.5655618064775,10125.003977524515
2025-04-12,157,9849.677346237062,9564.3993189099183,10159.028928624266
2025-04-12,158,9879.5573739189822,9582.3775556842975,10179.594807133708
2025-04-12,159,9902.349002554487,9630.7432834534575,10214.379848610837
2025-04-12,160,9920.301763062118,9680.0909768965248,10264.008604282229
2025-04-12,161,9937.6584131711043,9680.0909768965248,10293.821345399812
2025-04-12,162,9946.5167983271076,9687.9182938227386,10303.129574240656
2025-04-12,163,9965.5133320654368,9714.3753740878692,10299.797100697679
2025-04-12,164,9993.0597355602549,9756.4147035299629,10318.482816773165
2025-04-12,165,10004.631629083839,9759.1238007837128,10332.813578494481
2025-04-12,166,10007.533511411464,9718.4609119665038,10357.395607750084
2025-04-12,167,10018.848210459306,9716.7408203863397,10349.998515361962
2025-04-12,168,10035.00337227182,9718.3386541863183,10358.980749066952
2025-04-12,169,10052.216189394108,9727.082766390582,10385.292233735978
2025-04-12,170,10066.653900045603,9759.8035868535735,10399.553608364315
2025-04-12,171,10087.725783669866,9799.334929565357,10431.831822319229
2025-04-12,172,10110.856851245639,9830.8190470676291,10452.794776587672
2025-04-12,173,10140.863623885858,9862.0687539417795,10464.774599709583
2025-04-12,174,10163.395665450991,9893.6337320910625,10471.503475361869
2025-04-12,175,10192.08241894662,9896.1376144500591,10491.421832036987
2025-04-12,176,10217.694356960024,9917.9260764295086,10554.314425841398
2025-04-12,177,10760.53507339339,10651.982317657557,10800
2025-04-12,178,10727.835950533663,10583.14248829035,10800
2025-04-12,179,9923.5613125379987,9787.417015387231,10032.993437778936
2025-04-12,180,9161.9771036569091,9037.8355003387787,9291.4726527430266
2025-04-12,181,8461.6475084230351,8347.1001640180002,8609.0055046555517
2025-04-12,182,7810.5618973861192,7675.1144340558858,7973.8999498577068
2025-04-12,183,7214.815392466523,7012.4310094164857,7366.2162684021041
2025-04-12,184,6668.1990020737021,6445.1878585836685,6855.0836674664415
2025-04-12,185,6180.8891592663049,5955.4512220613497,6391.3072685049819
2025-04-12,186,5761.8430772332822,5501.010473950485,5971.3713734925459
2025-04-12,187,5390.2639287266275,5070.5807094737074,5637.0537626212281
2025-04-12,188,5054.3019409837907,4680.3100884155838,5313.9410597831629
2025-04-12,189,4795.2424989581959,4384.4917083248965,5123.9255106020637
2025-04-12,190,4477.9457891722968,3995.1027010254261,4914.4695167496566
2025-04-12,191,3974.1455287526419,3474.0653020769937,4487.3936586345853
2025-04-12,192,3537.8350236041715,3007.4382233202623,4125.6439057770294
2025-04-12,193,3205.2554185049439,2589.3413684570996,3816.2153230780491
2025-04-12,194,2907.9562423560255,2232.5150615580997,3513.7563557315084
2025-04-12,195,2673.1846400999798,1927.1537593703733,3323.7217226235857
2025-04-12,196,2496.2331033673754,1688.0276949784147,3227.5046595191629
2025-04-12,197,2360.5148360712401,1540.3339492539174,3211.127859342801
2025-04-12,198,2273.2226819021967,1380.6096223863728,3229.8557771769147
2025-04-12,199,2228.2715292566118,1310.5664205756427,3267.4677925819674
2025-04-12,200,2223.2602568816073,1404.1238162694026,3335.2085193329422
2025-04-12,201,2255.262292819652,1464.287136528925,3383.9135333263703
2025-04-12,202,2322.2516135749966,1490.9042115806449,3513.7790275333291
2025-04-12,203,2423.8873706909144,1571.7909609513356,3672.5166612556022
2025-04-12,204,2590.1109080462365,1798.5501042726487,3893.0622064649269
2025-04-12,205,2779.379079963453,2044.9368004855435,4114.4250617160469
2025-04-12,206,2966.4359606318135,2147.6580816933251,4333.8514013415606
2025-04-12,207,3198.2404981633722,2341.1446941555041,4625.7001511408162
2025-04-12,208,3459.6130545340111,2588.0335056609142,4987.9789141064321
2025-04-12,209,3651.2304045063543,2801.5464057905556,5201.491814236073
2025-04-12,210,4349.2133733084838,3477.02644191126,5930.6462849023383
2025-04-12,211,4781.362936281731,3874.0817872316461,6376.6844762262108
2025-04-12,212,5525.3560452081865,4616.6421827488975,7126.6844762262108
2025-04-12,213,6217.8214096717584,5141.435736553095,7871.5613516789781
2025-04-12,214,6936.0515276189653,5736.0182708351404,8606.3120405911868
2025-04-12,215,7676.0383077745546,6486.0182708351404,9356.3120405911868
2025-04-12,216,8411.7777559164715,7236.0182708351404,10106.312040591187
2025-04-12,217,9139.2406765862252,7986.0182708351404,10800
2025-04-12,218,9772.2242112946824,8736.0182708351404,10800
2025-04-12,219,10278.19511471027,9456.2684681722403,10800
2025-04-12,220,10462.390151900085,9583.7447684636336,10800
2025-04-12,221,10538.777673072198,9794.7757104291431,10800
2025-04-12,222,10589.139363593686,9872.7506694476342,10800
2025-04-12,223,10621.358651100893,10019.946514450101,10800
2025-04-12,224,10653.658874922503,10205.111536981001,10800
2025-04-12,225,10673.08359937483,10375.773448745289,10800
2025-04-12,226,10689.122631662323,10495.805797754516,10800
2025-04-12,227,10701.250821591593,10563.593837448807,10800
2025-04-12,228,10709.964258370208,10562.272793930739,10800
2025-04-12,229,10712.798040390904,10644.821561177972,10800
2025-04-12,230,10706.867828668346,10671.99426609673,10800
2025-04-12,231,10685.380110255581,10529.216765943791,10800
2025-04-12,232,10637.743042894144,10330.912548369635,10800
2025-04-12,233,10682.823710010241,10398.464581451939,10800
2025-04-12,234,10707.276168831271,10452.741827533888,10800
2025-04-12,235,10712.621313494745,10468.492298549229,10800
2025-04-12,236,10710.942690445379,10484.842824147318,10800
2025-04-12,237,10706.93219787164,10380.421731516682,10800
2025-04-12,238,10690.101882342471,10294.756448391243,10800
2025-04-12,239,10706.39015044378,10323.903739277359,10800
2025-04-12,240,10707.879008657354,10366.70216880256,10800
2025-04-12,241,10708.172097790331,10420.309946093614,10800
2025-04-12,242,10710.22197154501,10452.880436843763,10800
2025-04-12,243,10718.979167660887,10506.670473541129,10800
2025-04-12,244,10736.428406604,10557.037502032277,10800
2025-04-12,245,10742.40981078914,10557.037502032277,10800
2025-04-12,246,10748.123113365482,10585.85787105596,10800
2025-04-12,247,10749.263463219882,10619.119107104378,10800
2025-04-12,248,10751.337087391115,10628.70704223853,10800
2025-04-12,249,10757.701175887812,10644.937895676934,10800
2025-04-12,250,10760.600957870703,10651.875944852101,10800
2025-04-12,251,10729.586469473852,10625.813813372613,10800
2025-04-12,252,10706.553229253173,10598.739884630351,10774.685555910582
2025-04-12,253,10683.907817453348,10565.557395563808,10758.516078005909
2025-04-12,254,10660.577656141972,10546.741035126281,10739.460144270141
2025-04-12,255,10637.628232643319,10489.504543238587,10729.352124038051
2025-04-12,256,10262.791273467668,10113.215188480961,10360.409740558916
2025-04-12,257,9428.5618308939938,9316.7749594216239,9532.4003545114319
2025-04-12,258,8630.7293194183185,8504.0484747156843,8720.8323023875455
2025-04-12,259,7848.3321728318315,7709.5547283768346,7961.3316579328666
2025-04-12,260,7054.3088434500278,6911.0503914919473,7185.8862222621965
2025-04-12,261,6259.1354765091091,6100.0530584377766,6397.2992540477944
2025-04-12,262,5459.2714433911315,5286.8366664559726,5603.7574435224042
2025-04-12,263,4652.535345973366,4479.0584325067166,4800.0095110826687
2025-04-12,264,3852.0731974055452,3684.0410670650676,4022.3248308778775
2025-04-12,265,3052.1004866605426,2893.7862508733842,3231.8936995659251
2025-04-12,266,2246.7475589413698,2055.6050351387212,2422.2541371386515
2025-04-12,267,1452.5808596378797,1253.8790430760369,1629.0778186854134
2025-04-12,268,1448.4530328393348,1247.8366757585295,1659.9007078017992
2025-04-12,269,1455.160689803128,1217.0954536001632,1690.0716925312049
2025-04-12,270,1450.4615257670916,1217.0954536001632,1670.6657816773402
2025-04-12,271,1438.545346450182,1213.1506623677237,1603.948018468413
2025-04-12,272,1436.6247749957688,1213.0332437207123,1618.9022962911033
2025-04-12,273,1421.5277671624806,1226.7639162784531,1613.9502734999182
2025-04-12,274,1432.9682556620821,1200,1626.0542084399258
2025-04-12,275,2145.6879580852583,1896.6585346046636,2341.3541417346578
2025-04-12,276,2882.0619282950815,2636.522013452131,3081.4807683130471
2025-04-12,277,2905.1793450061623,2666.2648805863123,3123.7201011739785
2025-04-12,278,3622.078914661105,3350.2624805980367,3845.1124638491183
2025-04-12,279,4339.9858316904601,4068.2058821961073,4587.6429388494789
2025-04-12,280,5062.2314393046136,4811.6318842420651,5300.9818659677821
2025-04-12,281,5774.6302187265501,5533.079799509318,6025.8900917015799
2025-04-12,282,5940.1997065451769,5696.3797254657984,6212.1185543598704
2025-04-12,283,6674.8844761895198,6446.3797254657984,6953.8169862085751
2025-04-12,284,7398.8316942174779,7183.4354718894938,7669.7248215764102
2025-04-12,285,8122.8102368953896,7921.1514302048799,8386.7143993223599
2025-04-12,286,8176.2674020802642,7984.6629844914296,8434.279655045586
2025-04-12,287,8198.5811291897789,8014.8345152163402,8434.9111326607053
2025-04-12,288,8939.0791432677415,8739.0093122644266,9174.2807043767625
2025-04-12,289,9663.8719441272315,9457.9074381929095,9915.2386058714274
2025-04-12,290,9685.7142267295076,9463.6040292779599,9911.386345111534
2025-04-12,291,9703.8132312143098,9475.5153490675275,9937.7643929424194
2025-04-12,292,9727.5115504567912,9494.664287003854,9951.8154983699533
2025-04-12,293,9749.9980869439169,9506.4058605154205,9977.5064684697718
2025-04-12,294,9764.1527900173915,9540.1603486343338,9990.4662042893906
2025-04-12,295,9784.4819311381725,9573.3841935313121,10018.497382884294
2025-04-12,296,9794.5021458169867,9592.4315711849213,10020.811624003343
2025-04-12,297,9787.3004654359193,9569.9184364863158,10002.21692934081
2025-04-12,298,9783.5509854835818,9544.4026980439485,10001.882843740854
2025-04-12,299,9793.7220348200972,9571.8884395784298,10008.640812910355
2025-04-12,300,9818.6171410191509,9598.1725758533776,10053.044693498583
2025-04-12,301,9843.8442438814654,9609.609885648546,10103.730715748592
2025-04-12,302,9871.6933479509735,9648.3152604730531,10131.216817611832
2025-04-12,303,9892.9528236017613,9666.3954201290708,10162.647771729933
2025-04-12,304,9924.2166068991828,9693.6311656880735,10209.487748414582
2025-04-12,305,9949.1927229514622,9730.3097206901493,10245.328718919081
2025-04-12,306,9955.9448568421903,9721.6035446719452,10247.796108206001
2025-04-12,307,9972.7171819282339,9723.497067764687,10233.142017686101
2025-04-12,308,9998.7161023924364,9761.2209777792741,10237.014647704405
2025-04-12,309,10010.471321521274,9781.2055498937571,10233.610478718669
2025-04-12,310,10015.854196868209,9786.8778037461161,10239.039168140418
2025-04-12,311,10029.117507501298,9790.7446656928842,10277.328419604022
2025-04-12,312,10042.679404631197,9806.1998734577792,10300.498472389867
2025-04-12,313,10058.016206479881,9817.397742489351,10321.377921320463
2025-04-12,314,10070.50380865238,9833.8420547052629,10341.048996004407
2025-04-12,315,10087.760975415134,9852.6089136303381,10333.920529709385
2025-04-12,316,10111.782426714293,9893.4873344678763,10358.87511623685
2025-04-12,317,10138.645860908882,9921.2033442585762,10371.652394435383
2025-04-12,318,10157.819181728273,9934.5350455311655,10387.491585325404
2025-04-12,319,10184.813140187423,9997.5163511989213,10429.534764425583
2025-04-12,320,10212.877582922309,9997.5163511989213,10478.368762232456
2025-04-12,321,10782.461640228412,10720.185492258643,10800
2025-04-12,322,10660.585469229283,10583.392498919809,10711.729405091408
2025-04-12,323,9858.2874556366896,9766.0981081730515,9952.0440217329578
2025-04-12,324,9100.2817455891309,9010.4995601463906,9217.2992039850815
2025-04-12,325,8398.2056547859884,8284.6358348825652,8523.4760081849345
2025-04-12,326,7747.0032139443238,7607.7329777593686,7889.9324353841403
2025-04-12,327,7152.8074781135374,7002.696102683868,7313.1744089038566
2025-04-12,328,6612.6967187407045,6431.4224156312139,6807.8817579585047
2025-04-12,329,6135.8583979088789,5897.1375150057956,6330.134930678284
2025-04-12,330,5717.0987105322884,5419.4775422137191,5912.0190962014858
2025-04-12,331,5352.0766313016411,5031.6768790633087,5564.5516121197679
2025-04-12,332,5080.4852862722091,4721.4137820462493,5326.7093102441504
2025-04-12,333,4885.841444840019,4484.6882771770988,5203.323884129808
2025-04-12,334,4601.1011947070565,4213.9712233741602,4955.7425861023448
2025-04-12,335,4112.6788410222425,3663.3365300197083,4524.4709379738033
2025-04-12,336,3682.0344762216278,3129.8327678123455,4145.9843361568483
2025-04-12,337,3344.947723577473,2673.3001981561238,3862.8717655299574
2025-04-12,338,3049.6285300119785,2305.776230195439,3633.7697989342773
2025-04-12,339,2819.626319634544,2018.6881799019272,3457.389421926352
2025-04-12,340,2648.7946348770461,1815.640034041292,3365.438607013175
2025-04-12,341,2511.6566819641248,1629.4259927999908,3352.2337020731525
2025-04-12,342,2408.9739598479568,1574.3115815942754,3365.7094396416237
2025-04-12,343,2352.9255207334445,1474.2633489586983,3406.5296182240345
2025-04-12,344,2340.6695053867597,1452.1367667114546,3473.2102160145105
2025-04-12,345,2363.7234441218252,1477.7237850374479,3526.4103807968695
2025-04-12,346,2421.1678829376337,1505.0606482639839,3536.8118335974345
2025-04-12,347,2520.2841468820197,1584.8576602930671,3703.0902407439298
2025-04-12,348,2673.5817936479311,1799.4138341547009,3918.9832656114222
2025-04-12,349,2860.8339377428424,1940.3368543121971,4159.7489376586136
2025-04-12,350,3049.6300868833337,2116.50345157825,4426.9404772942971
2025-04-12,351,3287.0554914168638,2158.1305730640584,4711.0548450795086
2025-04-12,352,3557.9490303738376,2409.2364864820047,5061.1268738588478
2025-04-12,353,3791.1119337284586,2681.0905605852554,5332.9809479620981
2025-04-12,354,4444.8373928918845,3385.4686987231362,6082.9809479620981
2025-04-12,355,4855.8367570311448,3817.663348953668,6515.1755981926299
2025-04-12,356,5594.8142229120767,4567.663348953668,7265.1755981926299
2025-04-12,357,6254.1422045265617,5317.663348953668,8015.1755981926299
2025-04-12,358,6982.7873072728244,6059.5096988044461,8765.175598192629
2025-04-12,359,7721.3668185326687,6809.5096988044461,9515.175598192629
2025-04-12,360,8457.8830240579591,7559.5096988044461,10261.69824141812
2025-04-12,361,9159.3344996008727,8290.8302858301977,10800
2025-04-12,362,9779.0747028904043,8907.7861883619571,10800
2025-04-12,363,10303.857189384491,9542.5927825464678,10800
2025-04-12,364,10461.598762417354,9670.4370809109569,10800
2025-04-12,365,10531.869622762766,9789.7140308438611,10800
2025-04-12,366,10574.979972227473,9965.4354114175421,10800
2025-04-12,367,10612.26560930609,10243.684137076665,10800
2025-04-12,368,10645.875180555788,10433.364982646879,10800
2025-04-12,369,10672.844553315163,10604.84328952061,10800
2025-04-12,370,10688.329053573139,10727.537763470251,10800
2025-04-12,371,10700.068596908286,10799.999999999996,10800
2025-04-12,372,10707.811098655076,10797.379883435624,10800
2025-04-12,373,10708.182231124349,10740.918356684628,10800
2025-04-12,374,10700.239111384379,10691.541912842287,10800
2025-04-12,375,10677.501798799913,10608.210397663319,10800
2025-04-12,376,10637.190649069233,10469.127477935826,10800
2025-04-12,377,10661.510783516394,10496.593782480391,10800
2025-04-12,378,10672.485228392434,10498.24979338551,10800
2025-04-12,379,10675.131732776388,10486.480637246887,10800
2025-04-12,380,10674.742115273864,10448.816982372547,10800
2025-04-12,381,10636.70947250407,10296.378275054794,10800
2025-04-12,382,10626.198363549152,10233.581817383772,10800
2025-04-12,383,10652.379447750902,10263.461538896083,10800
2025-04-12,384,10658.537218177045,10305.157800803936,10800
2025-04-12,385,10663.917888258136,10354.770587110072,10800
2025-04-12,386,10665.503856256946,10376.353874112221,10800
2025-04-12,387,10669.930636992578,10410.245968576954,10800
2025-04-12,388,10674.470801089907,10422.40629229958,10800
2025-04-12,389,10682.970671190154,10424.817666402436,10800
2025-04-12,390,10687.950758194376,10445.788045332916,10800
2025-04-12,391,10687.546849915385,10458.927627513383,10800
2025-04-12,392,10687.858336984993,10471.20866936213,10800
2025-04-12,393,10696.100988872098,10483.687886584756,10800
2025-04-12,394,10699.644640973956,10495.490819881292,10800
2025-04-12,395,10695.739956968649,10520.277270585937,10800
2025-04-12,396,10685.17041629877,10512.392998534018,10800
2025-04-12,397,10667.121527580523,10471.362592406937,10790.959025356109
2025-04-12,398,10644.354362099739,10462.657620495214,10773.954304851914
2025-04-12,399,10623.27035181081,10458.400240807112,10771.077503633451
2025-04-12,400,10107.970879463688,9942.640643686791,10259.216792876869
2025-04-12,401,9299.5969078882827,9139.4245421725645,9429.9324719915821
2025-04-12,402,8522.8994543807657,8382.7653097088478,8658.0024793054454
2025-04-12,403,7763.5130420936721,7598.279148565096,7927.4541426469295
2025-04-12,404,6964.2949410111296,6807.1962823377999,7148.6564822196815
2025-04-12,405,6167.0141944198822,6014.0029748932639,6368.6535306144233
2025-04-12,406,5368.395369914042,5214.9578090834357,5575.6741270268594
2025-04-12,407,4563.9111909066933,4409.8643571636385,4779.2120005675697
2025-04-12,408,3759.332848281455,3593.5698976582848,3984.3688596034344
2025-04-12,409,2956.8994981465612,2788.4801067207563,3193.0686544767782
2025-04-12,410,2158.6421852976309,1998.3131155910655,2401.445383655705
2025-04-12,411,1426.1787290015195,1227.6754189414714,1642.0219274927285
2025-04-12,412,1426.3174422740085,1200,1668.9080580522034
2025-04-12,413,1436.6720693311747,1207.3730387968972,1689.4388534318368
2025-04-12,414,1439.0133202532159,1211.3846528224881,1688.2738985645633
2025-04-12,415,1432.0715269943321,1216.4836379243097,1638.6343895202347
2025-04-12,416,1432.805625396255,1218.9567976687783,1667.5652340799693
2025-04-12,417,1413.12482229427,1200,1647.8956274900145
2025-04-12,418,1430.0693324547801,1200.0000000000023,1643.9243555026485
2025-04-12,419,1462.5517378357792,1222.1293327541177,1688.3787101548612
2025-04-12,420,1474.9667150925884,1233.0775267188183,1677.1312620725914
2025-04-12,421,1469.3140572469886,1240.0651926719804,1688.3309849427226
2025-04-12,422,1476.2276619851521,1213.9133638931382,1726.0176654054856
2025-04-12,423,1483.1008035727521,1219.4540069513614,1757.5583717724355
2025-04-12,424,1477.6092056056796,1238.4027111349678,1745.6143107030457
2025-04-12,425,1459.6061382200453,1218.0627830861447,1742.2541861756836
2025-04-12,426,1447.4193732070605,1212.4922322498896,1752.7751216668046
2025-04-12,427,1448.7914930822446,1212.4922322498896,1759.4235288227803
2025-04-12,428,1430.5899154333226,1200,1732.9549021180369
2025-04-12,429,1414.8759361100645,1200,1705.8669503301664
2025-04-12,430,1392.2247435712866,1200,1668.4243166619679
2025-04-12,431,1366.7141977653755,1200,1609.9853354674665
