date,slot,timestamp,node_hour,net_kwh,load_kw,pv_kw,price,price_forecast,grid,charge_cap,discharge_cap,called,unused,charge,discharge,emergency,spill,soc,total_surplus,g0,initial_soc,planned_cost,adjustment_cost,emergency_cost,total_cost
2025-04-23,0,2025-04-23 00:10:00,0,606.04008333333331,3636.2404999999999,0,0.47139999999999999,0.41616963866717066,597.54100228044069,833.33333333333326,0,597.54100228044069,0,0,0,8.4990810528926204,0,10800,0,597.54100228044069,10800,281.68082847499971,0,20.032334041667905,301.71316251666764
2025-04-23,1,2025-04-23 00:20:00,0,600.40531666666664,3602.4319,0,0.505,0.42652531713635727,599.2144518744708,833.33333333333326,0,599.2144518744708,0,0,0,1.1908647921958391,0,10800,0,599.2144518744708,10800,302.60329819660774,0,3.0069336002944937,305.61023179690221
2025-04-23,2,2025-04-23 00:30:00,0,602.94166666666661,3617.6500000000001,0,0.48420000000000002,0.44592570630421563,608.90787924453457,833.33333333333326,0,602.94166666666661,5.9662125778679638,0,0,0,0,10800,5.9662125778679638,608.90787924453457,10800,294.83319513020365,0,0,294.83319513020365
2025-04-23,3,2025-04-23 00:40:00,0,584.15458333333322,3504.9274999999998,0,0.44109999999999999,0.43982629998661815,621.17991726418813,833.33333333333326,0,584.15458333333322,37.025333930854913,0,0,0,0,10800,37.025333930854913,621.17991726418813,10800,274.00246150523338,0,0,274.00246150523338
2025-04-23,4,2025-04-23 00:50:00,0,594.39638333333323,3566.3782999999999,0,0.46989999999999998,0.42698000747243703,618.81939100780676,833.33333333333326,0,594.39638333333323,24.423007674473524,0,0,0,0,10800,24.423007674473524,618.81939100780676,10800,290.78323183456837,0,0,290.78323183456837
2025-04-23,5,2025-04-23 01:00:00,0,621.97333333333336,3731.8400000000001,0,0.51959999999999995,0.4303895056541277,618.45283500945413,833.33333333333326,0,618.45283500945413,0,0,0,3.5204983238792238,0,10800,0,618.45283500945413,10800,321.34809307091234,0,9.1462546454382228,330.49434771635055
2025-04-23,6,2025-04-23 01:10:00,0,599.75036666666665,3598.5021999999999,0,0.45529999999999998,0.45186972996480784,613.42997707784855,833.33333333333326,0,599.75036666666665,13.679610411181898,0,0,0,0,10800,13.679610411181898,613.42997707784855,10800,279.29466856354441,0,0,279.29466856354441
2025-04-23,7,2025-04-23 01:20:00,0,568.21118333333334,3409.2671,0,0.436,0.44162224960921692,623.83544806241071,833.33333333333326,0,568.21118333333334,55.624264729077368,0,0,0,0,10800,55.624264729077368,623.83544806241071,10800,271.99225535521106,0,0,271.99225535521106
2025-04-23,8,2025-04-23 01:30:00,0,566.79499999999996,3400.77,0,0.49020000000000002,0.41455858710677579,630.72768620493412,833.33333333333326,0,566.79499999999996,63.932686204934157,0,0,0,0,10800,63.932686204934157,630.72768620493412,10800,309.18271177765871,0,0,309.18271177765871
2025-04-23,9,2025-04-23 01:40:00,0,595.69176666666658,3574.1505999999999,0,0.4803,0.43042226828652108,619.96660370081406,833.33333333333326,0,595.69176666666658,24.274837034147481,0,0,0,0,10800,24.274837034147481,619.96660370081406,10800,297.769959757501,0,0,297.769959757501
2025-04-23,10,2025-04-23 01:50:00,0,615.07204999999999,3690.4322999999999,0,0.42649999999999999,0.43804290340393542,624.77551029192068,833.33333333333326,0,615.07204999999999,9.7034602919206918,0,0,0,0,10800,9.7034602919206918,624.77551029192068,10800,266.46675513950419,0,0,266.46675513950419
2025-04-23,11,2025-04-23 02:00:00,0,610.63999999999999,3663.8400000000001,0,0.39800000000000002,0.43086682411967564,625.40061302583615,833.33333333333326,0,610.63999999999999,14.760613025836165,0,0,0,0,10800,14.760613025836165,625.40061302583615,10800,248.9094439842828,0,0,248.9094439842828
2025-04-23,12,2025-04-23 02:10:00,0,600.8299833333333,3604.9798999999998,0,0.438,0.44748509473669812,614.78131383464608,833.33333333333326,0,600.8299833333333,13.951330501312782,0,0,0,0,10800,13.951330501312782,614.78131383464608,10800,269.27421545957498,0,0,269.27421545957498
2025-04-23,13,2025-04-23 02:20:00,0,593.57796666666661,3561.4677999999999,0,0.45789999999999997,0.43847187030743046,640.19035043725319,833.33333333333326,0,593.57796666666661,46.612383770586575,0,0,0,0,10800,46.612383770586575,640.19035043725319,10800,293.14316146521821,0,0,293.14316146521821
2025-04-23,14,2025-04-23 02:30:00,0,581.6583333333333,3489.9499999999998,0,0.42949999999999999,0.40968367556837176,647.98753500172973,833.33333333333326,0,581.6583333333333,66.329201668396422,0,0,0,0,10800,66.329201668396422,647.98753500172973,10800,278.31064628324293,0,0,278.31064628324293
2025-04-23,15,2025-04-23 02:40:00,0,558.61908333333326,3351.7145,0,0.41099999999999998,0.4181790476160589,653.08272731962768,833.33333333333326,0,558.61908333333326,94.463643986294414,0,0,0,0,10800,94.463643986294414,653.08272731962768,10800,268.41700092836697,0,0,268.41700092836697
2025-04-23,16,2025-04-23 02:50:00,0,567.03374999999994,3402.2024999999999,0,0.42880000000000001,0.4323440130275949,632.82762970504587,833.33333333333326,0,567.03374999999994,65.793879705045924,0,0,0,0,10800,65.793879705045924,632.82762970504587,10800,271.35648761752367,0,0,271.35648761752367
2025-04-23,17,2025-04-23 03:00:00,0,601.1583333333333,3606.9499999999998,0,0.4521,0.43710573934496655,631.1309543322094,833.33333333333326,0,601.1583333333333,29.972620998876096,0,0,0,0,10800,29.972620998876096,631.1309543322094,10800,285.33430445359187,0,0,285.33430445359187
2025-04-23,18,2025-04-23 03:10:00,0,610.26668333333328,3661.6001000000001,0,0.42880000000000001,0.44737713125729645,632.36607804929861,833.33333333333326,0,610.26668333333328,22.099394715965332,0,0,0,0,10800,22.099394715965332,632.36607804929861,10800,271.15857426753928,0,0,271.15857426753928
2025-04-23,19,2025-04-23 03:20:00,0,606.12761666666665,3636.7656999999999,0,0.41489999999999999,0.44663615350157865,633.97314528943264,833.33333333333326,0,606.12761666666665,27.845528622765983,0,0,0,0,10800,27.845528622765983,633.97314528943264,10800,263.03545798058559,0,0,263.03545798058559
2025-04-23,20,2025-04-23 03:30:00,0,607.55499999999995,3645.3299999999999,0,0.44550000000000001,0.44270386299572523,648.33212355771582,833.33333333333326,0,607.55499999999995,40.777123557715868,0,0,0,0,10800,40.777123557715868,648.33212355771582,10800,288.83196104496238,0,0,288.83196104496238
2025-04-23,21,2025-04-23 03:40:00,0,617.58808333333332,3705.5304000000001,0.0019,0.49149999999999999,0.4584670082056379,643.24837068008151,833.33333333333326,0,617.58808333333332,25.660287346748191,0,0,0,0,10800,25.660287346748191,643.24837068008151,10800,316.15657418926008,0,0,316.15657418926008
2025-04-23,22,2025-04-23 03:50:00,0,614.68601666666666,3688.1161000000002,0,0.46539999999999998,0.46389785513652804,629.45535208950071,833.33333333333326,0,614.68601666666666,14.769335422834047,0,0,0,0,10800,14.769335422834047,629.45535208950071,10800,292.94852086245362,0,0,292.94852086245362
2025-04-23,23,2025-04-23 04:00:00,0,606.125,3636.75,0,0.40179999999999999,0.45617938725634333,668.14838660662531,833.33333333333326,0,606.125,62.023386606625309,0,0,0,0,10800,62.023386606625309,668.14838660662531,10800,268.46202173854203,0,0,268.46202173854203
2025-04-23,24,2025-04-23 04:10:00,0,620.41499999999996,3722.5171,0.027099999999999999,0.42280000000000001,0.46756939749731302,645.68119031152855,833.33333333333326,0,620.41499999999996,25.26619031152859,0,0,0,0,10800,25.26619031152859,645.68119031152855,10800,272.99400726371425,0,0,272.99400726371425
2025-04-23,25,2025-04-23 04:20:00,0,632.34738333333325,3794.0843,0,0.46150000000000002,0.48608289003503768,639.62578274431269,833.33333333333326,0,632.34738333333325,7.2783994109794321,0,0,0,0,10800,7.2783994109794321,639.62578274431269,10800,295.18729873650034,0,0,295.18729873650034
2025-04-23,26,2025-04-23 04:30:00,0,620.30833333333328,3721.8499999999999,0,0.46429999999999999,0.48427712209982343,638.89210747762058,833.33333333333326,0,620.30833333333328,18.583774144287304,0,0,0,0,10800,18.583774144287304,638.89210747762058,10800,296.63760550185924,0,0,296.63760550185924
2025-04-23,27,2025-04-23 04:40:00,0,590.34563333333324,3542.4506999999999,0.37690000000000001,0.44719999999999999,0.45316908434531489,645.02789419863541,833.33333333333326,0,590.34563333333324,54.682260865302169,0,0,0,0,10800,54.682260865302169,645.02789419863541,10800,288.45647428562972,0,0,288.45647428562972
2025-04-23,28,2025-04-23 04:50:00,0,587.4761166666666,3524.8566999999998,0,0.45469999999999999,0.43223711151401012,646.26372284519334,833.33333333333326,0,587.4761166666666,58.787606178526744,0,0,0,0,10800,58.787606178526744,646.26372284519334,10800,293.85611477770942,0,0,293.85611477770942
2025-04-23,29,2025-04-23 05:00:00,0,612.42999999999995,3674.5799999999999,0,0.47999999999999998,0.43484982999751992,657.41333984654807,833.33333333333326,0,612.42999999999995,44.98333984654812,0,0,0,0,10800,44.98333984654812,657.41333984654807,10800,315.55840312634308,0,0,315.55840312634308
2025-04-23,30,2025-04-23 05:10:00,0,622.31293333333326,3739.1275999999998,5.25,0.47560000000000002,0.44210137078693318,632.10480244084704,833.33333333333326,0,622.31293333333326,9.7918691075137758,0,0,0,0,10800,9.7918691075137758,632.10480244084704,10800,300.62904404086686,0,0,300.62904404086686
2025-04-23,31,2025-04-23 05:20:00,0,619.36324999999999,3716.1795000000002,0,0.45939999999999998,0.45350738260833418,612.27807098106632,833.33333333333326,0,612.27807098106632,0,0,0,7.0851790189336725,0,10800,0,612.27807098106632,10800,281.28054580870185,0,16.274656206490643,297.55520201519249
2025-04-23,32,2025-04-23 05:30:00,0,613.43041666666659,3683.77,3.1875,0.42699999999999999,0.43326200818852778,608.26733566061887,833.33333333333326,0,608.26733566061887,0,0,0,5.1630810060477188,0,10800,0,608.26733566061887,10800,259.73015232708423,0,11.023177947911879,270.75333027499613
2025-04-23,33,2025-04-23 05:40:00,0,600.94138333333331,3773.2175000000002,167.5692,0.39939999999999998,0.39286389789691456,587.65618828168169,833.33333333333326,0,587.65618828168169,0,0,0,13.285195051651613,0,10800,0,587.65618828168169,10800,234.70988159970366,0,26.530534518148269,261.24041611785191
2025-04-23,34,2025-04-23 05:50:00,0,634.9720166666666,4246.6729999999998,436.84089999999998,0.63529999999999998,0.60901980987387672,616.96357874761532,833.33333333333326,0,616.96357874761532,0,0,0,18.008437919051289,0,10800,0,616.96357874761532,10800,391.95696157835999,0,57.203803049866416,449.16076462822639
2025-04-23,35,2025-04-23 06:00:00,0,685.09958333333338,4826.8100000000004,716.21249999999998,0.97689999999999999,0.93832382417167348,753.02009334476338,833.33333333333326,0,685.09958333333338,67.920510011429997,0,0,0,0,10800,67.920510011429997,753.02009334476338,10800,735.62532918849934,0,0,735.62532918849934
2025-04-23,36,2025-04-23 06:10:00,6,659.77298333333329,4903.4865,944.84860000000003,0.97119999999999995,0.94656140699439051,725.92273046379955,833.33333333333326,0,659.77298333333329,66.149747130466267,0,0,0,0,10800,66.149747130466267,713.52709260378288,10800,692.97751233679389,18.057965234472295,0,711.03547757126614
2025-04-23,37,2025-04-23 06:20:00,6,595.24473333333333,4809.0779000000002,1237.6095,0.87929999999999997,0.86691837719392273,661.48298176311448,833.33333333333326,0,595.24473333333333,66.238248429781152,0,0,0,0,10800,66.238248429781152,642.74440492486247,10800,565.16515525043155,24.715245920812496,0,589.8804011712441
2025-04-23,38,2025-04-23 06:30:00,6,529.46124999999995,4791.7799999999997,1615.0125,0.86539999999999995,0.86039029355073438,627.53909745782448,833.33333333333326,0,529.46124999999995,98.077847457824532,0,0,0,0,10800,98.077847457824532,577.05424045291636,10800,499.3827396879538,65.53439287807123,0,564.91713256602497
2025-04-23,39,2025-04-23 06:40:00,6,467.46406666666655,4781.3149999999996,1976.5306,0.8407,0.84592799824515075,574.97213654822906,833.33333333333326,0,467.46406666666655,107.50806988156251,0,0,0,0,10800,107.50806988156251,579.60516988156246,10800,487.27406631942955,-1.9474955616666951,0,485.32657075776285
2025-04-23,40,2025-04-23 06:50:00,6,408.09784999999999,4740.6697000000004,2292.0826000000002,0.82269999999999999,0.81365378694456647,489.8856566377741,833.33333333333326,0,408.09784999999999,81.787806637774111,0,0,0,0,10800,81.787806637774111,496.61415663777404,10800,408.5644666658967,-2.7677684749999751,0,405.79669819089673
2025-04-23,41,2025-04-23 07:00:00,6,355.55166666666662,4707.9099999999999,2574.5999999999999,0.80230000000000001,0.78806068013306618,424.25426780632347,833.33333333333326,0,355.55166666666662,68.702601139656849,0,0,0,0,10800,68.702601139656849,386.55350369092253,10800,310.13187601122712,45.370984574679269,0,355.50286058590638
2025-04-23,42,2025-04-23 07:10:00,6,321.09146666666658,4772.0460999999996,2845.4973,0.74839999999999995,0.78060294700488042,364.30444241279446,833.33333333333326,0,321.09146666666658,43.212975746127881,0,0,0,0,10800,43.212975746127881,356.37624957407741,10800,266.71198518123953,8.9001892807437617,0,275.61217446198327
2025-04-23,43,2025-04-23 07:20:00,6,314.78933333333339,4958.2965000000004,3069.5605,0.755,0.75856268584004771,348.61347682766473,833.33333333333326,0,314.78933333333339,33.824143494331338,0,0,0,0,10800,33.824143494331338,324.72575329925394,10800,245.16794374093672,27.052846895925217,0,272.22079063686192
2025-04-23,44,2025-04-23 07:30:00,6,271.22624999999999,4937.3699999999999,3310.0124999999998,0.74670000000000003,0.69960406086900517,295.85892412935118,833.33333333333326,0,271.22624999999999,24.632674129351187,0,0,0,0,10800,24.632674129351187,263.0821557425146,10800,196.44344569293565,36.711619431676311,0,233.15506512461195
2025-04-23,45,2025-04-23 07:40:00,6,139.21386666666663,4506.5281999999997,3671.2449999999999,0.59919999999999995,0.65711184785674681,237.78063319057392,833.33333333333326,0,139.21386666666663,98.56676652390729,0,0,0,0,10800,98.56676652390729,231.03558873721522,10800,138.43652477133935,6.0624459546788003,0,144.49897072601814
2025-04-23,46,2025-04-23 07:50:00,6,205.35554999999999,5215.1682000000001,3983.0349000000001,0.76729999999999998,0.84148084103503562,282.91586091995856,833.33333333333326,0,205.35554999999999,77.560310919958567,0,0,0,0,10800,77.560310919958567,303.0540279390857,10800,232.53335563766046,-7.7260077768881263,0,224.80734786077232
2025-04-23,47,2025-04-23 08:00:00,6,395.32708333333341,6653.3000000000002,4281.3374999999996,1.151,1.1321127166371088,454.12337014537195,833.33333333333326,0,395.32708333333341,58.796286812038545,0,0,0,0,10800,58.796286812038545,472.66657214146295,10800,544.03922453482392,-10.67161274875037,0,533.36761178607355
2025-04-23,48,2025-04-23 08:10:00,6,334.99898333333323,6759.7250999999997,4749.7312000000002,1.1615,1.1792256122983396,458.95818429137091,833.33333333333326,0,334.99898333333323,123.95920095803768,0,0,0,0,10800,123.95920095803768,440.5491964766872,10800,511.69789170767217,32.073059020132696,0,543.77095072780492
2025-04-23,49,2025-04-23 08:20:00,6,226.66468333333341,6434.3293000000003,5074.3411999999998,1.0547,1.1125583923013742,402.21315964649023,833.33333333333326,0,226.66468333333341,175.54847631315681,0,0,0,0,10800,175.54847631315681,383.90018823444871,10800,404.89952853087306,28.972036422420285,0,433.87156495329333
2025-04-23,50,2025-04-23 08:30:00,6,213.24833333333345,6465.1400000000003,5185.6499999999996,1.0325,1.0747251220698968,314.4752391351509,833.33333333333326,0,213.24833333333345,101.22690580181745,0,0,0,0,10800,101.22690580181745,335.91717877338795,10800,346.83448708352307,-11.069401338239874,0,335.76508574528322
2025-04-23,51,2025-04-23 08:40:00,6,221.68758333333318,6675.2578999999996,5345.1324000000004,1.0279,1.0675704730397688,286.81116361493503,833.33333333333326,0,221.68758333333318,65.123580281601846,0,0,0,0,10800,65.123580281601846,322.95802506118213,10800,331.9685539603891,-18.577679440298699,0,313.39087452009039
2025-04-23,52,2025-04-23 08:50:00,6,154.05506666666662,6572.7088999999996,5648.3784999999998,0.99070000000000003,1.0508016551869677,242.47393107992144,833.33333333333326,0,154.05506666666662,88.418864413254823,0,0,0,0,10800,88.418864413254823,261.9814584778884,10800,259.54503091404405,-9.6630536965829297,0,249.88197721746113
2025-04-23,53,2025-04-23 09:00:00,6,35.155416666666646,6291.8199999999997,6080.8874999999998,0.9496,1.0111133493928091,189.79193385138734,833.33333333333326,0,35.155416666666646,154.6365171847207,0,0,0,0,10800,154.6365171847207,241.16614413696325,10800,229.0113704724603,-24.392475043591443,0,204.61889542886885
2025-04-23,54,2025-04-23 09:10:00,6,-17.435416666666697,6428.5120999999999,6533.1246000000001,0.97099999999999997,0.97517363523178857,150.47285916080165,833.33333333333326,0,0,150.47285916080165,0,0,0,17.435416666666697,10800,167.90827582746834,161.34779023150264,10800,156.66870431478907,-5.2797790348253333,0,151.38892527996373
2025-04-23,55,2025-04-23 09:20:00,6,-22.40136666666664,6655.6666999999998,6790.0748999999996,0.98609999999999998,0.97302896392411509,142.28329924107243,833.33333333333326,0,0,142.28329924107243,0,0,0,22.40136666666664,10800,164.68466590773906,108.89146895425293,10800,107.37787753578881,49.391525768749062,0,156.76940330453789
2025-04-23,56,2025-04-23 09:30:00,6,-50.055833333333339,6686.4399999999996,6986.7749999999996,0.96730000000000005,0.98866269953755603,89.038121915601394,833.33333333333326,0,0,89.038121915601394,0,0,0,50.055833333333339,10800,139.09395524893472,103.19675496627671,10800,99.822221078879465,-6.8478228749591192,0,92.974398203920344
2025-04-23,57,2025-04-23 09:40:00,6,-147.05458333333323,6559.0347000000002,7441.3621999999996,0.94820000000000004,0.97686143241607692,27.0236724870405,833.33333333333326,0,0,27.0236724870405,0,0,0,147.05458333333323,10800,174.07825582037373,0,10800,0,38.435769378317701,0,38.435769378317701
2025-04-23,58,2025-04-23 09:50:00,6,-206.66748333333331,6488.0689000000002,7728.0738000000001,0.90649999999999997,0.94761217550060439,0,833.33333333333326,0,0,0,0,0,0,206.66748333333331,10800,206.66748333333331,0,10800,0,0,0,0
2025-04-23,59,2025-04-23 10:00:00,6,-218.68416666666658,6522.9200000000001,7835.0249999999996,0.85440000000000005,0.92750611952835604,0,833.33333333333326,0,0,0,0,0,0,218.68416666666658,10800,218.68416666666658,0,10800,0,0,0,0
2025-04-23,60,2025-04-23 10:10:00,6,-275.41208333333344,6532.3059999999996,8184.7785000000003,0.8357,0.9252387982697946,0,833.33333333333326,0,0,0,0,0,0,275.41208333333344,10800,275.41208333333344,0,10800,0,0,0,0
2025-04-23,61,2025-04-23 10:20:00,6,-339.53543333333329,6489.9682000000003,8527.1808000000001,0.82630000000000003,0.90390180466984738,0,833.33333333333326,0,0,0,0,0,0,339.53543333333329,10800,339.53543333333329,0,10800,0,0,0,0
2025-04-23,62,2025-04-23 10:30:00,6,-350.80750000000018,6455.7299999999996,8560.5750000000007,0.83199999999999996,0.89430805167968763,0,833.33333333333326,0,0,0,0,0,0,350.80750000000018,10800,350.80750000000018,0,10800,0,0,0,0
2025-04-23,63,2025-04-23 10:40:00,6,-298.58780000000007,6487.6102000000001,8279.1370000000006,0.85299999999999998,0.92374707820348179,0,833.33333333333326,0,0,0,0,0,0,298.58780000000007,10800,298.58780000000007,0,10800,0,0,0,0
2025-04-23,64,2025-04-23 10:50:00,6,-318.03993333333312,6419.3662000000004,8327.6057999999994,0.69089999999999996,0.7671624357122141,0,833.33333333333326,0,0,0,0,0,0,318.03993333333312,10800,318.03993333333312,0,10800,0,0,0,0
2025-04-23,65,2025-04-23 11:00:00,6,-380.79624999999999,6328.2600000000002,8613.0375000000004,0.45629999999999998,0.51468757035209056,0,833.33333333333326,0,0,0,0,0,0,380.79624999999999,10800,380.79624999999999,0,10800,0,0,0,0
2025-04-23,66,2025-04-23 11:10:00,6,-324.75829999999996,6456.0099,8404.5596999999998,0.47649999999999998,0.49400270093514209,0,833.33333333333326,0,0,0,0,0,0,324.75829999999996,10800,324.75829999999996,0,10800,0,0,0,0
2025-04-23,67,2025-04-23 11:20:00,6,-248.06538333333339,6516.9784,8005.3707000000004,0.52029999999999998,0.52920024358641127,0,833.33333333333326,0,0,0,0,0,0,248.06538333333339,10800,248.06538333333339,0,10800,0,0,0,0
2025-04-23,68,2025-04-23 11:30:00,6,-218.58875000000003,6445.9799999999996,7757.5124999999998,0.49819999999999998,0.51104945017226022,0,833.33333333333326,0,0,0,0,0,0,218.58875000000003,10800,218.58875000000003,0,10800,0,0,0,0
2025-04-23,69,2025-04-23 11:40:00,6,-217.31751666666665,6429.4818999999998,7733.3869999999997,0.54390000000000005,0.51531457634124012,0,833.33333333333326,0,0,0,0,0,0,217.31751666666665,10800,217.31751666666665,0,10800,0,0,0,0
2025-04-23,70,2025-04-23 11:50:00,6,-264.91688333333332,6252.7950000000001,7842.2963,0.54790000000000005,0.51226650198008095,0,833.33333333333326,0,0,0,0,0,0,264.91688333333332,10800,264.91688333333332,0,10800,0,0,0,0
2025-04-23,71,2025-04-23 12:00:00,6,-327.2908333333333,5929.0299999999997,7892.7749999999996,0.4748,0.48283832585706865,0,833.33333333333326,0,0,0,0,0,0,327.2908333333333,10800,327.2908333333333,0,10800,0,0,0,0
2025-04-23,72,2025-04-23 12:10:00,12,-331.8872833333333,5764.9085999999998,7756.2322999999997,0.4173,0.45521222304932513,0,833.33333333333326,0,0,0,0,0,0,331.8872833333333,10800,331.8872833333333,0,10800,0,0,0,0
2025-04-23,73,2025-04-23 12:20:00,12,-314.42543333333333,5899.6343999999999,7786.1869999999999,0.42749999999999999,0.46377467660246458,0,833.33333333333326,0,0,0,0,0,0,314.42543333333333,10800,314.42543333333333,0,10800,0,0,0,0
2025-04-23,74,2025-04-23 12:30:00,12,-317.6699999999999,6108.9300000000003,8014.9499999999998,0.44640000000000002,0.46833875304962147,0,833.33333333333326,0,0,0,0,0,0,317.6699999999999,10800,317.6699999999999,0,10800,0,0,0,0
2025-04-23,75,2025-04-23 12:40:00,12,-345.08611666666667,6039.2302,8109.7469000000001,0.40250000000000002,0.43724023386389754,0,833.33333333333326,0,0,0,0,0,0,345.08611666666667,10800,345.08611666666667,0,10800,0,0,0,0
2025-04-23,76,2025-04-23 12:50:00,12,-330.04714999999999,6069.9093999999996,8050.1922999999997,0.55169999999999997,0.59101074280162824,0,833.33333333333326,0,0,0,0,0,0,330.04714999999999,10800,330.04714999999999,0,10800,0,0,0,0
2025-04-23,77,2025-04-23 13:00:00,12,-282.52791666666673,6272.8699999999999,7968.0375000000004,0.82030000000000003,0.84308611185984972,0,833.33333333333326,0,0,0,0,0,0,282.52791666666673,10800,282.52791666666673,0,10800,0,0,0,0
2025-04-23,78,2025-04-23 13:10:00,12,-273.75998333333337,6328.9748,7971.5347000000002,0.85760000000000003,0.86659207316703246,0,833.33333333333326,0,0,0,0,0,0,273.75998333333337,10800,273.75998333333337,0,10800,0,0,0,0
2025-04-23,79,2025-04-23 13:20:00,12,-248.0011833333333,6325.5815000000002,7813.5886,0.84630000000000005,0.81625331473436602,0,833.33333333333326,0,0,0,0,0,0,248.0011833333333,10800,248.0011833333333,0,10800,0,0,0,0
2025-04-23,80,2025-04-23 13:30:00,12,-198.29250000000002,6317.2200000000003,7506.9750000000004,0.87670000000000003,0.83135305719611585,0,833.33333333333326,0,0,0,0,0,0,198.29250000000002,10800,198.29250000000002,0,10800,0,0,0,0
2025-04-23,81,2025-04-23 13:40:00,12,-179.64946666666657,6253.2703000000001,7331.1670999999997,0.85919999999999996,0.88018573791644328,0,833.33333333333326,0,0,0,0,0,0,179.64946666666657,10800,179.64946666666657,0,10800,0,0,0,0
2025-04-23,82,2025-04-23 13:50:00,12,-169.79971666666657,6218.1679000000004,7236.9661999999998,0.89839999999999998,0.89544755726827741,0,833.33333333333326,0,0,0,0,0,0,169.79971666666657,10800,169.79971666666657,0,10800,0,0,0,0
2025-04-23,83,2025-04-23 14:00:00,12,-150.0916666666667,6243.5,7144.0500000000002,0.96870000000000001,0.87955125774381504,0,833.33333333333326,0,0,0,0,0,0,150.0916666666667,10800,150.0916666666667,0,10800,0,0,0,0
2025-04-23,84,2025-04-23 14:10:00,12,-120.74493333333339,6279.2251999999999,7003.6948000000002,0.92800000000000005,0.89099611998663886,0,833.33333333333326,833.33333333333337,0,0,0,0,0,120.74493333333339,10800,120.74493333333339,0,10800,0,0,0,0
2025-04-23,85,2025-04-23 14:20:00,12,-64.326366666666672,6299.8402999999998,6685.7984999999999,0.88919999999999999,0.9069086705028826,0,833.33333333333326,72.650297734411339,0,0,0,0,0,64.326366666666672,10800,64.326366666666672,0,10800,0,0,0,0
2025-04-23,86,2025-04-23 14:30:00,12,-9.1879166666665988,6251.8100000000004,6306.9375,0.92369999999999997,0.94929074953685855,19.153743898822697,833.33333333333326,833.33333333333337,0,19.153743898822697,0,0,0,9.1879166666665988,10800,28.341660565489295,0,10800,0,26.538469859013787,0,26.538469859013787
2025-04-23,87,2025-04-23 14:40:00,12,-5.9052166666666981,6126.5160999999998,6161.9474,0.96660000000000001,1.030535843494917,99.757106284798738,833.33333333333326,833.33333333333337,0,99.757106284798738,0,0,0,5.9052166666666981,10800,105.66232295146544,42.991409295987978,10800,41.555496225501983,82.304584064076721,0,123.8600802895787
2025-04-23,88,2025-04-23 14:50:00,12,4.8404833333332435,6212.4008999999996,6183.3580000000002,0.84850000000000003,0.91738580226412936,9.5619704542896216,833.33333333333326,59.715894751985459,4.8404833333332435,4.721487120956378,0,0,0,0,10800,4.721487120956378,77.986221886476358,10800,66.171309270675195,-29.028988670105225,0,37.142320600569974
2025-04-23,89,2025-04-23 15:00:00,12,40.961249999999986,6345.9300000000003,6100.1625000000004,0.64959999999999996,0.69112233649948729,77.258815737285801,833.33333333333326,17.6543515192634,40.961249999999986,36.297565737285815,0,0,0,0,10800,36.297565737285815,81.13761810892106,10800,52.706996723555115,-1.2598350103071323,0,51.447161713247979
2025-04-23,90,2025-04-23 15:10:00,12,64.674883333333426,6095.9467000000004,5707.8973999999998,0.62839999999999996,0.67945999235040166,84.412401972842261,833.33333333333326,32.187510742030256,64.674883333333426,19.737518639508835,0,0,0,0,10800,19.737518639508835,84.198151926101673,10800,52.910118670362287,0.20195209405767833,0,53.112070764419968
2025-04-23,91,2025-04-23 15:20:00,12,91.815816666666706,6031.2757000000001,5480.3807999999999,0.66059999999999997,0.75049018858250349,109.27463622148814,833.33333333333326,28.985572367496371,91.815816666666706,17.458819554821432,0,0,0,0,10800,17.458819554821432,147.44608766614007,10800,97.402885512252126,-12.608030412168533,0,84.794855100083595
2025-04-23,92,2025-04-23 15:30:00,12,121.77875000000009,6156.5100000000002,5425.8374999999996,0.65649999999999997,0.77523763134464663,137.21182463746504,833.33333333333326,33.868658596936484,121.77875000000009,15.433074637464955,0,0,0,0,10800,15.433074637464955,252.96750712081936,10800,166.07316842481791,-37.996802775161051,0,128.07636564965685
2025-04-23,93,2025-04-23 15:40:00,12,139.1988833333333,5946.1760999999997,5110.9827999999998,0.65800000000000003,0.76875676226256107,113.08511085169721,833.33333333333326,104.53719012881271,113.08511085169721,0,0,26.11377248163609,0,0,10770.984697242626,-0,267.0316848622914,10800,175.70684863938774,-50.648422849485492,0,125.05842578990226
2025-04-23,94,2025-04-23 15:50:00,12,189.06995000000006,5994.7025000000003,4860.2828,0.70050000000000001,0.77353674042430032,234.17318085203729,833.33333333333326,49.542794473659711,221.30917528597143,12.864005566065856,32.239225285971365,0,0,0,10800,12.864005566065863,284.77366450293096,10800,199.48395198430313,-17.722819398725505,0,181.76113258557763
2025-04-23,95,2025-04-23 16:00:00,12,262.85583333333335,6278.0600000000004,4700.9250000000002,0.76619999999999999,0.79869578848492273,265.78566668696863,833.33333333333326,55.761190389570913,262.85583333333335,2.9298333536352743,0,0,0,0,10800,2.9298333536352743,303.68484229702881,10800,232.68332616798347,-14.519174176214056,0,218.16415199176942
2025-04-23,96,2025-04-23 16:10:00,12,305.54816666666659,6146.6765999999998,4313.3876,0.80089999999999995,0.81778966408331888,332.27153143119045,833.33333333333326,833.33333333333337,305.54816666666659,26.723364764523865,0,0,0,0,10800,26.723364764523865,369.24871592844977,10800,295.73129658709541,-14.807513531927492,0,280.92378305516792
2025-04-23,97,2025-04-23 16:20:00,12,350.19591666666662,6053.2579999999998,3952.0825,0.80640000000000001,0.82553985729136525,387.03123599356769,833.33333333333326,833.33333333333337,350.19591666666662,36.835319326901072,0,0,0,0,10800,36.835319326901072,417.70812242223906,10800,336.83982992129359,-12.368920608040295,0,324.47090931325329
2025-04-23,98,2025-04-23 16:30:00,12,409.93416666666667,6159.8800000000001,3700.2750000000001,0.81130000000000002,0.83210491654067498,425.43757838653795,833.33333333333326,833.33333333333337,409.93416666666667,15.503411719871281,0,0,0,0,10800,15.503411719871281,449.37406390551484,10800,364.57717804654419,-9.7098353507729769,0,354.86734269577119
2025-04-23,99,2025-04-23 16:40:00,12,463.3837333333334,6156.8891000000003,3376.5866999999998,0.84570000000000001,0.8487983741136701,517.15419126321626,833.33333333333326,20.099897741954578,463.3837333333334,53.770457929882866,0,0,0,0,10800,53.770457929882866,510.96680202714816,10800,432.12462447435922,7.8490126154141882,0,439.97363708977343
2025-04-23,100,2025-04-23 16:50:00,12,521.29085000000009,6147.3055000000004,3019.5603999999998,0.89500000000000002,0.87760356104606019,533.36369865524512,833.33333333333326,49.078851533107581,521.29085000000009,12.072848655245025,0,0,0,0,10800,12.072848655245025,550.68467429986993,10800,492.86278349838358,-7.7511366009696019,0,485.11164689741395
2025-04-23,101,2025-04-23 17:00:00,12,590.13750000000005,6227.8500000000004,2687.0250000000001,0.92900000000000005,0.91189643251078267,567.09368642620461,833.33333333333326,833.33333333333337,567.09368642620461,0,0,23.043813573795433,0,0,10774.395762695784,-0,583.41779408276545,10800,541.99513070288913,-7.5825480064725106,0,534.41258269641662
2025-04-23,102,2025-04-23 17:10:00,12,660.36643333333325,6336.0029999999997,2373.8044,0.93489999999999995,0.94355707429797631,625.41536731233168,833.33333333333326,833.33333333333337,625.41536731233168,0,0,34.951066021001566,0,0,10735.56124489467,-0,624.46420241609883,10800,583.81158283881075,1.3338660922321421,0,585.14544893104289
2025-04-23,103,2025-04-23 17:20:00,12,711.25261666666665,6254.6902,1987.1745000000001,0.98429999999999995,0.96612538756405597,729.34253466670475,833.33333333333326,12.656286504704781,729.34253466670475,0,18.089918000038097,0,0,0,10751.842171094704,-0,707.91323763636456,10800,696.79899980547361,31.639285600445778,0,728.43828540591937
2025-04-23,104,2025-04-23 17:30:00,12,763.32916666666665,6166.4499999999998,1586.4749999999999,1.0424,0.97854873627992711,757.66737755346503,833.33333333333326,833.33333333333337,757.66737755346503,0,0,5.6617891132016211,0,0,10745.551294302259,-0,789.01209773889343,10800,822.4662106830225,-16.336868160645281,0,806.12934252237721
2025-04-23,105,2025-04-23 17:40:00,12,831.4897666666667,6313.2129000000004,1324.2743,1.0150999999999999,1.0015813933414566,827.22907593410685,833.33333333333326,51.21700577190586,827.22907593410685,0,0,4.2606907325598513,0,0,10740.817193488303,-0,878.17744691209646,10800,891.43792636046896,-25.858845689878624,0,865.57908067059032
2025-04-23,106,2025-04-23 17:50:00,12,745.14273333333335,5511.9070000000002,1041.0506,1.0665,1.0922087698304437,737.74520233215435,833.33333333333326,833.33333333333337,737.74520233215435,0,0,7.3975310011790043,0,0,10732.597714598103,-0,770.47103777702387,10800,821.70736178919594,-17.451051750976671,0,804.25631003821923
2025-04-23,107,2025-04-23 18:00:00,12,576.03458333333333,4159.9700000000003,703.76250000000005,1.1959,1.2066135355946086,594.53419482851916,833.33333333333326,833.33333333333337,594.53419482851916,0,18.499611495185832,0,0,0,10749.247364943771,-0,629.66523663042517,10800,753.01665648632547,-21.006606445449698,0,732.01005004087574
2025-04-23,108,2025-04-23 18:10:00,18,591.06788333333327,3985.5167999999999,439.10950000000003,1.2365999999999999,1.2351930726811799,678.02814890438503,833.33333333333326,0,647.45970006247694,30.568448841908094,56.391816729143706,0,0,0,10800,30.568448841908058,655.61504513086425,10800,810.73356480882671,41.574066189503711,0,852.30763099833041
2025-04-23,109,2025-04-23 18:20:00,18,684.76064999999994,4301.7701999999999,193.2063,1.2776000000000001,1.2329012673416722,712.75633356442995,833.33333333333326,0,684.76064999999994,27.99568356443001,0,0,0,0,10800,27.99568356443001,697.6487752226418,10800,891.31607522444722,28.952124806202811,0,920.26820003065006
2025-04-23,110,2025-04-23 18:30:00,18,740.88999999999999,4448.6400000000003,3.2999999999999998,1.3414999999999999,1.2359616146749357,728.99371831448548,833.33333333333326,0,728.99371831448548,0,0,0,11.896281685514509,0,10800,0,757.2372864455964,10800,1015.8338197667675,-18.944373323942649,79.794309405588564,1076.6837558484135
2025-04-23,111,2025-04-23 18:40:00,18,736.34564999999998,4418.0739000000003,0,1.3395999999999999,1.2296002351449749,727.96014699731882,833.33333333333326,0,727.96014699731882,0,0,0,8.3855030026811619,0,10800,0,738.26807830675466,10800,988.98391769972852,-6.9042523910601279,56.166099111958417,1038.2457644206268
2025-04-23,112,2025-04-23 18:50:00,18,701.0559833333333,4212.9002,6.5643000000000002,1.2695000000000001,1.24789689037422,752.35009744923559,833.33333333333326,0,701.0559833333333,51.294114115902289,0,0,0,0,10800,51.294114115902289,747.13714590986342,10800,948.49060673257168,9.9267629688494559,0,958.41736970142108
2025-04-23,113,2025-04-23 19:00:00,18,675.41666666666663,4052.5,0,1.2064999999999999,1.2784272388537838,780.42857274276969,833.33333333333326,0,675.41666666666663,105.01190607610306,0,0,0,0,10800,105.01190607610306,767.0877169310744,10800,925.49133047734119,24.143613805215551,0,949.63494428255672
2025-04-23,114,2025-04-23 19:10:00,18,700.33591666666666,4202.0155000000004,0,1.236,1.2726506539840488,760.78483483210539,833.33333333333326,0,700.33591666666666,60.448918165438727,0,0,0,0,10800,60.448918165438727,745.65986724983827,10800,921.63559592080014,28.041689897523238,0,949.67728581832341
2025-04-23,115,2025-04-23 19:20:00,18,707.88109999999983,4247.7578999999996,0.4713,1.2673000000000001,1.2448400702241029,760.03891605781735,833.33333333333326,0,707.88109999999983,52.157816057817513,0,0,0,0,10800,52.157816057817513,764.40843360349277,10800,968.73480790570648,-2.7687447928172308,0,965.96606311288929
2025-04-23,116,2025-04-23 19:30:00,18,684.46499999999992,4106.79,0,1.2502,1.2383482272524844,736.8357016866446,833.33333333333326,0,684.46499999999992,52.370701686644679,0,0,0,0,10800,52.370701686644679,773.52984631801235,10800,967.06701386677901,-22.937509809067979,0,944.12950405771107
2025-04-23,117,2025-04-23 19:40:00,18,686.38378333333333,4118.3027000000002,0,1.2250000000000001,1.2805720159667378,766.79027796098967,833.33333333333326,0,686.38378333333333,80.406494627656343,0,0,0,0,10800,80.406494627656343,751.17772642112834,10800,920.19271486588229,28.688063454495193,0,948.88077832037743
2025-04-23,118,2025-04-23 19:50:00,18,715.81231666666656,4294.9076999999997,0.033799999999999997,1.2525999999999999,1.2943885976081773,769.14569989572806,833.33333333333326,0,715.81231666666656,53.333383229061496,0,0,0,0,10800,53.333383229061496,754.9487969999243,10800,945.64886312210513,26.674560850925683,0,972.3234239730308
2025-04-23,119,2025-04-23 20:00:00,18,746.91333333333318,4481.4799999999996,0,1.3108,1.2610749612950782,766.11746969077001,833.33333333333326,0,746.91333333333318,19.204136357436823,0,0,0,0,10800,19.204136357436823,765.31164142743785,10800,1003.1704995830855,1.5844195313636922,0,1004.7549191144492
2025-04-23,120,2025-04-23 20:10:00,18,748.36944999999992,4490.2166999999999,0,1.3124,1.2379124165124309,746.97351315537037,833.33333333333326,0,746.97351315537037,0,0,0,1.3959368446295457,0,10800,0,755.62162708302935,10800,991.67782338376776,-5.6748923593298244,9.1601375744590801,995.16306859889698
2025-04-23,121,2025-04-23 20:20:00,18,721.74233333333325,4330.4564,0.0023999999999999998,1.2638,1.2382420972929595,764.76220915613317,833.33333333333326,0,721.74233333333325,43.019875822799918,0,0,0,0,10800,43.019875822799918,746.01792733118566,10800,942.81745656115243,35.533535055552989,0,978.35099161670541
2025-04-23,122,2025-04-23 20:30:00,18,698.14499999999998,4188.8699999999999,0,1.27,1.276871578054662,745.15216543580243,833.33333333333326,0,698.14499999999998,47.007165435802449,0,0,0,0,10800,47.007165435802449,783.16417914714589,10800,994.6185075168753,-24.137628706703094,0,970.48087881017216
2025-04-23,123,2025-04-23 20:40:00,18,709.66971666666655,4258.0182999999997,0,1.3932,1.3235150728482992,761.87531326354735,833.33333333333326,0,709.66971666666655,52.20559659688081,0,0,0,0,10800,52.20559659688081,765.55702742683991,10800,1066.5740506110733,-2.5646820861495931,0,1064.0093685249237
2025-04-23,124,2025-04-23 20:50:00,18,710.60810000000004,4263.6486000000004,0,1.2507999999999999,1.1691671093706786,775.67032274349219,833.33333333333326,0,710.60810000000004,65.062222743492157,0,0,0,0,10800,65.062222743492157,775.67032274349219,10800,970.20843968755992,0,0,970.20843968755992
2025-04-23,125,2025-04-23 21:00:00,18,704.8599999999999,4229.1599999999999,0,0.93799999999999994,0.92330703820283688,763.96773107369972,833.33333333333326,0,704.8599999999999,59.107731073699824,0,0,0,0,10800,59.107731073699824,763.2259383108626,10800,715.90593013558907,1.0437024173118301,0,716.94963255290088
2025-04-23,126,2025-04-23 21:10:00,18,736.95098333333328,4421.7058999999999,0,0.93930000000000002,0.90869333996146928,762.2431387635977,833.33333333333326,0,736.95098333333328,25.292155430264415,0,0,0,0,10800,25.292155430264415,762.2431387635977,10800,715.97498024064737,0,0,715.97498024064737
2025-04-23,127,2025-04-23 21:20:00,18,741.54596666666669,4449.2758000000003,0,0.95530000000000004,0.93819673608554366,772.46738774899438,833.33333333333326,0,741.54596666666669,30.921421082327697,0,0,0,0,10800,30.921421082327697,772.46738774899438,10800,737.93809551661434,0,0,737.93809551661434
2025-04-23,128,2025-04-23 21:30:00,18,734.39166666666665,4406.3500000000004,0,0.91790000000000005,0.94121313296270903,767.2126084433487,833.33333333333326,0,734.39166666666665,32.820941776682048,0,0,0,0,10800,32.820941776682048,763.09997830642544,10800,700.44947008746794,5.6624748040227875,0,706.11194489149068
2025-04-23,129,2025-04-23 21:40:00,18,779.31408333333331,4675.8845000000001,0,1.0204,0.99207174526267483,803.01006750668148,833.33333333333326,0,779.31408333333331,23.695984173348165,0,0,0,0,10800,23.695984173348165,801.48350045468669,10800,817.8337638639623,2.3365635297832239,0,820.17032739374554
2025-04-23,130,2025-04-23 21:50:00,18,706.73049999999989,4240.3829999999998,0,0.80149999999999999,0.79519230166393007,734.37755811470436,833.33333333333326,0,706.73049999999989,27.647058114704464,0,0,0,0,10800,27.647058114704464,739.23268840078811,10800,592.4949997532317,-1.9456934621480626,0,590.54930629108367
2025-04-23,131,2025-04-23 22:00:00,18,549.31999999999994,3295.9200000000001,0,0.37909999999999999,0.45398317228837654,585.79233499654276,833.33333333333326,0,549.31999999999994,36.472334996542827,0,0,0,0,10800,36.472334996542827,576.67563494847695,10800,218.61773320896762,5.1842114823326222,0,223.80194469130024
2025-04-23,132,2025-04-23 22:10:00,18,522.77738333333332,3136.6642999999999,0,0.37430000000000002,0.39527419825929855,578.77743247220485,833.33333333333326,0,522.77738333333332,56.000049138871532,0,0,0,0,10800,56.000049138871532,590.10194415686453,10800,220.8751576979144,-2.1193823617840599,0,218.75577533613034
2025-04-23,133,2025-04-23 22:20:00,18,532.84741666666662,3197.0844999999999,0,0.4476,0.43929462713744782,607.47322298840174,833.33333333333326,0,532.84741666666662,74.625806321735126,0,0,0,0,10800,74.625806321735126,585.86091066061056,10800,262.23134361168928,14.510506496879003,0,276.74185010856831
2025-04-23,134,2025-04-23 22:30:00,18,524.29333333333329,3145.7600000000002,0,0.39779999999999999,0.44227173725455893,594.90934997465411,833.33333333333326,0,524.29333333333329,70.616016641320812,0,0,0,0,10800,70.616016641320812,601.01357732307952,10800,239.08320105912102,-1.2141308196018141,0,237.8690702395192
2025-04-23,135,2025-04-23 22:40:00,18,542.61824999999999,3255.7094999999999,0,0.376,0.45030759645263047,607.33623253058704,833.33333333333326,0,542.61824999999999,64.717982530587051,0,0,0,0,10800,64.717982530587051,579.245443541226,10800,217.79628677150097,15.843204989999629,0,233.63949176150061
2025-04-23,136,2025-04-23 22:50:00,18,560.14528333333328,3360.8717000000001,0,0.3997,0.43195887929927179,617.50436202570495,833.33333333333326,0,560.14528333333328,57.359078692371668,0,0,0,0,10800,57.359078692371668,585.40942725564821,10800,233.9881480740826,19.242518141387517,0,253.23066621547011
2025-04-23,137,2025-04-23 23:00:00,18,561.26999999999998,3367.6199999999999,0,0.43380000000000002,0.40188311181507202,590.26872338954797,833.33333333333326,0,561.26999999999998,28.99872338954799,0,0,0,0,10800,28.99872338954799,611.53851934268789,10800,265.28540969085805,-4.6134187422360489,0,260.67199094862201
2025-04-23,138,2025-04-23 23:10:00,18,559.66284999999993,3357.9771000000001,0,0.43890000000000001,0.42180848071323018,585.68652921061096,833.33333333333326,0,559.66284999999993,26.023679210611022,0,0,0,0,10800,26.023679210611022,600.46962700874371,10800,263.54611929413761,-3.244150811800234,0,260.30196848233737
2025-04-23,139,2025-04-23 23:20:00,18,559.11069999999995,3354.6642000000002,0,0.41660000000000003,0.45174293473951288,582.16611462992842,833.33333333333326,0,559.11069999999995,23.055414629928464,0,0,0,0,10800,23.055414629928464,594.13565728579863,10800,247.51691482526371,-2.4932557352177658,0,245.02365909004595
2025-04-23,140,2025-04-23 23:30:00,18,554.5333333333333,3327.1999999999998,0,0.37409999999999999,0.45631743313756956,602.33231251810628,833.33333333333326,0,554.5333333333333,47.798979184772975,0,0,0,0,10800,47.798979184772975,602.33231251810628,10800,225.33251811302355,0,0,225.33251811302355
2025-04-23,141,2025-04-23 23:40:00,18,543.02933333333328,3258.1759999999999,0,0.32890000000000003,0.44048334547963058,640.91743193101797,833.33333333333326,0,543.02933333333328,97.888098597684689,0,0,0,0,10800,97.888098597684689,604.08944903348299,10800,198.68501978711257,18.169085362498883,0,216.85410514961146
2025-04-23,142,2025-04-23 23:50:00,18,552.81383333333326,3316.8829999999998,0,0.35460000000000003,0.43049330188575852,662.89807711197307,833.33333333333326,0,552.81383333333326,110.0842437786398,0,0,0,0,10800,110.0842437786398,662.89807711197307,10800,235.06365814390566,0,0,235.06365814390566
2025-04-23,143,2025-04-24 00:00:00,18,579.21000000000004,3475.2600000000002,0,0.42420000000000002,0.43373543616674182,609.38908087386915,833.33333333333326,0,579.21000000000004,30.179080873869111,0,0,0,0,10800,30.179080873869111,620.90513682053609,10800,263.38795903927144,-2.4425554662880575,0,260.94540357298337
