date,method,actual_cost_yuan,empirical_expected_cost_yuan,emergency_kwh
2025-02-01,point_forecast,36792.250760876712,39264.624603251432,242.05835042627953
2025-02-01,conditional_empirical_mean,36911.180757034846,39793.483787988072,400.97931372816527
2025-02-01,empirical_Q80,37468.821142547873,38350.080614211249,104.64615410882897
2025-02-02,point_forecast,68057.399305052328,72722.315998389997,161.10870900285624
2025-02-02,conditional_empirical_mean,67635.243111523945,73963.562689174229,299.06543676007993
2025-02-02,empirical_Q80,69892.773184946214,71361.288930624985,69.392540600946973
2025-02-03,point_forecast,68588.373563301939,71619.974174172356,588.9920166214107
2025-02-03,conditional_empirical_mean,69259.1667778103,72962.928220672722,1017.2163652007242
2025-02-03,empirical_Q80,69188.243002006144,70436.975958032053,122.68422066293303
2025-02-04,point_forecast,72140.320196642439,71247.989211347347,1485.5094213153902
2025-02-04,conditional_empirical_mean,74175.372796888187,72606.961798941309,2240.9442972580841
2025-02-04,empirical_Q80,71537.863534533448,70156.194549255291,934.18053746452301
2025-02-05,point_forecast,69735.468209103317,70419.115529594172,1182.7495846025336
2025-02-05,conditional_empirical_mean,71433.609581154204,71759.811141251092,1822.2422316821151
2025-02-05,empirical_Q80,68975.344380290859,69339.976363863578,513.92050338747083
2025-02-06,point_forecast,69677.856838065651,70615.506988317982,1077.9695119540147
2025-02-06,conditional_empirical_mean,70820.828602320893,71925.064033280069,1605.8363911598487
2025-02-06,empirical_Q80,69122.010302514944,69530.31268019136,411.32978275985124
2025-02-07,point_forecast,36602.014762568724,38166.962630496542,317.041133295995
2025-02-07,conditional_empirical_mean,36798.055998184507,39014.71879331024,565.95859013252539
2025-02-07,empirical_Q80,36681.706229224808,37593.110277641652,82.619662170996889
2025-02-08,point_forecast,35146.206188731296,36130.5881695973,518.68020941161546
2025-02-08,conditional_empirical_mean,36173.377004286631,36952.982207572255,1026.5115938573442
2025-02-08,empirical_Q80,35191.382978517096,35593.427373681036,190.86122395880594
2025-02-09,point_forecast,71317.879662224033,68088.006138144177,2194.598793396674
2025-02-09,conditional_empirical_mean,73052.968330530333,69501.599856318921,2899.2620449441256
2025-02-09,empirical_Q80,68920.633814503875,67133.000171010193,1122.1069708483165
2025-02-10,point_forecast,65979.861722207454,68937.381132352893,618.35635896935742
2025-02-10,conditional_empirical_mean,65867.369617831544,70311.448482649255,986.41438220377381
2025-02-10,empirical_Q80,66658.393644425698,67894.945588517745,276.94078625001453
2025-02-11,point_forecast,65303.177107909527,67843.56878792707,513.97759709189199
2025-02-11,conditional_empirical_mean,65840.354942629434,69266.467507942667,995.68618161228699
2025-02-11,empirical_Q80,65984.363883685117,66870.372568102088,223.47989190783903
2025-02-12,point_forecast,66209.473731801292,67304.333107781946,828.75146579010709
2025-02-12,conditional_empirical_mean,67142.567018182395,68673.733723608675,1379.212565469219
2025-02-12,empirical_Q80,65554.759859898142,66398.160926456068,243.99796980544346
2025-02-13,point_forecast,64901.142024169872,66554.654550912877,778.0472880083089
2025-02-13,conditional_empirical_mean,64980.164796220459,67975.973368951003,1214.5837947713017
2025-02-13,empirical_Q80,65131.387390924836,65746.145918769034,357.34495539952366
2025-02-14,point_forecast,34538.102880038219,34856.004130515576,682.92530262921775
2025-02-14,conditional_empirical_mean,35512.406255358306,35652.022587213476,1197.956001635529
2025-02-14,empirical_Q80,34392.743451719551,34413.111154659804,346.45826968617121
2025-02-15,point_forecast,35375.290101950508,34273.617093237306,912.95498857191899
2025-02-15,conditional_empirical_mean,36374.598891413465,35043.650952696218,1449.1873406745171
2025-02-15,empirical_Q80,34759.175013086613,33855.93780399501,489.53136246567686
2025-02-16,point_forecast,68436.140487685887,64176.343662147985,2141.8498475695551
2025-02-16,conditional_empirical_mean,71229.153826057081,65609.942392932906,3054.1862717618569
2025-02-16,empirical_Q80,66701.694680559885,63420.226663094523,1270.8713791455089
2025-02-17,point_forecast,62489.270472903518,64215.649489473959,628.26814290164759
2025-02-17,conditional_empirical_mean,62807.016842711819,65615.47227240607,1107.0018453139492
2025-02-17,empirical_Q80,62474.978600845214,63491.183182100634,217.05453580558901
2025-02-18,point_forecast,62813.766744470711,63538.710193576466,785.54671805161297
2025-02-18,conditional_empirical_mean,64096.989063212219,64930.570266063776,1457.5569683920844
2025-02-18,empirical_Q80,62446.274555904558,62852.734768034214,342.73575470497713
2025-02-19,point_forecast,65800.893625551602,63358.409322194588,1710.8777814194277
2025-02-19,conditional_empirical_mean,69219.838815267649,64715.405952146444,2841.1388571119237
2025-02-19,empirical_Q80,64183.587299767169,62633.082371646604,934.77720412311396
2025-02-20,point_forecast,63328.684809158091,63102.739752070396,1013.8293664254181
2025-02-20,conditional_empirical_mean,64731.058536360142,64464.257302771308,1676.7909586408327
2025-02-20,empirical_Q80,62684.825845221756,62391.028730260783,492.12119082550305
2025-02-21,point_forecast,33302.364164065657,33695.739048184412,585.56819554123399
2025-02-21,conditional_empirical_mean,34170.744497392698,34369.788560907895,1057.3714938433322
2025-02-21,empirical_Q80,33139.669749642766,33246.172869746879,292.01028461342202
2025-02-22,point_forecast,33560.593260691043,33309.602789046607,724.12090129256535
2025-02-22,conditional_empirical_mean,34731.203472749214,33979.651523507207,1260.1857156732235
2025-02-22,empirical_Q80,33249.997657143002,32867.526265451641,406.21384865843703
2025-02-23,point_forecast,63873.976222564095,62220.178961418627,1317.7698586366243
2025-02-23,conditional_empirical_mean,65650.121498764085,63527.741367529998,2095.3292571700158
2025-02-23,empirical_Q80,62634.235258690911,61469.010658081555,704.47172055750889
2025-02-24,point_forecast,60962.821589023195,61930.143303595629,654.13274653370286
2025-02-24,conditional_empirical_mean,62161.513971803026,63199.260152202201,1304.0418209567927
2025-02-24,empirical_Q80,61193.519661249869,61176.307932565542,374.34631036464685
2025-02-25,point_forecast,60442.973280286722,61677.57505368103,735.65764921595155
2025-02-25,conditional_empirical_mean,61283.445085766922,62935.561827608617,1337.3895950308624
2025-02-25,empirical_Q80,60701.383534461143,60937.190963789246,394.78753874380868
2025-02-26,point_forecast,61273.42165493354,61315.374544443264,891.59289359207264
2025-02-26,conditional_empirical_mean,63073.649867746579,62601.406681247405,1697.6390352253973
2025-02-26,empirical_Q80,61112.252345064044,60680.984985659932,505.56372980480376
2025-02-27,point_forecast,61590.407444007877,60647.023250174592,944.82949212448079
2025-02-27,conditional_empirical_mean,64492.975839737017,61890.915713339797,1872.1636055083236
2025-02-27,empirical_Q80,60823.100588105168,59991.863543413179,511.26554021335744
2025-02-28,point_forecast,32379.710104609123,32592.979076890137,540.3714937093273
2025-02-28,conditional_empirical_mean,32919.137902509057,33236.916319589822,919.92795525479198
2025-02-28,empirical_Q80,31972.280950582961,32194.031842971581,213.978308588885
2025-03-01,point_forecast,32470.345934213718,32376.662021862459,463.31122379882254
2025-03-01,conditional_empirical_mean,33343.238589257482,32994.246610156835,860.88788194541235
2025-03-01,empirical_Q80,32494.953462093734,31969.517368009911,311.07607074344372
2025-03-02,point_forecast,71793.723621554862,59996.559670541232,3421.2881181501739
2025-03-02,conditional_empirical_mean,73969.522076522873,61142.021473874491,4192.6040045506061
2025-03-02,empirical_Q80,69686.350259121406,59334.311917419793,2695.8656136192999
2025-03-03,point_forecast,72482.543818928127,60645.715808425848,3564.5008399748863
2025-03-03,conditional_empirical_mean,75342.929236529541,61687.135269565806,4477.9248493813166
2025-03-03,empirical_Q80,69427.983132036868,59856.010019074718,2569.5947581130949
2025-03-04,point_forecast,61475.789858321696,61763.035316560847,1143.8470735211254
2025-03-04,conditional_empirical_mean,62922.724094391015,62701.172830820942,1682.891132965123
2025-03-04,empirical_Q80,60579.950900703472,60801.084894640866,514.32579919441628
2025-03-05,point_forecast,59454.067435941601,61874.543211542339,573.15495752086565
2025-03-05,conditional_empirical_mean,59103.646182592784,62785.522463104782,717.18324271033214
2025-03-05,empirical_Q80,59519.217878630487,60877.073431635719,216.59413432248982
2025-03-06,point_forecast,59011.451752938541,61613.606295803416,671.38559229972918
2025-03-06,conditional_empirical_mean,59771.801518667882,62562.376330893872,1136.5701745479039
2025-03-06,empirical_Q80,59144.068684534934,60635.313228710336,240.33653281598225
2025-03-07,point_forecast,30848.633659495223,32377.681030379132,257.46741166776866
2025-03-07,conditional_empirical_mean,30745.775741064557,32892.552281050121,421.63607132424568
2025-03-07,empirical_Q80,31017.597135364027,31836.025263266252,64.232595997943037
2025-03-08,point_forecast,30808.398967790225,31334.640306272046,605.75927945516401
2025-03-08,conditional_empirical_mean,31640.464543376216,31840.789323779507,1032.5117386570337
2025-03-08,empirical_Q80,30748.572674771443,30781.291772258497,254.72865943535982
2025-03-09,point_forecast,59310.734502016705,59497.409284406589,1185.4460773565629
2025-03-09,conditional_empirical_mean,60739.12699364873,60467.952450581099,1758.6066118241149
2025-03-09,empirical_Q80,59038.281909866288,58604.625949131107,648.07066669640005
2025-03-10,point_forecast,61384.590342053183,59208.790045415233,1687.3824566836647
2025-03-10,conditional_empirical_mean,63638.462913463984,60195.294022958573,2432.1857548230128
2025-03-10,empirical_Q80,59456.090894165834,58368.497085235547,783.15431965958032
2025-03-11,point_forecast,58916.775761066048,58954.58629612709,1207.5089515386487
2025-03-11,conditional_empirical_mean,60417.087204555894,59892.874416933904,1839.0953728347286
2025-03-11,empirical_Q80,58336.870764457686,58039.644673263683,605.98540532650168
2025-03-12,point_forecast,57185.048508196545,58691.762888022145,960.72641342758584
2025-03-12,conditional_empirical_mean,58217.433314998198,59609.55723474847,1454.8576854280718
2025-03-12,empirical_Q80,57358.306365231649,57748.907493686704,467.76291511703198
2025-03-13,point_forecast,63498.412548663931,58260.642478329479,2230.8902649209513
2025-03-13,conditional_empirical_mean,64406.661173897439,59162.770560355333,2653.0215756353164
2025-03-13,empirical_Q80,62468.219222140833,57363.834491108893,1592.0219191839356
2025-03-14,point_forecast,30055.049233287369,30796.321901359697,506.82877482369395
2025-03-14,conditional_empirical_mean,30524.278211257872,31228.874222127633,744.12723178401347
2025-03-14,empirical_Q80,29834.842419205725,30189.678338130536,147.77544933620069
2025-03-15,point_forecast,31398.821317997619,30633.91796811578,895.51340422341229
2025-03-15,conditional_empirical_mean,32170.989651457825,31074.60497340186,1235.4174843734593
2025-03-15,empirical_Q80,30534.245489112625,30043.924279953677,388.15338740404979
2025-03-16,point_forecast,58791.518644155112,57991.84660954283,1515.273610558457
2025-03-16,conditional_empirical_mean,60510.926512019651,58731.645358496273,2095.621855718
2025-03-16,empirical_Q80,57869.71660200879,56953.150113474439,767.76534342964942
2025-03-17,point_forecast,55076.196812687529,58055.771283330927,522.63584654342105
2025-03-17,conditional_empirical_mean,55226.121013646785,58791.628377987763,711.57538657918212
2025-03-17,empirical_Q80,55719.043418861111,57056.509588384062,211.56607439730305
2025-03-18,point_forecast,59242.621437261718,57157.601580914205,1587.7981639975969
2025-03-18,conditional_empirical_mean,60410.750511447484,57881.279131275449,1984.1145298946453
2025-03-18,empirical_Q80,57954.291303527767,56222.546753113274,852.61229609623854
2025-03-19,point_forecast,56819.142183179079,57419.399961828123,986.13995613862141
2025-03-19,conditional_empirical_mean,57998.41627890963,58132.739706020322,1388.2302724915326
2025-03-19,empirical_Q80,55791.211025663579,56429.819528816093,351.53114631489552
2025-03-20,point_forecast,57530.693657876662,57167.110376191944,1318.592281944957
2025-03-20,conditional_empirical_mean,59148.16259385673,57947.078585062038,1857.279996848155
2025-03-20,empirical_Q80,56253.986020238073,56223.941850604038,575.55368437184984
2025-03-21,point_forecast,30037.916865537958,30136.384561498213,709.28418358722774
2025-03-21,conditional_empirical_mean,30448.955624843955,30580.799209837001,972.66139495319089
2025-03-21,empirical_Q80,29603.085695053353,29575.829907725718,284.37279483587542
2025-03-22,point_forecast,28726.269185093413,30199.031961811852,392.10132451147518
2025-03-22,conditional_empirical_mean,28853.223338876214,30621.543451103033,567.87566518001836
2025-03-22,empirical_Q80,29016.385472853231,29634.676923404928,130.02362217821297
2025-03-23,point_forecast,57078.213406013943,56064.782596207478,1302.892816748147
2025-03-23,conditional_empirical_mean,57708.239538313748,56827.556313042005,1614.4440660341838
2025-03-23,empirical_Q80,55395.126261272009,55143.200793796452,533.55797569018978
2025-03-24,point_forecast,55339.691850814896,55914.392280319946,1176.4355507694038
2025-03-24,conditional_empirical_mean,56852.888027981971,56688.036946169799,1723.537897253525
2025-03-24,empirical_Q80,54845.418414307758,54941.104241198685,537.12655704605913
2025-03-25,point_forecast,57868.457516069386,56010.410263984901,1700.4924103947201
2025-03-25,conditional_empirical_mean,59256.108484290198,56786.212757732654,2226.7510241314558
2025-03-25,empirical_Q80,56034.324013554491,55003.23505369234,751.43378130044073
2025-03-26,point_forecast,53692.906136143094,56073.599989478222,739.93765357112738
2025-03-26,conditional_empirical_mean,54428.63050798609,56782.629581565896,1071.373967844246
2025-03-26,empirical_Q80,53797.111804871573,54984.590120396133,228.58505883305293
2025-03-27,point_forecast,54622.43402086135,55681.166187163624,1078.9980741982786
2025-03-27,conditional_empirical_mean,55678.680320733314,56369.981969715489,1486.8797822344704
2025-03-27,empirical_Q80,54315.720570134516,54620.800858200622,466.01123939325305
2025-03-28,point_forecast,29200.729368968867,29596.377403738581,618.86969873694898
2025-03-28,conditional_empirical_mean,29207.204551957599,29989.74914064155,740.65799635886333
2025-03-28,empirical_Q80,29200.029887300778,29012.693938520508,305.3857716254646
2025-03-29,point_forecast,29228.025321433532,29381.068651711477,574.41743638988282
2025-03-29,conditional_empirical_mean,29786.784374670726,29780.372047518475,812.61236516606107
2025-03-29,empirical_Q80,28709.62481672877,28810.201803845473,188.25466121662521
2025-03-30,point_forecast,53629.131166252453,54550.749645894015,957.75940301733033
2025-03-30,conditional_empirical_mean,53930.506889640747,55262.854582304783,1162.5504035130086
2025-03-30,empirical_Q80,53624.580683063861,53629.685312810005,439.70083857956394
2025-03-31,point_forecast,54827.282902240528,54239.10436251184,1216.1655204640347
2025-03-31,conditional_empirical_mean,55494.215307661092,54912.328739695273,1532.0474262107425
2025-03-31,empirical_Q80,54523.719845324551,53356.727218388238,657.56248923790145
2025-04-01,point_forecast,55343.843755748487,53852.637535495021,1425.7781008094876
2025-04-01,conditional_empirical_mean,55896.536030916301,54579.63124475826,1725.5795121877063
2025-04-01,empirical_Q80,53706.855701760316,53057.890503278366,539.54289855260777
2025-04-02,point_forecast,62048.790462426667,53464.166087384205,2764.9143890029468
2025-04-02,conditional_empirical_mean,63004.837804961266,54171.990491529024,3088.9764790762242
2025-04-02,empirical_Q80,59954.548770097397,52646.575502360669,1819.2608605223932
2025-04-03,point_forecast,54684.643035300294,54161.186757838026,1278.3592922876358
2025-04-03,conditional_empirical_mean,56732.775779237883,54760.952366950951,1845.5452903025252
2025-04-03,empirical_Q80,52947.026622891965,53164.626295805843,357.56760841721064
2025-04-04,point_forecast,28083.291357812581,29126.105982657118,459.18572504079134
2025-04-04,conditional_empirical_mean,27994.885078573607,29367.472705393127,505.18839575707261
2025-04-04,empirical_Q80,27994.615440294543,28445.999292965211,110.30837097022362
2025-04-05,point_forecast,28107.209837856004,29004.721778431351,545.29315576620729
2025-04-05,conditional_empirical_mean,28353.443797232874,29214.096467395575,653.83535433046336
2025-04-05,empirical_Q80,28029.539620915428,28305.365421745493,166.62510251769447
2025-04-06,point_forecast,53119.546851640276,53854.90628350748,1016.4242555614154
2025-04-06,conditional_empirical_mean,53740.845948206159,54279.170074803107,1242.9016702237031
2025-04-06,empirical_Q80,52133.546647586161,52752.601838313363,297.12028762447352
2025-04-07,point_forecast,51012.347339710366,53637.62665157795,705.81487591520784
2025-04-07,conditional_empirical_mean,50910.252265873714,54059.819226281885,774.16319128366672
2025-04-07,empirical_Q80,51191.728257192575,52547.743988688984,170.77912147661993
2025-04-08,point_forecast,55158.8584700348,53460.557295341161,1432.2538145154058
2025-04-08,conditional_empirical_mean,57012.008658178143,53940.041144106355,1951.1431758671729
2025-04-08,empirical_Q80,53840.923000697032,52468.977877954108,688.91070420316487
2025-04-09,point_forecast,55064.141981854889,53596.215653309686,1529.7721055312559
2025-04-09,conditional_empirical_mean,55866.402862732051,54059.331405906123,1827.2049711311697
2025-04-09,empirical_Q80,53388.094761706911,52613.543153142702,670.62678378166038
2025-04-10,point_forecast,54760.826276431195,53390.353880386436,1382.7014078978632
2025-04-10,conditional_empirical_mean,55437.348438857756,53825.331120430033,1635.7089082365626
2025-04-10,empirical_Q80,54067.539917752998,52356.124736201622,760.56319259781549
2025-04-11,point_forecast,28101.916098354181,28306.139595586978,657.96505555127965
2025-04-11,conditional_empirical_mean,28545.039242227504,28531.715207316054,808.19301258375583
2025-04-11,empirical_Q80,27770.767467441598,27681.313834127352,244.75518502282341
2025-04-12,point_forecast,27284.826884129699,28224.143329024693,412.23200623352369
2025-04-12,conditional_empirical_mean,27425.237124488445,28438.323203339223,512.89640087822181
2025-04-12,empirical_Q80,27338.270143252295,27598.330189255634,162.57558809628767
2025-04-13,point_forecast,52758.870558203605,52404.040870554796,1087.0440760591814
2025-04-13,conditional_empirical_mean,54114.892474330612,52926.535082773902,1494.578794290635
2025-04-13,empirical_Q80,52061.345939690567,51446.465445023248,510.65946321076171
2025-04-14,point_forecast,51746.154831264648,52137.087052600073,1006.5215798953748
2025-04-14,conditional_empirical_mean,51960.686581948772,52652.063751692316,1177.1763168116408
2025-04-14,empirical_Q80,51066.929636740824,51187.793458643057,385.51990530545652
2025-04-15,point_forecast,50595.835547545343,52478.025224722784,618.97032595376731
2025-04-15,conditional_empirical_mean,51111.028611419591,52945.505486908951,867.18092163360859
2025-04-15,empirical_Q80,50269.330384935631,51469.461828873835,115.5722340474822
2025-04-16,point_forecast,52351.411204393822,51656.087190894701,1328.0861350902035
2025-04-16,conditional_empirical_mean,53223.06764910058,52212.263620774298,1655.8709938996144
2025-04-16,empirical_Q80,50835.801627167588,50715.889666366435,452.81550809656983
2025-04-17,point_forecast,50937.888434045577,51458.004267914956,866.60747362611846
2025-04-17,conditional_empirical_mean,52232.919038901469,51982.57140304226,1254.7026254915286
2025-04-17,empirical_Q80,50003.365842503699,50489.22143799012,246.60296775129621
2025-04-18,point_forecast,26500.64591263804,27718.273710042802,441.82296569706648
2025-04-18,conditional_empirical_mean,26329.022601313525,27953.797919691904,471.3300792760146
2025-04-18,empirical_Q80,26612.05324821602,27087.644756373011,104.57151683667308
2025-04-19,point_forecast,26666.842103013689,27481.903193776689,540.85142789117401
2025-04-19,conditional_empirical_mean,26668.123504383031,27744.558881006542,625.54648877156524
2025-04-19,empirical_Q80,26674.208374834168,26872.504871027882,225.52222599776613
2025-04-20,point_forecast,52406.516149318653,50939.057269768899,1392.5009324964713
2025-04-20,conditional_empirical_mean,53653.828588561737,51446.261291770556,1742.6685970940259
2025-04-20,empirical_Q80,50802.224350771925,49940.295427012628,552.41527382987533
2025-04-21,point_forecast,49512.342348044411,51249.925269659987,783.12617818701347
2025-04-21,conditional_empirical_mean,49756.079726311451,51725.961708970623,925.2025202362172
2025-04-21,empirical_Q80,49530.581783377682,50203.304191459705,265.06105065913425
2025-04-22,point_forecast,50468.562347689542,50917.587827637013,1091.5279772896934
2025-04-22,conditional_empirical_mean,50642.615485113311,51422.429332575986,1264.2446425765395
2025-04-22,empirical_Q80,49656.817172687734,49898.829928389925,363.38397568884687
2025-04-23,point_forecast,49135.306569851513,50967.680215906628,725.23478302731939
2025-04-23,conditional_empirical_mean,49597.478186375229,51497.774214296092,922.94712510980833
2025-04-23,empirical_Q80,49259.267211420076,49951.788138559845,239.79087413913115
2025-04-24,point_forecast,48521.080739027748,50566.699551467216,533.33000529548826
2025-04-24,conditional_empirical_mean,48990.801495043459,51121.855406591058,730.30166822475303
2025-04-24,empirical_Q80,48804.509498776824,49571.687837035526,154.29507104515744
2025-04-25,point_forecast,25674.268112979593,26559.257304110462,342.58828582726193
2025-04-25,conditional_empirical_mean,25790.164500854007,26840.131635251684,429.6533789021608
2025-04-25,empirical_Q80,25717.264949257682,25985.174455644828,100.63194774612134
2025-04-26,point_forecast,26711.038795816956,26585.884522813263,616.49805966631152
2025-04-26,conditional_empirical_mean,27371.450953559266,26880.86277279738,846.87020136730189
2025-04-26,empirical_Q80,26145.465348679281,26016.075317046918,224.14665582568352
2025-04-27,point_forecast,53565.434794231667,48827.259525599249,1990.8014385910869
2025-04-27,conditional_empirical_mean,55472.033688563199,49446.532114184862,2531.4528521199481
2025-04-27,empirical_Q80,50957.472433863746,47994.297276552985,991.96578252783672
2025-04-28,point_forecast,57218.060747629032,49289.959366908704,2712.0729092709616
2025-04-28,conditional_empirical_mean,58422.043568288005,49883.739078275386,3102.5890772762741
2025-04-28,empirical_Q80,55144.255705942094,48371.836296450711,1787.9441195520189
2025-04-29,point_forecast,50644.833305683758,49877.777824048389,1263.5824974236464
2025-04-29,conditional_empirical_mean,51313.708385692669,50403.185612682486,1496.4881835637589
2025-04-29,empirical_Q80,49822.111851441536,48868.547042050632,612.30368895884101
2025-04-30,point_forecast,48150.826983887207,49645.417855597465,758.75472869426187
2025-04-30,conditional_empirical_mean,48421.787463937275,50165.86804162871,932.2130536447853
2025-04-30,empirical_Q80,48110.332408275033,48646.695092582602,286.09317231110867
2025-05-01,point_forecast,65396.457196120988,49080.821265269791,4448.7827038173664
2025-05-01,conditional_empirical_mean,67378.052358429355,49669.24542555822,4994.988792640268
2025-05-01,empirical_Q80,61101.0879589736,48174.927196348486,3071.2194178782802
2025-05-02,point_forecast,40094.067420530948,26902.461767718487,3497.6712798579847
2025-05-02,conditional_empirical_mean,40842.421048453718,27092.253217803125,3727.8151392459131
2025-05-02,empirical_Q80,36661.998252100428,26260.78601886455,2414.0457130482223
2025-05-03,point_forecast,36495.231569300697,27701.970660765972,2471.2354694574205
2025-05-03,conditional_empirical_mean,36401.213563026584,27775.058704894655,2489.9121240916838
2025-05-03,empirical_Q80,33790.347427162822,26916.268369958427,1581.1351747290612
2025-05-04,point_forecast,57906.798359790322,51811.549790895217,2708.5602543651771
2025-05-04,conditional_empirical_mean,57742.701427037813,51874.257563395935,2736.9836363709828
2025-05-04,empirical_Q80,55641.375105248735,50342.896921522683,1626.3322735243064
2025-05-05,point_forecast,64616.819770079921,52260.208316468619,4142.942593884798
2025-05-05,conditional_empirical_mean,64665.782854820209,52282.261228731419,4199.9436647364928
2025-05-05,empirical_Q80,58897.236733787104,50765.551335878539,2359.2033826219513
2025-05-06,point_forecast,61431.393072192601,53146.512535221264,3521.9323742141
2025-05-06,conditional_empirical_mean,60785.392419786585,52992.323664576747,3397.7615693796843
2025-05-06,empirical_Q80,56060.021443770485,51437.967397929293,1708.269211095032
2025-05-07,point_forecast,61122.906418622319,54132.182151477071,3239.798529869191
2025-05-07,conditional_empirical_mean,60472.901664370147,53866.043886138272,3102.0207418012837
2025-05-07,empirical_Q80,54908.501495252356,52275.782344846099,1110.9815190838269
2025-05-08,point_forecast,55029.946152583609,56535.171969824667,1454.3284165462151
2025-05-08,conditional_empirical_mean,54611.106480845956,56114.047162845411,1327.1628363437053
2025-05-08,empirical_Q80,54509.12435712009,54434.973283943153,525.29611996004655
2025-05-09,point_forecast,30350.061679697785,31354.064162651368,862.10596161882199
2025-05-09,conditional_empirical_mean,29813.768349695772,30890.065999545648,745.41012410118196
2025-05-09,empirical_Q80,29235.562809340314,29950.427316191737,211.45495334927926
2025-05-10,point_forecast,30583.70478367035,31591.887641679881,1004.8517176486361
2025-05-10,conditional_empirical_mean,30152.736569139197,31102.98459023537,859.25690870005155
2025-05-10,empirical_Q80,29719.002390510213,30146.771667595589,307.52389905904209
2025-05-11,point_forecast,54378.634574573814,56590.30449329588,1569.4596852017182
2025-05-11,conditional_empirical_mean,53573.073087510842,55898.380537704274,1321.4334466310411
2025-05-11,empirical_Q80,53358.015768089273,54085.233123303638,426.84526496359678
2025-05-12,point_forecast,52094.296238709489,57339.674662870158,888.06534333561535
2025-05-12,conditional_empirical_mean,52500.187056975337,56579.55766816395,878.68314653943162
2025-05-12,empirical_Q80,52706.190986034082,54691.376341073701,197.57159053001249
2025-05-13,point_forecast,50863.642515125146,56875.443155343477,565.20428959345975
2025-05-13,conditional_empirical_mean,50798.057479272436,56214.273358369806,480.59426220511125
2025-05-13,empirical_Q80,52044.002322040469,54264.161023043271,60.701253450787704
2025-05-14,point_forecast,51314.484046824437,56737.722845709068,949.94089837355159
2025-05-14,conditional_empirical_mean,51639.020403775983,56087.973318677912,911.32839232049901
2025-05-14,empirical_Q80,52584.55194406263,54141.711355705025,284.1299701806762
2025-05-15,point_forecast,54336.203203021585,56318.033830394896,1737.9344227489798
2025-05-15,conditional_empirical_mean,54522.229649044362,55743.400071966615,1679.7456232806801
2025-05-15,empirical_Q80,52715.786071328483,53845.759980024988,369.29935356863416
2025-05-16,point_forecast,29423.877521721006,30922.969016370957,980.31440270591054
2025-05-16,conditional_empirical_mean,28830.749665158815,30425.896702645659,794.42557041658733
2025-05-16,empirical_Q80,28310.28812257207,29362.525691426719,189.38379289176467
2025-05-17,point_forecast,30919.706928645624,30983.807630539337,1274.5805877739285
2025-05-17,conditional_empirical_mean,30384.167611556964,30457.631944622619,1115.5953730396086
2025-05-17,empirical_Q80,28951.419039792199,29366.552102232221,312.29600584644555
2025-05-18,point_forecast,54300.360729540233,55080.786132306435,1894.5455822567681
2025-05-18,conditional_empirical_mean,54752.947149496722,54502.096358535862,1905.2842719295838
2025-05-18,empirical_Q80,52566.629792942607,52642.024521680665,596.63243649866581
2025-05-19,point_forecast,50535.96293110861,54690.871588799047,883.18736926941256
2025-05-19,conditional_empirical_mean,50448.649309964385,54150.304984336675,801.25829216104876
2025-05-19,empirical_Q80,50707.273181313823,52253.334920260917,142.14257474766885
2025-05-20,point_forecast,52336.667275643777,54777.268777665711,1456.4944308559743
2025-05-20,conditional_empirical_mean,51867.506170827968,54204.647283166691,1272.641852255158
2025-05-20,empirical_Q80,50873.957277186739,52302.46873080793,229.47994761559045
2025-05-21,point_forecast,53847.831258405538,54782.968192109933,1955.5427673360991
2025-05-21,conditional_empirical_mean,53044.485203841876,54164.346755433544,1692.5998012109123
2025-05-21,empirical_Q80,51488.723606916217,52253.338475925208,493.90809759696521
2025-05-22,point_forecast,50897.261932689871,54666.913989023218,1114.7785087285415
2025-05-22,conditional_empirical_mean,50659.728183792336,53927.278426671437,977.4407188513818
2025-05-22,empirical_Q80,50234.512197431817,51949.179176476471,155.44591497034867
2025-05-23,point_forecast,28982.231570434109,30881.586858776809,877.04773991463458
2025-05-23,conditional_empirical_mean,28496.090078970694,30127.679295215974,724.59073498374551
2025-05-23,empirical_Q80,28343.570315316174,28975.965887866616,182.22781351713132
2025-05-24,point_forecast,28169.909825864219,31202.06203789949,695.33753490589811
2025-05-24,conditional_empirical_mean,27803.201727127314,30457.880303367347,524.3728359887275
2025-05-24,empirical_Q80,28171.409003712557,29245.130053712259,68.474178102141309
2025-05-25,point_forecast,51313.583988999249,55013.937380556541,1202.8155622262957
2025-05-25,conditional_empirical_mean,50865.896416586154,54094.322302386288,1010.5246136495425
2025-05-25,empirical_Q80,50639.314412123393,52022.357908932958,197.53104436416646
2025-05-26,point_forecast,54975.349655997292,54800.768888267536,2078.0596673305222
2025-05-26,conditional_empirical_mean,54658.838926669217,53962.348138141875,1896.4397387081476
2025-05-26,empirical_Q80,52343.24120314484,51908.822807800825,627.77800553442023
2025-05-27,point_forecast,49854.920353250069,55041.139006578989,996.7199666166598
2025-05-27,conditional_empirical_mean,49510.959174864067,54234.36556378394,839.09758303858166
2025-05-27,empirical_Q80,50218.841444249119,52132.529219282544,114.32211424072568
2025-05-28,point_forecast,53460.083210581244,54745.744445039832,1768.361867103662
2025-05-28,conditional_empirical_mean,53312.662676540698,53952.259641911529,1652.824552228439
2025-05-28,empirical_Q80,51178.747557671137,51863.62552907817,390.19492651902146
2025-05-29,point_forecast,57508.370258306051,54718.273355990234,2554.8046714191496
2025-05-29,conditional_empirical_mean,56577.946629321603,53825.746735186636,2269.5223420953862
2025-05-29,empirical_Q80,52218.303426136175,51733.596290620721,576.8932685909615
2025-05-30,point_forecast,30160.985446180846,30582.811350255746,1236.7730075687411
2025-05-30,conditional_empirical_mean,29716.743082905865,29929.181412726008,1054.638026581116
2025-05-30,empirical_Q80,29261.23805135498,28655.982333329008,475.82386613109037
2025-05-31,point_forecast,29605.742349406748,30252.314620105957,1213.9976426886201
2025-05-31,conditional_empirical_mean,29740.155249882802,29763.533106194682,1180.8217263350314
2025-05-31,empirical_Q80,28738.074149225671,28542.144118195647,455.66161033593716
2025-06-01,point_forecast,97850.690783316648,54431.425136809208,12375.898079402634
2025-06-01,conditional_empirical_mean,96487.622141703323,53981.793530155846,12025.033043046253
2025-06-01,empirical_Q80,86211.379200449403,51907.494926214262,8873.9423686669143
2025-06-02,point_forecast,97431.398001322246,57646.450948931728,11950.084769018791
2025-06-02,conditional_empirical_mean,95423.563810351916,56761.838455340978,11330.070028896231
2025-06-02,empirical_Q80,83849.107591192311,54646.128302296202,7889.4103006388432
2025-06-03,point_forecast,85167.58744314767,61123.987373033691,8034.568323437019
2025-06-03,conditional_empirical_mean,81511.77052130946,59888.663420486584,6979.5515941609865
2025-06-03,empirical_Q80,69955.445819207933,57809.987210896928,3579.789926721111
2025-06-04,point_forecast,74254.869140050199,64301.331583447696,5811.8019507729532
2025-06-04,conditional_empirical_mean,70809.244481397152,62738.632374439287,4755.7349743969171
2025-06-04,empirical_Q80,64736.057096814118,60463.417662656306,2410.4792999506813
2025-06-05,point_forecast,79610.916436564643,66441.639423515793,6504.8005570886644
2025-06-05,conditional_empirical_mean,75866.426843957641,64659.924594535696,5324.0226742934938
2025-06-05,empirical_Q80,65917.30080905564,62274.07554978093,2109.8362088893828
2025-06-06,point_forecast,60091.053396153366,33417.681275137358,7832.9921432165102
2025-06-06,conditional_empirical_mean,57405.109620372052,32378.492795197239,6996.9195187650212
2025-06-06,empirical_Q80,50135.515280875661,31073.756720916266,4815.2202165158797
2025-06-07,point_forecast,50609.940027653145,36013.25824275038,5403.7601925794715
2025-06-07,conditional_empirical_mean,46986.292079445273,34501.92437316318,4283.8619328331797
2025-06-07,empirical_Q80,39827.036780907118,33178.91086913702,2112.4849135854756
2025-06-08,point_forecast,61286.434245948272,77018.073870159104,1122.9826645114547
2025-06-08,conditional_empirical_mean,61975.987776354392,73126.766733816679,676.23635135230825
2025-06-08,empirical_Q80,65206.416034091351,70035.051876837082,90.428204802918458
2025-06-09,point_forecast,68616.397928736114,76157.141332975618,2772.5594917406606
2025-06-09,conditional_empirical_mean,66254.289874028735,72734.624157908605,1697.0495366589644
2025-06-09,empirical_Q80,65624.668742710201,69685.567393149569,309.95257148081078
2025-06-10,point_forecast,66666.565910372185,76901.796240230091,2320.7198954658925
2025-06-10,conditional_empirical_mean,64684.026780386172,73141.827832439187,1244.4223414038033
2025-06-10,empirical_Q80,65798.48525604012,70144.967593755675,266.70775521143378
2025-06-11,point_forecast,82366.097887424199,77306.628621221709,5520.5783808630567
2025-06-11,conditional_empirical_mean,76247.239852757994,73347.46041049331,3520.6721936477261
2025-06-11,empirical_Q80,70986.021911056567,70303.650987587083,1193.5493996988273
2025-06-12,point_forecast,67162.270677672932,79160.888316449957,2175.999242649305
2025-06-12,conditional_empirical_mean,64751.911631069219,74645.303402770776,922.13365653079609
2025-06-12,empirical_Q80,67131.854950547975,71443.499259156175,179.74330052517871
2025-06-13,point_forecast,35460.228020254333,42890.0783470264,852.69189557382856
2025-06-13,conditional_empirical_mean,35233.917728229862,40705.275166782238,456.76619322952689
2025-06-13,empirical_Q80,36617.788556707237,39169.597724025974,57.192101211627495
2025-06-14,point_forecast,35332.48575645122,42706.188606857439,1020.9504891583196
2025-06-14,conditional_empirical_mean,34681.268120564986,40534.672038950666,446.68736546355257
2025-06-14,empirical_Q80,36395.398467564941,39033.37324271736,76.285478162961738
2025-06-15,point_forecast,66479.66077632668,77743.55961452733,2091.1444794394097
2025-06-15,conditional_empirical_mean,63654.659482935458,73176.63848589464,832.28668130787594
2025-06-15,empirical_Q80,65319.358416339943,70166.16515135589,21.409154080683493
2025-06-16,point_forecast,67984.351453407697,79462.939383143646,2516.7306843922897
2025-06-16,conditional_empirical_mean,65300.397756931168,74688.493486037289,1186.525537747749
2025-06-16,empirical_Q80,67377.950514454526,71498.529623702445,269.73536380686835
2025-06-17,point_forecast,73811.630621702701,79839.329686578916,3768.8355031299384
2025-06-17,conditional_empirical_mean,69819.8913542589,74835.119241990367,2079.7263151681204
2025-06-17,empirical_Q80,69770.028958850831,71683.864893705046,728.34537529600107
2025-06-18,point_forecast,62642.72651853491,80409.594537461962,1027.5088363285931
2025-06-18,conditional_empirical_mean,62896.443114313719,75431.823581895558,399.53339223415173
2025-06-18,empirical_Q80,67362.577654749926,72181.421448723951,34.285407571820087
2025-06-19,point_forecast,64789.122042894858,79371.274295464435,1654.5365150654859
2025-06-19,conditional_empirical_mean,64482.081172865452,74567.122465788314,931.73236556401378
2025-06-19,empirical_Q80,67052.525403344625,71387.616825374935,159.42568879283658
2025-06-20,point_forecast,34027.212296762867,41250.871349794426,977.75830892917975
2025-06-20,conditional_empirical_mean,33838.828815356166,39250.076518921975,564.12707542215628
2025-06-20,empirical_Q80,35207.440457390032,37792.854707927436,95.706975738389474
2025-06-21,point_forecast,34201.977217289677,41156.369595490192,902.37035668972908
2025-06-21,conditional_empirical_mean,34452.127500529998,39271.102677127499,634.37758893831415
2025-06-21,empirical_Q80,35248.955837405272,37805.325953752385,92.966625542142964
2025-06-22,point_forecast,64942.554168423652,76037.471470397446,2290.7369924719205
2025-06-22,conditional_empirical_mean,62829.033143136978,71981.894990290908,1183.3250322901149
2025-06-22,empirical_Q80,64584.279738580401,68875.352521295572,238.82135515824831
2025-06-23,point_forecast,64007.045342346079,76161.772175251957,1959.8654259504794
2025-06-23,conditional_empirical_mean,61876.432301852365,72172.250112928887,925.02506457707204
2025-06-23,empirical_Q80,64443.135209745262,69056.007282994091,149.54848894314705
2025-06-24,point_forecast,85914.62417977993,75412.060812132782,6942.4002416724379
2025-06-24,conditional_empirical_mean,79923.483932466217,71677.514521937555,4969.4615728454546
2025-06-24,empirical_Q80,73813.650047100717,68653.844043563062,2376.3659086642028
2025-06-25,point_forecast,66414.466962882114,76395.318805798321,2642.3985493213254
2025-06-25,conditional_empirical_mean,64148.456447381061,72207.55038189872,1485.5372219196424
2025-06-25,empirical_Q80,66094.541341077012,69049.886901993174,630.81872363788329
2025-06-26,point_forecast,64657.58379772956,76463.895366354933,2032.1504640642661
2025-06-26,conditional_empirical_mean,63102.96826739324,72231.323640388582,1048.680650877408
2025-06-26,empirical_Q80,64236.449389150548,69134.292571686863,30.378130394726213
2025-06-27,point_forecast,33187.390976772993,39696.84432778645,894.05009211942138
2025-06-27,conditional_empirical_mean,32894.255395257082,38057.421257730195,525.37395848505992
2025-06-27,empirical_Q80,33995.18662072024,36549.336456520687,75.887865329180272
2025-06-28,point_forecast,34843.763863645836,39433.964648074725,1431.9988286639614
2025-06-28,conditional_empirical_mean,33986.342463765526,37868.721232521289,917.76563206165292
2025-06-28,empirical_Q80,34613.775303397699,36343.300327598401,340.38538750164014
2025-06-29,point_forecast,65540.012734914271,75093.5323871328,2541.420065586236
2025-06-29,conditional_empirical_mean,63559.668065998529,71543.90464033313,1501.701036683889
2025-06-29,empirical_Q80,64578.480254592359,68405.718243412601,402.42481543470194
2025-06-30,point_forecast,66392.150602959446,73663.642082914972,2652.280881684886
2025-06-30,conditional_empirical_mean,64638.168933119887,70887.474553662963,1791.6677622337686
2025-06-30,empirical_Q80,64919.40985338483,67907.629203601973,491.89395524711205
2025-07-01,point_forecast,92243.087652272647,72270.861818140736,9834.8711743224048
2025-07-01,conditional_empirical_mean,89525.342536247423,70011.942390986107,8820.9664267466651
2025-07-01,empirical_Q80,82333.845099388593,67046.758301666181,5710.4096565757045
2025-07-02,point_forecast,84314.142673064693,73331.547192187252,7484.8392072796796
2025-07-02,conditional_empirical_mean,82931.057369801565,71206.061721030754,6716.716985647191
2025-07-02,empirical_Q80,77716.161395161005,68484.425740830615,4128.3303725731748
2025-07-03,point_forecast,84579.513920372745,74288.295928679334,6275.6073083889969
2025-07-03,conditional_empirical_mean,83287.666182523026,73559.841379843347,5686.6336141556194
2025-07-03,empirical_Q80,74098.14198556167,70708.962362078484,2273.8534089373388
2025-07-04,point_forecast,62430.690239752192,38667.154363960166,9135.666522618325
2025-07-04,conditional_empirical_mean,59536.275067795701,37483.332221863922,8117.1033928441402
2025-07-04,empirical_Q80,50591.981419475647,36158.741729473528,5098.3870268913852
2025-07-05,point_forecast,60219.271595587561,39635.7249289545,7994.005796276143
2025-07-05,conditional_empirical_mean,57343.609018547984,38434.888728845071,6919.08917082478
2025-07-05,empirical_Q80,48046.950041507785,37079.433666411969,3845.0040810559994
2025-07-06,point_forecast,102267.8569356841,67665.289860623481,12233.196903351869
2025-07-06,conditional_empirical_mean,101051.04870736015,67189.024387482379,11581.891558054051
2025-07-06,empirical_Q80,87498.727611927388,64472.48961101981,7143.3027305505166
2025-07-07,point_forecast,71219.715373412357,73487.672903336614,3411.7826646396866
2025-07-07,conditional_empirical_mean,68739.715713354744,72598.367205595147,2412.3122418618486
2025-07-07,empirical_Q80,67366.29036207922,69735.068290006748,632.72436577623012
2025-07-08,point_forecast,74304.594519604434,75976.900269321908,2873.818286833095
2025-07-08,conditional_empirical_mean,75879.029011160383,74999.837082611906,2988.2223183043816
2025-07-08,empirical_Q80,71445.169495218492,72258.578945073081,840.15780908951831
2025-07-09,point_forecast,66757.50441101547,75697.081473232422,1002.6980023228551
2025-07-09,conditional_empirical_mean,67867.371039450751,74711.20197624978,1026.0817871996585
2025-07-09,empirical_Q80,68680.055814460065,71955.581449757301,222.00351792364984
2025-07-10,point_forecast,68860.297198399145,74484.210100001641,1896.8421206548237
2025-07-10,conditional_empirical_mean,69452.134869792717,73644.831352673908,1809.525851280865
2025-07-10,empirical_Q80,67983.954205770176,70981.592021576056,302.96232861462374
2025-07-11,point_forecast,42014.284532280493,47643.265866324829,1295.6444934907031
2025-07-11,conditional_empirical_mean,41566.500392427093,46199.547768205928,889.18124642055704
2025-07-11,empirical_Q80,42550.250008425122,44505.840692393489,295.45818087588412
2025-07-12,point_forecast,42588.709343871342,46554.227148832637,1578.0623614400342
2025-07-12,conditional_empirical_mean,40995.427611943058,45106.902624718452,914.14733095041731
2025-07-12,empirical_Q80,41348.074146804036,43422.010184674305,203.66376498042445
2025-07-13,point_forecast,66461.109986519237,73546.071072310544,1351.8387140473496
2025-07-13,conditional_empirical_mean,67303.05961528953,72535.689177533757,1354.6527115120489
2025-07-13,empirical_Q80,66401.354730808482,69860.279174813419,94.913224898641545
2025-07-14,point_forecast,64995.730703603724,73554.244648725624,1017.3173403324492
2025-07-14,conditional_empirical_mean,64663.203941526794,72520.278530212585,694.55155385387661
2025-07-14,empirical_Q80,66557.803174359477,69820.561478613934,109.78213035213044
2025-07-15,point_forecast,64641.532333007621,75423.379931634234,841.43723587836507
2025-07-15,conditional_empirical_mean,64448.65301691588,74125.63159878552,451.97779646622195
2025-07-15,empirical_Q80,67734.323387989425,71466.327967893798,103.7033069794019
2025-07-16,point_forecast,68941.803630589362,73961.992346170679,2242.5446162255494
2025-07-16,conditional_empirical_mean,68406.767521664558,72793.887702073684,1775.3747217953519
2025-07-16,empirical_Q80,67582.204587584798,70188.163622319029,385.02822186975743
2025-07-17,point_forecast,72293.741197093652,73689.187048041276,2862.9984197147332
2025-07-17,conditional_empirical_mean,71433.721593994851,72444.470357415063,2306.300141514128
2025-07-17,empirical_Q80,68985.494669486798,69811.394488612219,680.63317483434412
2025-07-18,point_forecast,40312.735660648541,46225.267848669304,950.2636652841403
2025-07-18,conditional_empirical_mean,39451.470125878201,44810.27360108943,460.57446541981403
2025-07-18,empirical_Q80,40862.924111214226,43135.585054055991,82.719376752142793
2025-07-19,point_forecast,41077.529216061703,45819.268613840453,1334.1555161966362
2025-07-19,conditional_empirical_mean,39865.489425113694,44385.889841202043,780.3064423318192
2025-07-19,empirical_Q80,40236.076644770917,42731.046067541072,45.246911953364474
2025-07-20,point_forecast,66478.120273462904,73444.796045258729,1732.7989762742025
2025-07-20,conditional_empirical_mean,65970.395088477817,71768.501884314901,1254.9234142293997
2025-07-20,empirical_Q80,66439.265892163239,69136.505827529603,278.16841032217565
2025-07-21,point_forecast,68961.064141675044,74414.795008308734,2107.669705618292
2025-07-21,conditional_empirical_mean,67813.652168367902,72694.769229153811,1474.4992921674798
2025-07-21,empirical_Q80,67289.674304393149,70080.468613592966,261.09892369149202
2025-07-22,point_forecast,68573.412820673489,74463.61151733654,2146.5883460529353
2025-07-22,conditional_empirical_mean,67525.93333199402,72726.232058782422,1473.5468385375407
2025-07-22,empirical_Q80,68631.520445823975,70087.639934678853,534.4047821019534
2025-07-23,point_forecast,70379.267603304572,74185.902012621431,2263.4169873003502
2025-07-23,conditional_empirical_mean,69716.335879725724,72707.778193962353,1764.5202639032814
2025-07-23,empirical_Q80,68365.425018173963,70034.416190694858,444.00209973876713
2025-07-24,point_forecast,70018.719493953511,74697.721619391232,2335.8989019173691
2025-07-24,conditional_empirical_mean,68794.425931529928,73135.630222137392,1651.2775648557099
2025-07-24,empirical_Q80,69460.967602947872,70426.591555805324,659.76672151832133
2025-07-25,point_forecast,40686.221412266466,45690.106603012653,1232.1492008488253
2025-07-25,conditional_empirical_mean,39691.466831395723,44123.340140353946,697.84047170950748
2025-07-25,empirical_Q80,40430.609678326662,42468.624426800758,165.2513035617639
2025-07-26,point_forecast,39793.711764108339,46136.948961745111,1092.9192518290579
2025-07-26,conditional_empirical_mean,39453.533238946649,44542.115872113958,677.46295269146231
2025-07-26,empirical_Q80,40534.30021199488,42908.762669085292,82.531633391766718
2025-07-27,point_forecast,73938.341535368556,73205.537566187995,3406.399596271659
2025-07-27,conditional_empirical_mean,73167.959807577863,71674.314580753155,2803.8352118211446
2025-07-27,empirical_Q80,70663.042567782555,69036.077441913309,1162.57630946531
2025-07-28,point_forecast,74800.624091297243,74342.669275452412,3195.6626460712541
2025-07-28,conditional_empirical_mean,73478.616437074219,72755.099051204088,2553.5136369848597
2025-07-28,empirical_Q80,70554.263742657713,70104.885573714273,893.92394186980937
2025-07-29,point_forecast,69533.314116284251,75313.082491987501,1967.8285648734209
2025-07-29,conditional_empirical_mean,68982.598893271555,73618.398440386663,1525.286539532096
2025-07-29,empirical_Q80,69842.942110463773,70924.322906506131,721.88384854210699
2025-07-30,point_forecast,70354.625105670348,74469.520951121085,2250.6609017413457
2025-07-30,conditional_empirical_mean,69814.490147928533,73179.011761180285,1828.7032738391622
2025-07-30,empirical_Q80,68012.048054002735,70537.362718469609,380.33057609916392
2025-07-31,point_forecast,69921.036560792141,73872.176043901156,2076.1112269706255
2025-07-31,conditional_empirical_mean,68600.499835454568,72664.722101539461,1533.1885239853673
2025-07-31,empirical_Q80,67436.49062041023,70117.638620889935,311.5512227483714
2025-08-01,point_forecast,39224.844181316985,43216.867207607087,1091.8962837219833
2025-08-01,conditional_empirical_mean,39219.357654305015,42494.732154862562,921.89680045320301
2025-08-01,empirical_Q80,39476.330575709435,41073.942283637414,302.44865629384526
2025-08-02,point_forecast,38886.072039554449,42187.571450184172,819.86465839341213
2025-08-02,conditional_empirical_mean,39208.615941808603,41851.992168745892,821.90011232246741
2025-08-02,empirical_Q80,39060.200600765216,40413.298259255585,226.24770036475491
2025-08-03,point_forecast,64569.039285784143,69315.684675028431,1158.8506908612701
2025-08-03,conditional_empirical_mean,65380.053752802021,69262.878433942999,1307.1955578462453
2025-08-03,empirical_Q80,65306.84032258657,66759.282528977739,386.42348395684144
2025-08-04,point_forecast,61988.14202934123,67538.378561781719,708.84567177340909
2025-08-04,conditional_empirical_mean,62174.605257952549,68093.309623842841,895.76940300323895
2025-08-04,empirical_Q80,63291.758445974468,65457.588598814116,105.19084328407268
2025-08-05,point_forecast,61417.472300670051,66404.657714607078,734.58225310320472
2025-08-05,conditional_empirical_mean,62164.303433260953,67023.158833433525,1063.3009160876691
2025-08-05,empirical_Q80,62752.078766912542,64483.736983729978,190.30923676261773
2025-08-06,point_forecast,68669.590684365976,64930.696596102178,2728.5822238193878
2025-08-06,conditional_empirical_mean,69368.490008167995,65674.962495229047,3085.6227791483361
2025-08-06,empirical_Q80,66732.084159931808,63286.909292099976,1467.2176183335371
2025-08-07,point_forecast,63271.600254330886,64530.690991982352,1606.9963593476004
2025-08-07,conditional_empirical_mean,64320.311014632309,65197.833419022558,2021.208712783922
2025-08-07,empirical_Q80,62498.35001368275,62826.249839676108,582.00853269991262
2025-08-08,point_forecast,38988.661346100082,39114.754337049344,945.0170608107785
2025-08-08,conditional_empirical_mean,39690.908187728615,39590.218588625125,1194.5860595004779
2025-08-08,empirical_Q80,38097.185375374538,38072.205766879801,326.41828789535487
2025-08-09,point_forecast,38834.888978784104,38875.432188446386,1125.5135520575061
2025-08-09,conditional_empirical_mean,39530.290335369456,39317.578049895623,1414.6297502120733
2025-08-09,empirical_Q80,37919.618014973217,37844.560197487437,388.3253064182141
2025-08-10,point_forecast,61719.238481094602,63374.936986751432,1128.735889621021
2025-08-10,conditional_empirical_mean,62426.399253475596,63995.456295400916,1427.3130089965589
2025-08-10,empirical_Q80,61233.858993810842,61888.183244327178,355.26002886520428
2025-08-11,point_forecast,64673.055416450472,63529.025407006076,1838.8812199375445
2025-08-11,conditional_empirical_mean,65418.777077701299,64123.918114339576,2154.6000524585693
2025-08-11,empirical_Q80,62971.059800654504,62011.847626489871,767.29281682737792
2025-08-12,point_forecast,65917.84525594255,63940.107488435075,2106.9675639328179
2025-08-12,conditional_empirical_mean,66513.748813695522,64472.188902141344,2356.3838328465536
2025-08-12,empirical_Q80,63451.785522308557,62305.374379002424,797.39709111768252
2025-08-13,point_forecast,61576.425700222804,64302.982351698578,1159.1892978578753
2025-08-13,conditional_empirical_mean,61988.245525181512,64696.71823122583,1343.9343901344303
2025-08-13,empirical_Q80,61813.658083039321,62497.806719318607,441.20905930749586
2025-08-14,point_forecast,68651.907118457326,63876.374201795734,2534.714354813661
2025-08-14,conditional_empirical_mean,69366.684734848124,64334.280018061327,2796.4131692101514
2025-08-14,empirical_Q80,64237.115303207524,62191.068257154278,926.42257652888736
2025-08-15,point_forecast,40621.913724560989,38676.290706433931,1713.3537993696791
2025-08-15,conditional_empirical_mean,41382.087345979446,39016.666531941002,2001.0806150053761
2025-08-15,empirical_Q80,38615.094913704212,37560.5860535545,625.81296661547208
2025-08-16,point_forecast,39713.90732325158,38729.575221609368,1286.6399099187984
2025-08-16,conditional_empirical_mean,40383.387936756262,39030.215532959635,1518.1438691814024
2025-08-16,empirical_Q80,38552.450434050203,37556.666711249978,481.54360097781188
2025-08-17,point_forecast,65155.387366479219,63106.67632335009,2077.4509036479567
2025-08-17,conditional_empirical_mean,65916.464327610738,63571.829220487314,2337.1870954614642
2025-08-17,empirical_Q80,62512.837468599158,61446.64770071346,751.72968874033847
2025-08-18,point_forecast,66685.57865199355,63896.683740407731,2185.9707051634268
2025-08-18,conditional_empirical_mean,67250.868935056598,64331.022214751174,2402.4387878149009
2025-08-18,empirical_Q80,63509.506562782059,62208.873374208211,772.92223094762312
2025-08-19,point_forecast,62769.594638655639,64213.095441433506,1323.4579045754958
2025-08-19,conditional_empirical_mean,63767.924081660938,64626.572121323406,1665.3856338795085
2025-08-19,empirical_Q80,62236.796149059934,62482.327923611374,452.45673677857815
2025-08-20,point_forecast,75366.962865012931,63851.079490248114,3986.3844506685436
2025-08-20,conditional_empirical_mean,75877.51569899336,64269.983577208463,4220.9645859732436
2025-08-20,empirical_Q80,70430.626942933974,62135.198370333739,2188.960781050564
2025-08-21,point_forecast,61789.315169734546,64742.942706540569,1096.468709189279
2025-08-21,conditional_empirical_mean,62128.339063329622,65114.883063679947,1290.3408008198428
2025-08-21,empirical_Q80,62355.72230275115,62939.347441363425,447.67616307424282
2025-08-22,point_forecast,42695.931308388208,39070.149316255316,1998.0078650155988
2025-08-22,conditional_empirical_mean,43393.732703848189,39351.465159951484,2200.9631838924752
2025-08-22,empirical_Q80,40429.106858714193,37900.879117323741,988.86964761405875
2025-08-23,point_forecast,38495.009429768237,39638.006006610733,1024.5511607829828
2025-08-23,conditional_empirical_mean,38929.24568549027,39869.727662808305,1200.3716233314713
2025-08-23,empirical_Q80,37960.00666589231,38403.826573678918,301.12931789675753
2025-08-24,point_forecast,67539.610123911523,64928.250559499349,2480.0737528432737
2025-08-24,conditional_empirical_mean,67899.828878015353,65146.814091403736,2634.520687171404
2025-08-24,empirical_Q80,62804.683922728094,62967.136776029263,584.82835183104737
2025-08-25,point_forecast,70801.834151812393,65809.450941675852,3219.5746179466187
2025-08-25,conditional_empirical_mean,70852.332854847817,66033.705197262912,3334.6418798714253
2025-08-25,empirical_Q80,66357.994022409956,63743.260347801748,1312.4047750415755
2025-08-26,point_forecast,64236.93288656637,66210.493925823481,1370.7552135938483
2025-08-26,conditional_empirical_mean,64916.777375246304,66423.200384404132,1570.6033322311537
2025-08-26,empirical_Q80,63196.399442406924,64115.688100006293,346.64361951165074
2025-08-27,point_forecast,69694.642296424019,66119.133610314719,2449.3549822140794
2025-08-27,conditional_empirical_mean,69704.724425257824,66303.61039683377,2502.8322720702749
2025-08-27,empirical_Q80,64593.090485432665,63982.887180899292,615.007450929068
2025-08-28,point_forecast,69292.032393126341,66330.323589998079,2556.2114934998476
2025-08-28,conditional_empirical_mean,69576.436057941086,66478.461504970517,2699.2391069383602
2025-08-28,empirical_Q80,67026.585985045807,64159.518200150829,1162.5384226255687
2025-08-29,point_forecast,41438.739715440854,40679.981467069039,1326.2539271628748
2025-08-29,conditional_empirical_mean,41453.377502235526,40779.416819680933,1409.0752266078412
2025-08-29,empirical_Q80,40470.407957695534,39304.297241904431,546.82639728840832
2025-08-30,point_forecast,39928.586243567333,40642.478159571605,1220.5573431521141
2025-08-30,conditional_empirical_mean,40435.100136285961,40689.003757704282,1424.0917449013314
2025-08-30,empirical_Q80,39076.722410125236,39203.730881886229,384.56821026325082
2025-08-31,point_forecast,63883.313020382244,67032.687580849015,1286.1338732240069
2025-08-31,conditional_empirical_mean,64063.007911466411,67035.374674075632,1360.6075780498413
2025-08-31,empirical_Q80,62907.666955878136,64685.766853556888,199.34616953522158
2025-09-01,point_forecast,58915.80335709652,67188.960358186319,0
2025-09-01,conditional_empirical_mean,58981.272568819215,67060.784212158222,0
2025-09-01,empirical_Q80,62360.526414261498,64783.090638494003,0
2025-09-02,point_forecast,59366.971081515396,64984.988264257816,502.9999375035066
2025-09-02,conditional_empirical_mean,58787.071219042286,65295.952960676179,422.41494495903396
2025-09-02,empirical_Q80,60366.081304814827,62740.928900847844,8.3269940208600701
2025-09-03,point_forecast,56731.797963656812,63562.578437288714,298.9822690997803
2025-09-03,conditional_empirical_mean,56397.631204017074,64116.38718495697,318.341496221169
2025-09-03,empirical_Q80,59052.948522498715,61330.138461300761,45.278006618349309
2025-09-04,point_forecast,58352.402159478115,62037.500468615275,850.91128496617284
2025-09-04,conditional_empirical_mean,57896.862406517168,62878.336550578519,875.39438651165881
2025-09-04,empirical_Q80,58420.348623462152,60040.747487851542,182.09412802662399
2025-09-05,point_forecast,34900.458880952952,39285.092224910361,14.561875268499477
2025-09-05,conditional_empirical_mean,34107.704794572433,40255.9416653765,19.345773782907315
2025-09-05,empirical_Q80,36681.977486854783,38095.195424080426,0
2025-09-06,point_forecast,35198.088126507093,38572.555324218374,231.39607865640949
2025-09-06,conditional_empirical_mean,34134.934548141799,39867.660683993578,242.19466534410793
2025-09-06,empirical_Q80,36200.375158623312,37500.80008636562,33.65464334196546
2025-09-07,point_forecast,57721.425594165492,61011.758673717719,734.70594559802555
2025-09-07,conditional_empirical_mean,56575.52316417564,62593.46435484245,750.49173436456192
2025-09-07,empirical_Q80,57826.019301283886,59229.99153491469,197.17690575230597
2025-09-08,point_forecast,63299.72720279581,56758.087195293141,3332.2083922786305
2025-09-08,conditional_empirical_mean,66157.162614818721,58469.789198197192,4522.4984628075326
2025-09-08,empirical_Q80,59836.916046225,55031.448804818676,1781.7529027874336
2025-09-09,point_forecast,58526.063832964144,57973.260322822076,1890.8757447844234
2025-09-09,conditional_empirical_mean,61575.807616314385,59581.194021749674,3075.0624024480585
2025-09-09,empirical_Q80,55694.278770761543,56101.273340813095,443.63694917012896
2025-09-10,point_forecast,66762.44328450397,57953.416953449392,3544.229561805867
2025-09-10,conditional_empirical_mean,68516.635965808688,59544.281308847523,4450.7989506782505
2025-09-10,empirical_Q80,60983.271465676073,56087.725410966785,1592.7768787032828
2025-09-11,point_forecast,58148.906448317517,58902.143721288165,1563.383725952538
2025-09-11,conditional_empirical_mean,60601.038848385942,60315.455322256486,2581.5695259998138
2025-09-11,empirical_Q80,56334.745871600178,56760.209707422269,467.84387936838903
2025-09-12,point_forecast,34625.042721391539,33148.460511240941,1472.5546831462093
2025-09-12,conditional_empirical_mean,37029.823298737108,34772.405369540058,2631.0366220395936
2025-09-12,empirical_Q80,32998.660854595961,32200.973563285956,594.24291296175579
2025-09-13,point_forecast,34984.237241049632,33058.328642389715,1473.0961960984632
2025-09-13,conditional_empirical_mean,37545.355276357288,34638.031904651238,2534.1760348980647
2025-09-13,empirical_Q80,32729.614118574496,32045.319427430019,509.07110883108896
2025-09-14,point_forecast,61667.491294935258,59111.914112167331,2388.1998659995243
2025-09-14,conditional_empirical_mean,64134.284776663888,60433.785225654246,3420.9771701443715
2025-09-14,empirical_Q80,57156.224490262473,56928.57453116899,716.31692095298615
2025-09-15,point_forecast,59244.350016233511,59894.461338537578,1745.7661166311184
2025-09-15,conditional_empirical_mean,62355.993374079575,61159.232718157073,2814.6345178529082
2025-09-15,empirical_Q80,57111.96846257057,57588.957520285512,458.81734558148645
2025-09-16,point_forecast,59003.487590276723,60019.690826038692,1791.5071160304219
2025-09-16,conditional_empirical_mean,62517.450311617664,61335.606892210591,3093.8665446910991
2025-09-16,empirical_Q80,57371.427015888214,57762.512847267164,552.82064684023339
2025-09-17,point_forecast,59845.725855605226,60354.830424333268,1640.5449430929484
2025-09-17,conditional_empirical_mean,61937.692452038915,61641.319942506474,2541.2851508158496
2025-09-17,empirical_Q80,56990.090959801018,58030.954427775323,337.31098001498469
2025-09-18,point_forecast,59630.45773202274,59699.997333204301,1584.6609840762285
2025-09-18,conditional_empirical_mean,62477.927945190633,61132.918881560749,2627.73433024318
2025-09-18,empirical_Q80,57521.286800085822,57551.406793596499,451.11172973157068
2025-09-19,point_forecast,33858.839857303108,34044.2696692432,1149.9941364455822
2025-09-19,conditional_empirical_mean,36087.073659977294,35596.03465171373,2143.4724821521045
2025-09-19,empirical_Q80,33075.152149700822,32921.135303357703,472.98825575892488
2025-09-20,point_forecast,36146.675275378417,33441.548142879488,1622.815579603423
2025-09-20,conditional_empirical_mean,38919.438013377898,35002.166037807678,2761.0067064926538
2025-09-20,empirical_Q80,34289.260132404226,32338.50591023203,730.21042955969313
2025-09-21,point_forecast,57955.833599907171,61169.808861639845,1123.5786415637485
2025-09-21,conditional_empirical_mean,61623.228314122214,62314.564086831786,2287.3614582822293
2025-09-21,empirical_Q80,57950.624942997456,58672.714530578181,362.47537870767439
2025-09-22,point_forecast,60416.498058676523,60806.106938645607,1877.7390378522264
2025-09-22,conditional_empirical_mean,63364.209304008364,62118.395546438653,3064.7835827161266
2025-09-22,empirical_Q80,58222.108325623747,58501.73640377634,551.71197790272106
2025-09-23,point_forecast,62322.914775670848,61053.20289400428,1892.2745328735
2025-09-23,conditional_empirical_mean,65898.28481639699,62763.404014247928,3051.6767936132746
2025-09-23,empirical_Q80,60108.501348393918,59017.393655674627,730.00000461127206
2025-09-24,point_forecast,60771.891681014728,61111.099313302504,1699.4452207665827
2025-09-24,conditional_empirical_mean,63297.401046585743,62857.037650113401,2790.7557001554378
2025-09-24,empirical_Q80,58439.471633465932,59083.275354770485,450.2472148779417
2025-09-25,point_forecast,59805.986811995172,61142.631138356352,1493.0918791426582
2025-09-25,conditional_empirical_mean,63388.084859449482,63001.234353135282,2837.2142999392108
2025-09-25,empirical_Q80,59550.186053429716,59253.52296469087,657.06145445934283
2025-09-26,point_forecast,32500.558748777541,34278.386609662535,595.47186978298237
2025-09-26,conditional_empirical_mean,34542.128975173233,36209.464234021747,1542.9528989316382
2025-09-26,empirical_Q80,32853.871117722985,33357.250624271699,201.37006210093847
2025-09-27,point_forecast,37714.757452278332,33959.691161772527,1904.361026641182
2025-09-27,conditional_empirical_mean,41610.76512540043,35948.213635268185,3294.3647560022591
2025-09-27,empirical_Q80,35428.241147292363,33112.00014841387,903.73124220162003
2025-09-28,point_forecast,60350.731034786928,61967.661016184255,1360.0128798368635
2025-09-28,conditional_empirical_mean,62137.066684660997,63815.795633066205,2329.6421931719046
2025-09-28,empirical_Q80,59489.279005981836,60065.855745010726,419.57174283017645
2025-09-29,point_forecast,60375.205972518845,62310.227791268531,1285.0344137180973
2025-09-29,conditional_empirical_mean,63533.321087774253,64103.282907946836,2445.3212339909437
2025-09-29,empirical_Q80,60402.996094343747,60366.295535160258,516.21806552369503
2025-09-30,point_forecast,65538.598563014923,62702.007566680921,2440.7263538817497
2025-09-30,conditional_empirical_mean,67267.996969375497,63957.324507438723,3269.3478204918456
2025-09-30,empirical_Q80,61560.388634933144,60639.983680233192,740.86235310823724
2025-10-01,point_forecast,56024.320952327638,63299.226265826146,231.85672412434621
2025-10-01,conditional_empirical_mean,55871.848149629841,64105.003986962016,431.87852451643153
2025-10-01,empirical_Q80,58942.027158891768,60990.250661163373,53.459876778742
2025-10-02,point_forecast,55535.789557746568,62230.456062784535,380.02383852284436
2025-10-02,conditional_empirical_mean,55607.575927859551,63080.055889385243,679.87238826495991
2025-10-02,empirical_Q80,58158.732415314269,60004.512586190918,116.41593386259183
2025-10-03,point_forecast,30673.009414669228,34170.526358788011,223.90566111330321
2025-10-03,conditional_empirical_mean,30108.357528445704,35255.722201517492,350.78326249932331
2025-10-03,empirical_Q80,31961.341739202348,33111.647506137895,43.081379568999068
2025-10-04,point_forecast,32211.627786789497,34467.06918362376,513.64171127418422
2025-10-04,conditional_empirical_mean,31748.426287334674,35322.767375608906,610.07026047179829
2025-10-04,empirical_Q80,32669.330461298658,33416.020525244334,128.78763614829774
2025-10-05,point_forecast,55163.1432814898,60659.778406588739,549.82970348195363
2025-10-05,conditional_empirical_mean,54700.716857654006,61152.257963880053,571.72827405331532
2025-10-05,empirical_Q80,56873.202187341216,58673.392625144101,129.58284078755673
2025-10-06,point_forecast,54709.726440058541,60236.333664860911,452.31409033356465
2025-10-06,conditional_empirical_mean,54830.423175391486,60654.486492232507,574.0099654212363
2025-10-06,empirical_Q80,56434.225359489697,58325.195408436753,65.612852325122049
2025-10-07,point_forecast,57022.73092493962,59647.954062637284,922.59665141375137
2025-10-07,conditional_empirical_mean,56432.560740967456,60219.068142569806,925.07195113366458
2025-10-07,empirical_Q80,56099.421357943334,57907.814546353693,77.083477226300943
2025-10-08,point_forecast,56467.874086444557,57715.822968081004,1234.0368620617965
2025-10-08,conditional_empirical_mean,57872.56805256095,58276.620327800163,1570.4333358452041
2025-10-08,empirical_Q80,55245.897006155094,56008.565091017219,319.66932868528033
2025-10-09,point_forecast,56517.027179318931,57288.248205600918,1189.0936068697752
2025-10-09,conditional_empirical_mean,58260.826929009854,57964.685579842953,1641.4940128023593
2025-10-09,empirical_Q80,54668.84278696595,55738.212685977225,206.59903130808192
2025-10-10,point_forecast,31479.410566849729,31973.82562215281,915.13117505501918
2025-10-10,conditional_empirical_mean,32133.322610392865,32565.277618899207,1197.50028492503
2025-10-10,empirical_Q80,30681.385415057171,30970.825549652,257.28900765552737
2025-10-11,point_forecast,32215.178857453455,32031.052878355687,930.25448567977207
2025-10-11,conditional_empirical_mean,33282.966506487035,32640.81004979978,1210.9419960048804
2025-10-11,empirical_Q80,30780.728181325096,31059.071385054023,224.2836463437398
2025-10-12,point_forecast,57315.218550461432,57379.641486033033,1295.5767991242465
2025-10-12,conditional_empirical_mean,58855.563434005817,58009.675165743582,1712.7753268297615
2025-10-12,empirical_Q80,55723.681656308181,55795.408720396001,396.2035318746897
2025-10-13,point_forecast,57412.930031306445,57523.77664117411,1225.0186133958687
2025-10-13,conditional_empirical_mean,58396.367280848288,58219.103751214134,1572.0123956524599
2025-10-13,empirical_Q80,55407.812615714865,56022.187754064849,297.80599585614607
2025-10-14,point_forecast,62959.56879374144,57451.429221862389,2610.0157857388299
2025-10-14,conditional_empirical_mean,64916.198748285111,58148.802941570604,3167.5822349403661
2025-10-14,empirical_Q80,57606.371379412041,55971.749976873558,845.002525917345
2025-10-15,point_forecast,59693.880236243436,57760.714810000791,1769.3557072803246
2025-10-15,conditional_empirical_mean,60901.654685160567,58404.79264502124,2196.1739265711699
2025-10-15,empirical_Q80,56972.710651575922,56159.110841044865,613.11659937709476
2025-10-16,point_forecast,67773.944080513436,57968.64557823135,3606.2339456243089
2025-10-16,conditional_empirical_mean,69663.535487362155,58608.868446697823,4159.2956071443023
2025-10-16,empirical_Q80,62594.174543811867,56354.856690888977,1930.4249154001959
2025-10-17,point_forecast,31143.687184923911,32629.540298054562,595.04215069426289
2025-10-17,conditional_empirical_mean,31943.540459886899,33194.047867815098,869.64323288916694
2025-10-17,empirical_Q80,30800.417375599493,31534.758020053701,110.99019101271307
2025-10-18,point_forecast,31836.060834823558,32378.033980919849,872.93987945156152
2025-10-18,conditional_empirical_mean,31959.621678885262,32968.168953913068,1029.7236874247212
2025-10-18,empirical_Q80,31236.654990926403,31334.493380333286,285.47874420125981
2025-10-19,point_forecast,67724.518913993379,58591.964910663635,3453.1413089795988
2025-10-19,conditional_empirical_mean,69549.833390597458,59303.083341714475,3944.5798175490177
2025-10-19,empirical_Q80,62348.618978819264,57019.926144034529,1668.4339841795045
2025-10-20,point_forecast,65799.317356661806,59509.679856862072,2750.3850587383613
2025-10-20,conditional_empirical_mean,66830.217105360527,60020.889354018531,3037.4462223036289
2025-10-20,empirical_Q80,61396.415432094538,57725.335889878639,1164.7645973859585
2025-10-21,point_forecast,65523.230259174685,60131.621757232191,2680.1345776895059
2025-10-21,conditional_empirical_mean,65381.602901851831,60538.533231981259,2732.9854060077391
2025-10-21,empirical_Q80,60451.881492659828,58190.024563467108,933.13006036596676
2025-10-22,point_forecast,67418.944143541958,62023.740683410957,2765.6838174773993
2025-10-22,conditional_empirical_mean,67682.251884414552,61839.846479177366,2844.7631153482303
2025-10-22,empirical_Q80,63149.232896150301,59401.797363373713,1189.6307499353384
2025-10-23,point_forecast,60659.257177471918,62724.94110242794,1379.6919676471132
2025-10-23,conditional_empirical_mean,60965.695328256465,62461.360906748654,1476.7481191165602
2025-10-23,empirical_Q80,58985.74180616931,59984.060841121041,332.75842663528158
2025-10-24,point_forecast,33944.620651411555,33420.237263097595,1061.5704634780627
2025-10-24,conditional_empirical_mean,34325.823095238731,33913.758220601354,1202.8816905286369
2025-10-24,empirical_Q80,32225.619475579704,32282.178983438011,280.04306986283564
2025-10-25,point_forecast,32427.955237358183,33375.438035591847,733.81700069710394
2025-10-25,conditional_empirical_mean,33736.346886913365,33790.410346222321,1070.3258899591656
2025-10-25,empirical_Q80,31825.048296731213,32144.457895120744,224.87796392326754
2025-10-26,point_forecast,58374.713894728782,63096.058088814963,707.75133811623346
2025-10-26,conditional_empirical_mean,59262.169703864151,62891.556971177932,941.55001344004461
2025-10-26,empirical_Q80,59519.01757399588,60437.745752339484,229.02294121043553
2025-10-27,point_forecast,63523.345689715803,62763.646966321656,2010.5806304450471
2025-10-27,conditional_empirical_mean,64408.367382222801,62709.068395134891,2213.8835002337651
2025-10-27,empirical_Q80,61112.447905264373,60314.91442679461,710.67614937468636
2025-10-28,point_forecast,61844.871426690028,62993.111679213464,1495.0258323120588
2025-10-28,conditional_empirical_mean,62422.50145801578,62927.406534647962,1629.0723219241052
2025-10-28,empirical_Q80,59553.482528741908,60506.303791441533,232.86723763521479
2025-10-29,point_forecast,67433.826550298458,62756.306955520457,2570.3814351860665
2025-10-29,conditional_empirical_mean,67543.413158164389,62807.920210379823,2600.4407865667267
2025-10-29,empirical_Q80,61755.487854320905,60483.379554451851,728.19530975288762
2025-10-30,point_forecast,61345.042404211985,63289.880192333389,1369.7731120321014
2025-10-30,conditional_empirical_mean,61818.553758045455,62858.079408853024,1480.5832727861455
2025-10-30,empirical_Q80,60143.575766586247,60673.789638133072,346.71390990304121
2025-10-31,point_forecast,33577.866659044936,34502.881869948222,763.07254484661235
2025-10-31,conditional_empirical_mean,33336.928142257369,34491.36029151734,736.00606617678841
2025-10-31,empirical_Q80,32772.704408454039,33082.760159478545,150.76734068284361
2025-11-01,point_forecast,33120.606760412003,34236.261753441722,863.93496110546766
2025-11-01,conditional_empirical_mean,32841.488371962303,34069.626515602162,819.3287305849251
2025-11-01,empirical_Q80,32445.231241072124,32789.135587144025,240.92306640408188
2025-11-02,point_forecast,65955.029515940274,64527.365526303714,2122.0073619652644
2025-11-02,conditional_empirical_mean,64822.058174779493,63237.624125818133,1777.3679843173625
2025-11-02,empirical_Q80,61919.669072701625,61438.760590848062,529.88370972984251
2025-11-03,point_forecast,61732.193275239806,65566.245546327773,1201.8160150929896
2025-11-03,conditional_empirical_mean,61318.854900088481,63978.46709932755,992.69561959616885
2025-11-03,empirical_Q80,61037.961485521737,62219.668854919983,208.09631937246866
2025-11-04,point_forecast,62126.110155664566,65984.579466980256,1165.7880372723225
2025-11-04,conditional_empirical_mean,62558.391882510201,64319.497203930012,1102.5012313735192
2025-11-04,empirical_Q80,61895.012542356875,62537.66238729289,327.52626416159239
2025-11-05,point_forecast,64504.777062880203,66078.683169883981,1758.7675935172272
2025-11-05,conditional_empirical_mean,62485.68438433671,64453.357437544997,1198.9670763070199
2025-11-05,empirical_Q80,61753.571968526521,62713.753701630085,314.8982774227353
2025-11-06,point_forecast,70054.949179599789,65964.77875710986,2820.7797060693792
2025-11-06,conditional_empirical_mean,68565.838003320488,64274.280721073024,2369.1049247065507
2025-11-06,empirical_Q80,64761.28035348402,62575.696360149697,907.39642815199534
2025-11-07,point_forecast,35245.720893468766,35423.02506259449,975.52469664647151
2025-11-07,conditional_empirical_mean,34921.020719555163,34897.103146270791,901.03810691036119
2025-11-07,empirical_Q80,34124.773986968052,33813.994183188726,309.96959665830218
2025-11-08,point_forecast,32614.797035164556,35205.610733244175,490.63694093266685
2025-11-08,conditional_empirical_mean,32816.228260993215,34673.956608291592,504.6655918752316
2025-11-08,empirical_Q80,32819.345754522306,33571.017513096005,76.104812983420061
2025-11-09,point_forecast,67679.493065035495,67016.940856352099,2295.9096979895612
2025-11-09,conditional_empirical_mean,66132.68350808839,65209.868728719135,1781.8458706334573
2025-11-09,empirical_Q80,63992.107496873105,63349.919234320834,614.70225993681015
2025-11-10,point_forecast,72030.027349045849,67310.780802222958,3119.6354161508771
2025-11-10,conditional_empirical_mean,69172.428566902498,65469.809133579387,2321.1808776257039
2025-11-10,empirical_Q80,64333.628284037433,63620.132488990028,572.84261185874243
2025-11-11,point_forecast,65472.102574344863,68395.538694734161,1684.2670097015684
2025-11-11,conditional_empirical_mean,63707.029781611833,66344.602417816524,1102.0632253910333
2025-11-11,empirical_Q80,63119.03132347326,64399.682974565389,189.16270709825892
2025-11-12,point_forecast,65514.303322147665,68327.122485617205,1418.9461228959817
2025-11-12,conditional_empirical_mean,64083.034956874646,66400.569901610288,927.45342290004078
2025-11-12,empirical_Q80,63556.18092303165,64509.466298974548,196.29874060343553
2025-11-13,point_forecast,67352.513097599236,68327.086807666943,1969.1164693889834
2025-11-13,conditional_empirical_mean,66760.122869315557,66453.309321072331,1648.9080924718758
2025-11-13,empirical_Q80,64680.811485824684,64540.685989536047,461.00642418042156
2025-11-14,point_forecast,34004.379622436012,36274.997283918368,598.02535463710876
2025-11-14,conditional_empirical_mean,33840.749587012499,35923.585975563372,565.9183269230009
2025-11-14,empirical_Q80,33892.099663025831,34758.894906758163,75.861824668513123
2025-11-15,point_forecast,35164.069598978989,35799.685705428601,989.62171347182061
2025-11-15,conditional_empirical_mean,34350.074543374634,35460.748425469705,796.00991930156454
2025-11-15,empirical_Q80,33763.14651158113,34307.216562195528,172.59497037265288
2025-11-16,point_forecast,69989.977923318016,68284.499477305464,2409.7058071867823
2025-11-16,conditional_empirical_mean,68410.999495630327,67200.792560826972,1990.9117856820951
2025-11-16,empirical_Q80,65291.673108059767,65297.060387046804,536.2783448778107
2025-11-17,point_forecast,65202.842192803233,68633.077179574655,1221.4717136461818
2025-11-17,conditional_empirical_mean,64713.87260488818,67639.91956820614,1054.5726083454324
2025-11-17,empirical_Q80,64704.946398212662,65683.629170097556,289.97433318445644
2025-11-18,point_forecast,67693.650454962917,68190.841931306131,1741.2155630352308
2025-11-18,conditional_empirical_mean,67154.653144015698,67399.270216061021,1618.7180349438006
2025-11-18,empirical_Q80,65621.964356121811,65478.4013633953,512.45780380734141
2025-11-19,point_forecast,69212.726254603287,68077.684966949018,2046.0628611196498
2025-11-19,conditional_empirical_mean,68075.769367389745,67436.580889526856,1782.5433738732959
2025-11-19,empirical_Q80,65078.044246422956,65466.554962817972,390.94405856141873
2025-11-20,point_forecast,68653.424617564917,68346.361984777235,1808.9967066142726
2025-11-20,conditional_empirical_mean,68489.17390703148,67733.230267985928,1752.7784486234386
2025-11-20,empirical_Q80,66401.104457963229,65695.121643388935,593.9449889198961
2025-11-21,point_forecast,34996.361771451237,36206.462348163623,897.38559856913662
2025-11-21,conditional_empirical_mean,34555.605008442464,35950.305871890676,839.78060151807881
2025-11-21,empirical_Q80,34478.333235183192,34757.072564337475,264.61733060076858
2025-11-22,point_forecast,36430.32174354454,35969.866697459023,1226.5173248881715
2025-11-22,conditional_empirical_mean,35853.26459491234,35729.898657524194,1138.9100904413774
2025-11-22,empirical_Q80,34634.41775462537,34561.113286818152,307.75848889275863
2025-11-23,point_forecast,69974.367512240147,68548.324158058764,1988.4339178019845
2025-11-23,conditional_empirical_mean,69858.551382787235,68065.588551690336,1905.0608739056465
2025-11-23,empirical_Q80,66962.046449611953,66035.885317488763,594.85390810594924
2025-11-24,point_forecast,67950.402041186215,68670.165407060675,1555.6151348089156
2025-11-24,conditional_empirical_mean,67697.427522735015,68158.89613333944,1525.6641676454151
2025-11-24,empirical_Q80,66263.482198819256,66096.072950109825,455.59266518008792
2025-11-25,point_forecast,67926.390547369461,68690.112428331646,1623.5317417445435
2025-11-25,conditional_empirical_mean,67677.734333397748,68186.587714644658,1490.8351621480665
2025-11-25,empirical_Q80,66165.440807424748,66131.506532485451,436.64056524112686
2025-11-26,point_forecast,68583.619058562588,69027.131355876132,1563.7058756467941
2025-11-26,conditional_empirical_mean,68315.314713393716,68524.877463336554,1488.6932774381207
2025-11-26,empirical_Q80,66472.271763589568,66443.323065387012,370.72196191061983
2025-11-27,point_forecast,68223.915884104557,69144.766806287007,1414.2568154738017
2025-11-27,conditional_empirical_mean,68547.307813463136,68727.609529484733,1561.2362792371132
2025-11-27,empirical_Q80,66786.892355409873,66630.246953623544,399.79009959747009
2025-11-28,point_forecast,36146.336943906572,36789.275850765742,843.60609244047043
2025-11-28,conditional_empirical_mean,35798.262883628682,36550.795105793644,792.52483314517599
2025-11-28,empirical_Q80,35152.809979841411,35326.843275646861,170.04799294911558
2025-11-29,point_forecast,36008.488083475713,36873.695265280825,959.16459676297814
2025-11-29,conditional_empirical_mean,36007.516110333105,36690.003737114668,1014.0262824384669
2025-11-29,empirical_Q80,35516.355532255751,35437.950775481535,350.15912448831637
2025-11-30,point_forecast,74663.515592019772,70259.136771393823,2946.2980535827755
2025-11-30,conditional_empirical_mean,74519.903183275834,69816.440213594309,2865.1624835068965
2025-11-30,empirical_Q80,68418.785157619626,67613.201093602765,638.54947019150563
2025-12-01,point_forecast,94045.03132854373,70991.706557391168,7933.0392654894877
2025-12-01,conditional_empirical_mean,93736.172296207937,70527.732352782128,7832.693996892559
2025-12-01,empirical_Q80,84348.55340223026,68175.710172004052,4763.061640916696
2025-12-02,point_forecast,94409.195078483492,73951.271284471411,7276.9725367705969
2025-12-02,conditional_empirical_mean,93665.676395912276,73159.865245352572,7002.1960933566925
2025-12-02,empirical_Q80,83419.954276066812,70801.014713577431,3620.3907494788377
2025-12-03,point_forecast,83996.005656483714,76026.553514661544,5021.7306336249458
2025-12-03,conditional_empirical_mean,82468.229558110033,74831.123254972816,4494.6253642712927
2025-12-03,empirical_Q80,76572.522889252272,72472.850106035505,1967.1847524791044
2025-12-04,point_forecast,83001.187737352288,77126.666783540539,3988.0840727249029
2025-12-04,conditional_empirical_mean,81896.731238162029,75786.095434018673,3570.0598661806935
2025-12-04,empirical_Q80,77263.590843405516,73354.292406747481,1577.0104029265744
2025-12-05,point_forecast,46430.752848819757,40408.633521018142,3296.3219318433848
2025-12-05,conditional_empirical_mean,45390.878840062513,39734.31099263925,2902.2926542456039
2025-12-05,empirical_Q80,42173.476440115803,38339.319275932889,1526.5146646055593
2025-12-06,point_forecast,47972.470540080511,40797.317818523647,3672.8454845511051
2025-12-06,conditional_empirical_mean,46889.965090166792,39953.742191450401,3232.1604109810878
2025-12-06,empirical_Q80,42683.997089545715,38543.7973358788,1552.6608308759694
2025-12-07,point_forecast,84275.111989549347,78470.169133682546,4601.659506349506
2025-12-07,conditional_empirical_mean,82044.254828565405,76419.253753345285,3722.287243982119
2025-12-07,empirical_Q80,77849.94700721791,74111.807641577368,1703.9894709381565
2025-12-08,point_forecast,77400.493791172019,81520.111115679072,1738.6229358769526
2025-12-08,conditional_empirical_mean,75457.24278523594,79401.017531959063,1006.9330131773542
2025-12-08,empirical_Q80,75701.807240039401,77029.493124368208,192.09540734070157
2025-12-09,point_forecast,78076.029840931355,81763.14893424511,1653.2726771046887
2025-12-09,conditional_empirical_mean,77072.357846344676,79781.222208030304,1175.0818216142743
2025-12-09,empirical_Q80,76416.45825982833,77450.01664677127,259.83233930844085
2025-12-10,point_forecast,77720.25713524915,81659.561933556746,1851.2977040688402
2025-12-10,conditional_empirical_mean,76673.576289026794,79706.10302177399,1374.9961753204789
2025-12-10,empirical_Q80,75814.928683728707,77322.28403500584,190.8527884264611
2025-12-11,point_forecast,74367.837442248187,82009.630958139736,872.67697826985727
2025-12-11,conditional_empirical_mean,74490.002726904815,80068.318838746651,695.05987130592439
2025-12-11,empirical_Q80,76029.485667231798,77641.046196067313,176.58076186778783
2025-12-12,point_forecast,41211.526513696321,44241.877373265052,1100.7397216950264
2025-12-12,conditional_empirical_mean,40120.330570665305,43227.757672167725,671.93232181824942
2025-12-12,empirical_Q80,40542.399251291223,41656.239128924586,144.80932721990629
2025-12-13,point_forecast,41434.159091295063,44134.700736109808,1168.364485266015
2025-12-13,conditional_empirical_mean,40323.662253060094,43079.204555679855,760.00350884010936
2025-12-13,empirical_Q80,40269.155432560321,41491.520908402323,117.18928120799751
2025-12-14,point_forecast,78022.233724613892,81881.356725149541,1709.7434208249965
2025-12-14,conditional_empirical_mean,76671.647714362422,80132.266811612775,1155.6236217599535
2025-12-14,empirical_Q80,76496.557762486686,77657.604114854374,266.54678800341509
2025-12-15,point_forecast,78517.478380192653,82207.331555954675,1885.0326221128353
2025-12-15,conditional_empirical_mean,77293.842860989302,80520.625072896801,1391.7413283551389
2025-12-15,empirical_Q80,77034.123534738697,78083.966320270105,372.06596176895863
2025-12-16,point_forecast,77487.290689769812,82539.179231483984,1509.0184434986973
2025-12-16,conditional_empirical_mean,76354.624350181504,80797.620433051343,978.89962652115275
2025-12-16,empirical_Q80,76377.191981161304,78357.772665329685,98.88286782427889
2025-12-17,point_forecast,76887.386928654712,82548.797532965924,1311.9861380102648
2025-12-17,conditional_empirical_mean,75878.572748746505,80855.994554028264,823.38434589601047
2025-12-17,empirical_Q80,76925.368834741996,78444.87545807159,189.75974119530861
2025-12-18,point_forecast,77400.639030021572,82273.752964556639,1617.446457093909
2025-12-18,conditional_empirical_mean,75906.475490599943,80756.997054642488,1032.8482635847245
2025-12-18,empirical_Q80,76296.091728120693,78293.954915886439,141.30796531764156
2025-12-19,point_forecast,40931.963342390518,44738.174272239063,1001.2205640525649
2025-12-19,conditional_empirical_mean,40296.908035689528,43556.002022312772,653.42193525204607
2025-12-19,empirical_Q80,40658.124773426025,41977.592379091126,109.22932957973597
2025-12-20,point_forecast,41406.966598275074,44415.9947473758,1254.492778180515
2025-12-20,conditional_empirical_mean,40678.126683883049,43244.054381510286,833.85889982251342
2025-12-20,empirical_Q80,40236.815334286192,41711.785225088781,106.41352042589074
2025-12-21,point_forecast,78734.161364971849,81863.847484321974,2074.4666661991178
2025-12-21,conditional_empirical_mean,77480.394858531203,80396.232386599237,1550.1371095079364
2025-12-21,empirical_Q80,77334.255593859241,77912.954194321035,522.52262456205233
2025-12-22,point_forecast,77604.351338210865,82210.990776966864,1570.5161121824412
2025-12-22,conditional_empirical_mean,76417.685428603523,80745.389833276029,1047.8850878914341
2025-12-22,empirical_Q80,76873.198380971298,78315.867270208269,260.57154879136408
2025-12-23,point_forecast,74917.637857654248,82138.532329509908,839.83428647613187
2025-12-23,conditional_empirical_mean,74352.240118523885,80617.924942352154,499.61763918153991
2025-12-23,empirical_Q80,76266.769432986592,78256.249418542851,89.644774513601647
2025-12-24,point_forecast,77089.106106855877,81534.776337620133,1448.792761334232
2025-12-24,conditional_empirical_mean,75604.667493237313,80113.455208165542,937.14317740761498
2025-12-24,empirical_Q80,75807.994769325262,77741.584241045755,125.49345980719011
2025-12-25,point_forecast,76449.131638447667,81368.443727664315,1509.6784480095071
2025-12-25,conditional_empirical_mean,75824.300251563458,79928.111279176082,1196.9927354335728
2025-12-25,empirical_Q80,76191.776826732937,77570.732716242244,276.43881507639924
2025-12-26,point_forecast,40724.083999101131,44173.94017076723,1057.8385000021638
2025-12-26,conditional_empirical_mean,40093.287866077429,42934.482249268389,717.15202085126907
2025-12-26,empirical_Q80,40252.070120277902,41505.248986086284,131.52483570187221
2025-12-27,point_forecast,41593.220824386539,43783.506546152617,1280.7300801690137
2025-12-27,conditional_empirical_mean,40480.833614961419,42517.837689664215,861.50639716413139
2025-12-27,empirical_Q80,40051.447151331267,41068.427268416912,192.01427022249612
2025-12-28,point_forecast,76645.427758209247,80647.270062850337,1629.463777916937
2025-12-28,conditional_empirical_mean,75353.487260813214,79207.038884775684,1138.6142854982158
2025-12-28,empirical_Q80,75704.838039086928,76882.799649380337,250.46092287805538
2025-12-29,point_forecast,75972.259402154523,80591.014400143657,1411.7061263372912
2025-12-29,conditional_empirical_mean,75006.001350010949,79272.645384196585,1065.2855506227352
2025-12-29,empirical_Q80,75469.499737360922,77016.169332578051,215.29681838917389
2025-12-30,point_forecast,74989.4053023913,79344.391162188345,1185.9965116331127
2025-12-30,conditional_empirical_mean,74232.185665373079,78351.168942677643,933.28385305909956
2025-12-30,empirical_Q80,74350.666429518809,76158.264665358773,116.89615336652483
2025-12-31,point_forecast,79099.525152199654,78280.860164487938,2266.8243326939009
2025-12-31,conditional_empirical_mean,79289.041000060097,77601.271607645584,2345.157630462948
2025-12-31,empirical_Q80,75676.279588401667,75440.852124952537,658.16565008632665
