step,grid,charge_cap,discharge_cap,soc_reserve_kwh,role
0,699.42766739119372,833.33333333333326,833.33333333333326,2954.4968826552063,first_day_frozen
1,1349.6323549939605,833.33333333333326,833.33333333333326,2945.3777158194266,first_day_frozen
2,663.03845692496918,833.33333333333326,833.33333333333326,2925.7060324095683,first_day_frozen
3,677.88460135573314,833.33333333333326,833.33333333333326,2913.600377232819,first_day_frozen
4,607.66075367786186,833.33333333333326,2.9552040443392187,2943.605555520709,first_day_frozen
5,586.60207641982095,833.33333333333326,0,2981.3392215392628,first_day_frozen
6,606.57925559406453,833.33333333333326,0.28077482052287456,2980.4763541437883,first_day_frozen
7,635.27794084265349,833.33333333333326,0,3028.1430699428847,first_day_frozen
8,644.11952584145354,833.33333333333326,0,3048.8983885860739,first_day_frozen
9,646.8749973763521,833.33333333333326,43.209183545418142,3039.3764997433041,first_day_frozen
10,605.44792835168823,833.33333333333326,0.064931762436747406,3039.4580464262108,first_day_frozen
11,604.7783884974566,833.33333333333326,0.013020310130008244,3030.2617113703741,first_day_frozen
12,614.14600602566054,833.33333333333326,1.4269302172523761,3029.1879062941935,first_day_frozen
13,632.56003682679022,833.33333333333326,93.349772355956105,3046.439592867373,first_day_frozen
14,678.30075826494249,833.33333333333326,109.21811868784047,3047.9649356082095,first_day_frozen
15,655.14769321906726,833.33333333333326,93.847809513984288,3037.5339492223088,first_day_frozen
16,646.15406457573158,833.33333333333326,59.814485129216806,3057.7116954246671,first_day_frozen
17,631.44847276976361,833.33333333333326,0,3058.8774609835714,first_day_frozen
18,623.3028753247645,833.33333333333326,0,3048.3631332667796,first_day_frozen
19,614.45313286735893,833.33333333333326,25.129151570412994,3071.456565332096,first_day_frozen
20,616.54987167739375,833.33333333333326,66.098167145111518,3081.8590446862136,first_day_frozen
21,630.98354838049386,833.33333333333326,20.758841019234289,3070.2201050129906,first_day_frozen
22,623.31168262682343,833.33333333333326,22.727442757777993,3063.5601785307199,first_day_frozen
23,617.30745514274452,833.33333333333326,30.887116092452516,3056.9350482529771,first_day_frozen
24,619.0825152810944,833.33333333333326,0,3053.4668274834075,first_day_frozen
25,619.10379961441083,833.33333333333326,23.210602026228116,3030.6122730865118,first_day_frozen
26,628.10022981001885,833.33333333333326,46.783366781176255,3023.8022486583327,first_day_frozen
27,607.70088589031786,833.33333333333326,35.763544724004412,3009.4656848906325,first_day_frozen
28,612.48865169677822,833.33333333333326,48.603999780447069,3034.1066960598791,first_day_frozen
29,601.44101585904764,833.33333333333326,70.835000552173739,3049.7503475241429,first_day_frozen
30,613.40107552378083,833.33333333333326,67.369063332839843,3031.9338231959273,first_day_frozen
31,646.75258291829482,833.33333333333326,18.037586293896823,3020.6235137099193,first_day_frozen
32,651.39592795302337,833.33333333333326,34.182219198939222,3006.5781875785592,first_day_frozen
33,1411.5151508222741,833.33333333333326,0,2986.2685406851888,first_day_frozen
34,683.07096302983871,833.33333333333326,72.771331554375621,3005.8225461876591,first_day_frozen
35,362.31378366517072,833.33333333333326,738.24219388584652,3024.4390199666254,first_day_frozen
36,222.72151125456867,833.33333333333326,833.33333333333326,3049.2976267005265,first_day_frozen
37,804.67782083490147,833.33333333333326,48.3061547691035,3060.1806659785479,first_day_frozen
38,790.99477315218769,833.33333333333326,69.233453086823374,3013.6954038510198,first_day_frozen
39,815.20633287142368,833.33333333333326,54.549484261078042,3029.4570852813436,first_day_frozen
40,837.71985079300794,833.33333333333326,79.747927506513562,2999.2539702190402,first_day_frozen
41,806.1059409884964,833.33333333333326,28.692951205310504,2977.2656092178872,first_day_frozen
42,748.78779430506177,833.33333333333326,38.931912034390834,2933.4316573630495,first_day_frozen
43,733.07261865994224,833.33333333333326,37.48603454799057,2942.9575639379118,first_day_frozen
44,768.52293370394455,833.33333333333326,22.436921634959802,2939.1864589824168,first_day_frozen
45,1343.6380513450163,833.33333333333326,0,2902.1511588950816,first_day_frozen
46,631.98326092752882,833.33333333333326,71.441705056727272,2882.7363588323624,first_day_frozen
47,54.987787476711766,833.33333333333326,833.33333333333326,2873.8217574146292,first_day_frozen
48,0,833.33333333333326,806.3477798611641,2891.5409332761155,first_day_frozen
49,0.0052046817063817448,833.33333333333326,762.63394282050251,2868.2672449389065,first_day_frozen
50,0.022740739951891457,833.33333333333326,723.15326845577738,2851.9640535942067,first_day_frozen
51,0.32341306611395104,833.33333333333326,675.82982436853092,2757.0059780294118,first_day_frozen
52,0.1597244396611823,833.33333333333326,617.65378017587079,2721.7069994750132,first_day_frozen
53,0.24288179708464103,833.33333333333326,556.66641788526408,2722.3714812136877,first_day_frozen
54,21.398222141824224,833.33333333333326,548.21761304595429,2662.9318811965036,first_day_frozen
55,67.712797472108264,833.33333333333326,526.3789576676096,2626.9028835878034,first_day_frozen
56,100.76946191625716,833.33333333333326,499.69923324875572,2551.1947219373278,first_day_frozen
57,138.07629962223666,833.33333333333326,493.11231120146567,2510.9259411663215,first_day_frozen
58,119.01537421308176,833.33333333333326,454.45705395033792,2478.0071255057569,first_day_frozen
59,93.866737527550697,833.33333333333326,381.23223057955011,2374.8699125722719,first_day_frozen
60,95.133511740397296,833.33333333333326,338.60652590606117,2303.0492535929143,first_day_frozen
61,97.284908761703292,833.33333333333326,315.86706720016093,2305.5997936816516,first_day_frozen
62,63.709224253836339,833.33333333333326,281.45471895354876,2253.2531093556545,first_day_frozen
63,0,833.33333333333326,250.04932800742273,2186.6611660385538,first_day_frozen
64,0,833.33333333333326,125.71737291668686,2142.4218446677783,first_day_frozen
65,200.23015503604714,833.33333333333326,0,2226.1192217336084,first_day_frozen
66,647.26590873133932,833.33333333333326,0,2060.2076194275328,first_day_frozen
67,548.05474502650111,833.33333333333326,0,2042.965590678858,first_day_frozen
68,587.29241038230998,833.33333333333326,0,1964.3920280428651,first_day_frozen
69,591.96969261785796,833.33333333333326,0,1831.6811358119173,first_day_frozen
70,574.61956230309897,833.33333333333326,0,1745.0830082596233,first_day_frozen
71,665.08393045898379,833.33333333333326,0,1696.7812494544808,first_day_frozen
72,621.71226367880297,833.33333333333326,0,1575.557865295315,first_day_frozen
73,617.33876838745232,833.33333333333326,0,1435.5549389971998,first_day_frozen
74,640.72324495247085,833.33333333333326,0,1440.5023699498879,first_day_frozen
75,684.55514437075021,833.33333333333326,0,1482.0314345504084,first_day_frozen
76,0,833.33333333333326,0,1438.0808841383107,first_day_frozen
77,0,833.33333333333326,32.676194785078835,1379.7796761835807,first_day_frozen
78,0,833.33333333333326,109.74815896725953,1284.6907403927173,first_day_frozen
79,0,833.33333333333326,148.2362893833799,1225.4230749090218,first_day_frozen
80,0,833.33333333333326,116.92176844735454,1194.7503277925732,first_day_frozen
81,0,833.33333333333326,96.823467929547149,1123.6517816297026,first_day_frozen
82,0.013471947118388155,833.33333333333326,95.136970850238896,1082.5218165147287,first_day_frozen
83,0.03935027048151421,833.33333333333326,127.44176667143853,1075.5340310517324,first_day_frozen
84,0.035317461048310086,833.33333333333326,211.26648637169814,1040.7663362964408,first_day_frozen
85,0,833.33333333333326,258.59333716158017,962.16899088412208,first_day_frozen
86,0,833.33333333333326,282.02861132711143,902.76725764814546,first_day_frozen
87,0,833.33333333333326,368.94501065880684,845.27341462118761,first_day_frozen
88,0.021396560714852318,833.33333333333326,421.04887203945214,761.0102411880589,first_day_frozen
89,1189.7506306618218,833.33333333333326,0,743.98154275694185,first_day_frozen
90,1200.652315869557,833.33333333333326,0,716.91910696438231,first_day_frozen
91,825.81877090581327,833.33333333333326,0,635.14580898796328,first_day_frozen
92,530.92413862590695,833.33333333333326,0,599.99993908417764,first_day_frozen
93,567.78253639584238,833.33333333333326,2.8147143506430203,555.45302865683902,first_day_frozen
94,636.29181693757505,833.33333333333326,20.622857692917098,522.46816725855115,first_day_frozen
95,700.98986982057454,833.33333333333326,5.6266852031594636,488.36553492900401,first_day_frozen
96,718.39694481719732,833.33333333333326,31.129672652011042,430.19334142088053,first_day_frozen
97,748.3069396738324,833.33333333333326,37.09310430239141,403.36969067972012,first_day_frozen
98,822.57966418854483,833.33333333333326,48.990886291347749,373.0022350177008,first_day_frozen
99,892.81643130422628,833.33333333333326,14.930516934483306,365.8638355506335,first_day_frozen
100,959.16164681438454,833.33333333333326,1.4234025303432634,326.3988252207389,first_day_frozen
101,991.7763635923726,833.33333333333326,0.44474862284075223,308.32034325016423,first_day_frozen
102,1041.931964853921,833.33333333333326,4.8355050799155617,287.7167696300275,first_day_frozen
103,1038.4129285395213,833.33333333333326,0.28876828297669077,277.31679139538642,first_day_frozen
104,1046.1368696196553,833.33333333333326,0,253.20670768216223,first_day_frozen
105,1068.7195175748006,833.33333333333326,0,232.92231342520472,first_day_frozen
106,941.29247380631261,833.33333333333326,17.919429995367423,205.42467752753319,first_day_frozen
107,684.47131187773277,833.33333333333326,97.753889928930406,199.87047027119633,first_day_frozen
108,721.1004604743448,833.33333333333326,50.194271932124956,209.45493087975348,first_day_frozen
109,735.65430593474514,833.33333333333326,30.576821124665607,208.27066716384638,first_day_frozen
110,716.3708964177107,833.33333333333326,32.402412506054155,207.80672342405211,first_day_frozen
111,744.83093324616948,833.33333333333326,10.64853969634548,198.23933277333091,first_day_frozen
112,458.16176771133064,833.33333333333326,290.39671665053874,202.75563733643256,first_day_frozen
113,0.018768128319878612,833.33333333333326,820.51556149527107,211.06737140295311,first_day_frozen
114,0.0096705000842263016,833.33333333333326,825.79358690636559,212.11268328439729,first_day_frozen
115,0.015415769612698495,833.33333333333326,831.26045172535862,196.60919654478775,first_day_frozen
116,0.76850122494279249,833.33333333333326,833.01257221782919,192.59978887342203,first_day_frozen
117,0.018062476122757451,833.33333333333326,833.33333333333326,180.23078977500464,first_day_frozen
118,0.037739747791555769,833.33333333333326,832.61726410395136,178.57171510112832,first_day_frozen
119,0.014567061884178086,833.33333333333326,833.33333333333326,184.97988876466852,first_day_frozen
120,0.01206576456699085,833.33333333333326,819.46432151767999,188.61090023510863,first_day_frozen
121,0.0092059878419915933,833.33333333333326,762.64912046306483,174.13126515007289,first_day_frozen
122,0.031037703060197729,833.33333333333326,833.33333333333326,168.89234737817728,first_day_frozen
123,0.0071228087310730567,833.33333333333326,815.76962507315977,167.98197676606276,first_day_frozen
124,678.2234516367605,833.33333333333326,69.167603037002181,171.21030367768725,first_day_frozen
125,743.03799825710325,833.33333333333326,42.584470636296935,163.090884998441,first_day_frozen
126,728.30952268528722,833.33333333333326,71.311112865997458,162.65319039477421,first_day_frozen
127,721.63318607420433,833.33333333333326,58.47982668815731,154.34985886044382,first_day_frozen
128,729.21513557731271,833.33333333333326,59.158167419803902,151.17602754700192,first_day_frozen
129,725.77981849124581,833.33333333333326,81.612399884794499,141.32971080942463,first_day_frozen
130,665.14454144535421,833.33333333333326,64.552757077101276,142.52307711652824,first_day_frozen
131,1376.1501577472195,833.33333333333326,0,131.27516194676596,first_day_frozen
132,1407.8126185895774,833.33333333333326,0,132.17019095573073,first_day_frozen
133,599.58683116631937,833.33333333333326,0,126.57608460203889,first_day_frozen
134,1359.4629800624257,833.33333333333326,0,126.47213578327612,first_day_frozen
135,1338.4803898786474,833.33333333333326,0,113.40573637284157,first_day_frozen
136,1337.4995620041282,833.33333333333326,0,109.41664640312898,first_day_frozen
137,1370.8462592801282,833.33333333333326,0,97.881655392888916,first_day_frozen
138,572.6671231496432,833.33333333333326,0,87.674793148043875,first_day_frozen
139,1388.9392258180874,833.33333333333326,0,78.183037651377617,first_day_frozen
140,1382.1933282730408,833.33333333333326,0,72.37524318168046,first_day_frozen
141,1351.8883968566472,833.33333333333326,0,65.413395898495025,first_day_frozen
142,563.93956892289589,833.33333333333326,0,52.832060241804541,first_day_frozen
143,587.38365402357545,833.33333333333326,0,23.677995691575518,first_day_frozen
144,585.28385550418204,833.33333333333326,0,0,open_loop_proxy_only
145,1137.3496634246992,833.33333333333326,0,0,open_loop_proxy_only
146,610.95316681190457,833.33333333333326,1.0336097399579076,0,open_loop_proxy_only
147,710.07393061857169,833.33333333333326,0.43973283337865654,0,open_loop_proxy_only
148,752.75545036568201,833.33333333333326,0.44375435993939755,0,open_loop_proxy_only
149,744.23561298647576,833.33333333333326,2.2499557451400309,0,open_loop_proxy_only
150,589.2309044128184,833.33333333333326,10.011456017621168,0,open_loop_proxy_only
151,603.10546505153286,833.33333333333326,12.728531335443881,0,open_loop_proxy_only
152,696.47852748072933,833.33333333333326,0.41158214745348104,0,open_loop_proxy_only
153,649.19984199517364,833.33333333333326,0.4306560350858436,0,open_loop_proxy_only
154,618.36120368994727,833.33333333333326,0,0,open_loop_proxy_only
155,604.8289099974462,833.33333333333326,3.8301646722090568,0,open_loop_proxy_only
156,698.47741484550227,833.33333333333326,0.9371474927276332,0,open_loop_proxy_only
157,610.58099282812066,833.33333333333326,0,0,open_loop_proxy_only
158,622.05018286280495,833.33333333333326,0.45242137776344893,0,open_loop_proxy_only
159,631.34066552134232,833.33333333333326,0,0,open_loop_proxy_only
160,636.50083618790177,833.33333333333326,0,0,open_loop_proxy_only
161,632.66715983175152,833.33333333333326,26.398653333923782,0,open_loop_proxy_only
162,629.5422556479881,833.33333333333326,0,0,open_loop_proxy_only
163,645.71121304843143,833.33333333333326,2.4254004259045838,0,open_loop_proxy_only
164,653.8436763000293,833.33333333333326,27.016227862559276,0,open_loop_proxy_only
165,653.29582076539089,833.33333333333326,8.6330140211292576,0,open_loop_proxy_only
166,646.50204686101893,833.33333333333326,5.2731886033826987,0,open_loop_proxy_only
167,641.7755408011451,833.33333333333326,9.8796747387823469,0,open_loop_proxy_only
168,631.24127959066436,833.33333333333326,0.32138005540952552,0,open_loop_proxy_only
169,616.79453499214299,833.33333333333326,0,0,open_loop_proxy_only
170,620.53574960706044,833.33333333333326,0,0,open_loop_proxy_only
171,611.27491026155826,833.33333333333326,0.053161880598181901,0,open_loop_proxy_only
172,610.68791061114746,833.33333333333326,1.2754308744279939,0,open_loop_proxy_only
173,647.14421710893157,833.33333333333326,0.93799683567044256,0,open_loop_proxy_only
174,644.64370419291549,833.33333333333326,29.922200504649481,0,open_loop_proxy_only
175,656.37697115057506,833.33333333333326,46.197242715530258,0,open_loop_proxy_only
176,670.61294470345126,833.33333333333326,0,0,open_loop_proxy_only
177,1409.4619102868817,833.33333333333326,0,0,open_loop_proxy_only
178,700.72879991695459,833.33333333333326,56.517771600180801,0,open_loop_proxy_only
179,163.74116915819059,833.33333333333326,698.08682900289011,0,open_loop_proxy_only
180,30.018107695076601,833.33333333333326,833.27238869895064,0,open_loop_proxy_only
181,782.64786628258719,833.33333333333326,74.45342280463683,0,open_loop_proxy_only
182,779.57174032180285,833.33333333333326,61.137325084084807,0,open_loop_proxy_only
183,797.91251214667943,833.33333333333326,72.213693171770885,0,open_loop_proxy_only
184,790.16702805870227,833.33333333333326,86.439005205314544,0,open_loop_proxy_only
185,759.33492906155163,833.33333333333326,34.762482139817287,0,open_loop_proxy_only
186,722.15939539989836,833.33333333333326,17.96074333615994,0,open_loop_proxy_only
187,699.44949198095844,833.33333333333326,0.14158740192262206,0,open_loop_proxy_only
188,659.0657942404174,833.33333333333326,0,0,open_loop_proxy_only
189,1347.1966220210134,833.33333333333326,0,0,open_loop_proxy_only
190,599.76205153213232,833.33333333333326,84.781783345695061,0,open_loop_proxy_only
191,18.452068037031996,833.33333333333326,833.33333333333326,0,open_loop_proxy_only
192,0,833.33333333333326,833.33333333333326,0,open_loop_proxy_only
193,0,833.33333333333326,768.67655129559535,0,open_loop_proxy_only
194,0,833.33333333333326,713.81817478316566,0,open_loop_proxy_only
195,0,833.33333333333326,712.07922288851387,0,open_loop_proxy_only
196,0,833.33333333333326,643.6031284199596,0,open_loop_proxy_only
197,0,833.33333333333326,570.1129225162673,0,open_loop_proxy_only
198,0.046109606266642927,833.33333333333326,575.28368581419988,0,open_loop_proxy_only
199,0.12178227007284131,833.33333333333326,526.58380662450668,0,open_loop_proxy_only
200,0.18358581835066748,833.33333333333326,446.26884213664493,0,open_loop_proxy_only
201,0.24712128829183522,833.33333333333326,418.63759496640057,0,open_loop_proxy_only
202,0.21780966572755295,833.33333333333326,376.13928335284885,0,open_loop_proxy_only
203,0.10699643334697707,833.33333333333326,317.93859454896494,0,open_loop_proxy_only
204,0.12258877025788831,833.33333333333326,282.85030534453483,0,open_loop_proxy_only
205,0.08898986649381023,833.33333333333326,248.48142715868175,0,open_loop_proxy_only
206,0.21924717458812698,833.33333333333326,204.69813579937559,0,open_loop_proxy_only
207,0.035150961060863559,833.33333333333326,153.67821354458147,0,open_loop_proxy_only
208,0.03072796076069665,833.33333333333326,109.30190364705049,0,open_loop_proxy_only
209,612.77513336576737,833.33333333333326,0,0,open_loop_proxy_only
210,616.05393317063579,833.33333333333326,0,0,open_loop_proxy_only
211,617.69816468501608,833.33333333333326,0,0,open_loop_proxy_only
212,571.70024719925857,833.33333333333326,0,0,open_loop_proxy_only
213,545.2699284040101,833.33333333333326,0,0,open_loop_proxy_only
214,668.49522030677122,833.33333333333326,0,0,open_loop_proxy_only
215,716.68796717407247,833.33333333333326,0,0,open_loop_proxy_only
216,778.61157847672439,833.33333333333326,0,0,open_loop_proxy_only
217,746.69452222101245,833.33333333333326,0,0,open_loop_proxy_only
218,750.25309339055889,833.33333333333326,0,0,open_loop_proxy_only
219,815.42117832938607,833.33333333333326,0,0,open_loop_proxy_only
220,456.98723543234576,833.33333333333326,0,0,open_loop_proxy_only
221,0,833.33333333333326,0,0,open_loop_proxy_only
222,0.071615392498799474,833.33333333333326,9.3422260511815036,0,open_loop_proxy_only
223,11.225494639623252,833.33333333333326,3.8096245505422806,0,open_loop_proxy_only
224,10.077598785453249,833.33333333333326,52.673009273450951,0,open_loop_proxy_only
225,13.6825150950742,833.33333333333326,34.241534254638836,0,open_loop_proxy_only
226,0,833.33333333333326,165.22426954724423,0,open_loop_proxy_only
227,0,833.33333333333326,127.89295482766109,0,open_loop_proxy_only
228,0,833.33333333333326,170.76789298788179,0,open_loop_proxy_only
229,4.6349305915257517,833.33333333333326,179.4483792802119,0,open_loop_proxy_only
230,7.5393669202701501,833.33333333333326,268.16471068241054,0,open_loop_proxy_only
231,0,833.33333333333326,351.42611874848689,0,open_loop_proxy_only
232,0,833.33333333333326,390.47251912462593,0,open_loop_proxy_only
233,1212.3771776582028,833.33333333333326,0,0,open_loop_proxy_only
234,1250.6521639532396,833.33333333333326,0,0,open_loop_proxy_only
235,833.02010899464085,833.33333333333326,0,0,open_loop_proxy_only
236,535.06004148499778,833.33333333333326,0,0,open_loop_proxy_only
237,580.06520353342034,833.33333333333326,0,0,open_loop_proxy_only
238,647.81988649339496,833.33333333333326,1.6698580738263693,0,open_loop_proxy_only
239,716.01022551487029,833.33333333333326,23.961572883799551,0,open_loop_proxy_only
240,754.06972968760022,833.33333333333326,6.0723063417739969,0,open_loop_proxy_only
241,789.47751647009227,833.33333333333326,17.485180770176733,0,open_loop_proxy_only
242,816.41422142929923,833.33333333333326,57.564587901775269,0,open_loop_proxy_only
243,921.72598181164688,833.33333333333326,10.836575007989534,0,open_loop_proxy_only
244,960.59432408916609,833.33333333333326,3.168631602541581,0,open_loop_proxy_only
245,992.05859539105177,833.33333333333326,0.45933646204078266,0,open_loop_proxy_only
246,1006.2267779138874,833.33333333333326,43.241281021764721,0,open_loop_proxy_only
247,1042.611099854138,833.33333333333326,0,0,open_loop_proxy_only
248,1029.9236890001882,833.33333333333326,0,0,open_loop_proxy_only
249,1073.2045006052151,833.33333333333326,0,0,open_loop_proxy_only
250,941.02987897644789,833.33333333333326,24.318857190301035,0,open_loop_proxy_only
251,678.84460807746063,833.33333333333326,102.8948744466186,0,open_loop_proxy_only
252,710.14937665013667,833.33333333333326,39.284940691498875,0,open_loop_proxy_only
253,735.19406664311703,833.33333333333326,28.525592594644387,0,open_loop_proxy_only
254,720.07599201408198,833.33333333333326,49.00648166826565,0,open_loop_proxy_only
255,725.04932157878773,833.33333333333326,26.184024114449294,0,open_loop_proxy_only
256,371.98184971070356,833.33333333333326,389.28304242437332,0,open_loop_proxy_only
257,0,833.33333333333326,832.27283935105652,0,open_loop_proxy_only
258,0,833.33333333333326,801.55134291408979,0,open_loop_proxy_only
259,0,833.33333333333326,810.92905796548575,0,open_loop_proxy_only
260,0,833.33333333333326,833.27238173411206,0,open_loop_proxy_only
261,0,833.33333333333326,804.21911926213238,0,open_loop_proxy_only
262,0,833.33333333333326,832.61244705525121,0,open_loop_proxy_only
263,0,833.33333333333326,832.94734511538036,0,open_loop_proxy_only
264,0,833.33333333333326,833.33333333333326,0,open_loop_proxy_only
265,0,833.33333333333326,770.78081360056308,0,open_loop_proxy_only
266,0,833.33333333333326,833.33333333333326,0,open_loop_proxy_only
267,0,833.33333333333326,833.33333333333326,0,open_loop_proxy_only
268,663.9188521736437,833.33333333333326,86.095732124500088,0,open_loop_proxy_only
269,745.40374703503085,833.33333333333326,61.295715989346476,0,open_loop_proxy_only
270,727.69216511354716,833.33333333333326,78.951517030340824,0,open_loop_proxy_only
271,702.96044178058401,833.33333333333326,78.807435376501658,0,open_loop_proxy_only
272,721.71025687579402,833.33333333333326,79.669885759755005,0,open_loop_proxy_only
273,758.41631124924413,833.33333333333326,109.27621206035084,0,open_loop_proxy_only
274,708.80336209152824,833.33333333333326,48.760339112813575,0,open_loop_proxy_only
275,1277.397412558362,833.33333333333326,0,0,open_loop_proxy_only
276,1340.8238997167034,833.33333333333326,0,0,open_loop_proxy_only
277,596.46308840507868,833.33333333333326,0,0,open_loop_proxy_only
278,1302.57642976739,833.33333333333326,0,0,open_loop_proxy_only
279,1320.9353394818763,833.33333333333326,0,0,open_loop_proxy_only
280,895.87365204345792,833.33333333333326,0,0,open_loop_proxy_only
281,1335.2641843235867,833.33333333333326,0,0,open_loop_proxy_only
282,602.22087204279262,833.33333333333326,1.1628786005012057,0,open_loop_proxy_only
283,1363.6571511925324,833.33333333333326,0,0,open_loop_proxy_only
284,1377.116587805963,833.33333333333326,0,0,open_loop_proxy_only
285,1366.8493973814866,833.33333333333326,0,0,open_loop_proxy_only
286,548.57601723057087,833.33333333333326,0,0,open_loop_proxy_only
287,474.23291228846472,833.33333333333326,0,0,open_loop_proxy_only
288,430.47579009576901,833.33333333333326,6.5458622124473766,0,open_loop_proxy_only
289,495.04704640758177,833.33333333333326,0,0,open_loop_proxy_only
290,455.60945512000308,833.33333333333326,0.01304486790984798,0,open_loop_proxy_only
291,454.53697676118537,833.33333333333326,0,0,open_loop_proxy_only
292,431.44054352943908,833.33333333333326,0,0,open_loop_proxy_only
293,435.21999124373389,833.33333333333326,0,0,open_loop_proxy_only
294,449.46665693599948,833.33333333333326,0,0,open_loop_proxy_only
295,465.22107182541311,833.33333333333326,0,0,open_loop_proxy_only
296,466.29155564782241,833.33333333333326,0,0,open_loop_proxy_only
297,461.39012170542293,833.33333333333326,0,0,open_loop_proxy_only
298,459.06055593304393,833.33333333333326,0,0,open_loop_proxy_only
299,455.36222789256976,833.33333333333326,0.29753163270354838,0,open_loop_proxy_only
300,454.21644486150359,833.33333333333326,0,0,open_loop_proxy_only
301,460.71100288591492,833.33333333333326,0,0,open_loop_proxy_only
302,453.41522695501328,833.33333333333326,0,0,open_loop_proxy_only
303,472.71260351529321,833.33333333333326,0,0,open_loop_proxy_only
304,467.30188190834753,833.33333333333326,0,0,open_loop_proxy_only
305,464.77288713512513,833.33333333333326,0.98498111046092851,0,open_loop_proxy_only
306,458.66421009279355,833.33333333333326,2.1413297478767195,0,open_loop_proxy_only
307,461.15081420303017,833.33333333333326,0,0,open_loop_proxy_only
308,474.70397214627729,833.33333333333326,65.302204245945973,0,open_loop_proxy_only
309,471.6484784468679,833.33333333333326,0.12440718575995799,0,open_loop_proxy_only
310,468.38978740991035,833.33333333333326,7.6139171133934136,0,open_loop_proxy_only
311,462.3162582042753,833.33333333333326,0.097930033057526428,0,open_loop_proxy_only
312,450.42148519618985,833.33333333333326,0,0,open_loop_proxy_only
313,465.73120678126628,833.33333333333326,0,0,open_loop_proxy_only
314,445.97594898242926,833.33333333333326,51.788776886717002,0,open_loop_proxy_only
315,471.40219942781982,833.33333333333326,8.8557088795351131,0,open_loop_proxy_only
316,457.8547634878903,833.33333333333326,0.055347794424343802,0,open_loop_proxy_only
317,457.61282195881682,833.33333333333326,29.764069919724584,0,open_loop_proxy_only
318,477.93362128625614,833.33333333333326,25.125197267544877,0,open_loop_proxy_only
319,484.44132182372806,833.33333333333326,0,0,open_loop_proxy_only
320,508.34355765467075,833.33333333333326,0.072960267781842197,0,open_loop_proxy_only
321,1251.5223100495925,833.33333333333326,0,0,open_loop_proxy_only
322,0,833.33333333333326,507.99613430764066,0,open_loop_proxy_only
323,0,833.33333333333326,534.39395071696094,0,open_loop_proxy_only
324,0,833.33333333333326,531.36707936672394,0,open_loop_proxy_only
325,0,833.33333333333326,566.32931825402966,0,open_loop_proxy_only
326,0,833.33333333333326,601.61229578231371,0,open_loop_proxy_only
327,0,833.33333333333326,522.64682162340637,0,open_loop_proxy_only
328,0,833.33333333333326,526.74898804700319,0,open_loop_proxy_only
329,0,833.33333333333326,569.7186596623884,0,open_loop_proxy_only
330,0,833.33333333333326,552.3388633099047,0,open_loop_proxy_only
331,0,833.33333333333326,476.61874554387907,0,open_loop_proxy_only
332,0,833.33333333333326,420.54339812797053,0,open_loop_proxy_only
333,0,833.33333333333326,378.68899212553436,0,open_loop_proxy_only
334,0,833.33333333333326,373.50974511037981,0,open_loop_proxy_only
335,0,833.33333333333326,327.46616626961293,0,open_loop_proxy_only
336,0,833.33333333333326,269.75771859408985,0,open_loop_proxy_only
337,0,833.33333333333326,245.00537142896707,0,open_loop_proxy_only
338,0,833.33333333333326,204.24200130869659,0,open_loop_proxy_only
339,0,833.33333333333326,189.68088809034853,0,open_loop_proxy_only
340,0,833.33333333333326,160.36266150731799,0,open_loop_proxy_only
341,0,833.33333333333326,140.10636917372571,0,open_loop_proxy_only
342,0,833.33333333333326,146.36395326623216,0,open_loop_proxy_only
343,0,833.33333333333326,98.652046024021018,0,open_loop_proxy_only
344,0,833.33333333333326,16.106032130066673,0,open_loop_proxy_only
345,0,833.33333333333326,0,0,open_loop_proxy_only
346,0,833.33333333333326,0,0,open_loop_proxy_only
347,0,833.33333333333326,0,0,open_loop_proxy_only
348,0,833.33333333333326,0,0,open_loop_proxy_only
349,0,833.33333333333326,0,0,open_loop_proxy_only
350,0,833.33333333333326,0,0,open_loop_proxy_only
351,0,833.33333333333326,0,0,open_loop_proxy_only
352,0,833.33333333333326,0,0,open_loop_proxy_only
353,0,833.33333333333326,0,0,open_loop_proxy_only
354,0,833.33333333333326,0,0,open_loop_proxy_only
355,0,833.33333333333326,0,0,open_loop_proxy_only
356,0,833.33333333333326,0,0,open_loop_proxy_only
357,0,833.33333333333326,0,0,open_loop_proxy_only
358,0,833.33333333333326,0,0,open_loop_proxy_only
359,0,833.33333333333326,0,0,open_loop_proxy_only
360,0,833.33333333333326,0,0,open_loop_proxy_only
361,0,833.33333333333326,0,0,open_loop_proxy_only
362,0,833.33333333333326,0,0,open_loop_proxy_only
363,0,833.33333333333326,0,0,open_loop_proxy_only
364,0,833.33333333333326,0,0,open_loop_proxy_only
365,0,833.33333333333326,0,0,open_loop_proxy_only
366,0,833.33333333333326,0,0,open_loop_proxy_only
367,0,833.33333333333326,0,0,open_loop_proxy_only
368,0,833.33333333333326,0,0,open_loop_proxy_only
369,0,833.33333333333326,0,0,open_loop_proxy_only
370,0,833.33333333333326,0,0,open_loop_proxy_only
371,0,833.33333333333326,0,0,open_loop_proxy_only
372,0,833.33333333333326,0,0,open_loop_proxy_only
373,0,833.33333333333326,0,0,open_loop_proxy_only
374,0,833.33333333333326,0,0,open_loop_proxy_only
375,0,833.33333333333326,0,0,open_loop_proxy_only
376,0,833.33333333333326,0,0,open_loop_proxy_only
377,0,833.33333333333326,0,0,open_loop_proxy_only
378,0,833.33333333333326,0.34053392395624121,0,open_loop_proxy_only
379,34.278772045431701,833.33333333333326,0.4482856607516324,0,open_loop_proxy_only
380,135.3427778801483,833.33333333333326,0.24171782713851228,0,open_loop_proxy_only
381,145.85796713580896,833.33333333333326,18.064064547916683,0,open_loop_proxy_only
382,205.16319608147975,833.33333333333326,4.6437001993068874,0,open_loop_proxy_only
383,279.89520707566379,833.33333333333326,0,0,open_loop_proxy_only
384,301.00478248099296,833.33333333333326,1.8930413633449836,0,open_loop_proxy_only
385,323.62976445706892,833.33333333333326,0.15006353212567203,0,open_loop_proxy_only
386,381.5573920060184,833.33333333333326,10.227363696025504,0,open_loop_proxy_only
387,430.46730385777425,833.33333333333326,22.697863881622222,0,open_loop_proxy_only
388,415.61501645733716,833.33333333333326,38.811189824985206,0,open_loop_proxy_only
389,393.5972786434312,833.33333333333326,47.234112589885292,0,open_loop_proxy_only
390,457.82841459689524,833.33333333333326,34.755176119107794,0,open_loop_proxy_only
391,491.74246981133865,833.33333333333326,0.72560330154537533,0,open_loop_proxy_only
392,473.82333263011134,833.33333333333326,17.507834628742081,0,open_loop_proxy_only
393,510.53005760835657,833.33333333333326,1.3546387552589023,0,open_loop_proxy_only
394,452.36539465154203,833.33333333333326,53.894479847317378,0,open_loop_proxy_only
395,0,833.33333333333326,509.67475814042575,0,open_loop_proxy_only
396,0,833.33333333333326,566.91728137173232,0,open_loop_proxy_only
397,0,833.33333333333326,506.93989124334661,0,open_loop_proxy_only
398,0,833.33333333333326,482.91480606498089,0,open_loop_proxy_only
399,0,833.33333333333326,515.42328174176248,0,open_loop_proxy_only
400,0,833.33333333333326,518.08127832762113,0,open_loop_proxy_only
401,0,833.33333333333326,597.46063657343473,0,open_loop_proxy_only
402,0,833.33333333333326,588.8429455406291,0,open_loop_proxy_only
403,0,833.33333333333326,541.65579084093554,0,open_loop_proxy_only
404,0,833.33333333333326,536.66004370093776,0,open_loop_proxy_only
405,0,833.33333333333326,599.57470755955239,0,open_loop_proxy_only
406,0,833.33333333333326,599.43495946616054,0,open_loop_proxy_only
407,0,833.33333333333326,569.93198992903717,0,open_loop_proxy_only
408,0,833.33333333333326,585.68760223306379,0,open_loop_proxy_only
409,0,833.33333333333326,577.11032673403156,0,open_loop_proxy_only
410,0,833.33333333333326,609.75837439862585,0,open_loop_proxy_only
411,0,833.33333333333326,609.5516187470738,0,open_loop_proxy_only
412,0,833.33333333333326,486.24082542912413,0,open_loop_proxy_only
413,475.22435748279531,833.33333333333326,57.085012834797737,0,open_loop_proxy_only
414,458.48485357399306,833.33333333333326,59.550920816102476,0,open_loop_proxy_only
415,451.52237932363937,833.33333333333326,50.152267985685171,0,open_loop_proxy_only
416,441.3324586855278,833.33333333333326,70.016786491126211,0,open_loop_proxy_only
417,436.53144217262201,833.33333333333326,90.118974467870899,0,open_loop_proxy_only
418,446.77719808213146,833.33333333333326,63.351778348399812,0,open_loop_proxy_only
419,461.15825861149159,833.33333333333326,26.498537862557118,0,open_loop_proxy_only
420,430.5878826091531,833.33333333333326,72.552143726921358,0,open_loop_proxy_only
421,425.60968383599391,833.33333333333326,67.551859911971519,0,open_loop_proxy_only
422,395.14874519197696,833.33333333333326,50.805620893686736,0,open_loop_proxy_only
423,382.40161956747193,833.33333333333326,48.007996586510608,0,open_loop_proxy_only
424,382.88128310369586,833.33333333333326,55.310635004319543,0,open_loop_proxy_only
425,392.22083593180662,833.33333333333326,68.850470826281722,0,open_loop_proxy_only
426,402.92589513239,833.33333333333326,44.2719174089357,0,open_loop_proxy_only
427,408.03367100375698,833.33333333333326,49.030003589997648,0,open_loop_proxy_only
428,397.35921803090088,833.33333333333326,67.308393097474919,0,open_loop_proxy_only
429,402.64219773210056,833.33333333333326,66.632020656894611,0,open_loop_proxy_only
430,386.29173802844139,833.33333333333326,74.083785051193331,0,open_loop_proxy_only
431,365.79535798949956,833.33333333333326,112.25430617355372,0,open_loop_proxy_only
